/*
Navicat MySQL Data Transfer

Source Server         : localhost_mysql57
Source Server Version : 50710
Source Host           : localhost:3307
Source Database       : zhglxt

Target Server Type    : MYSQL
Target Server Version : 50710
File Encoding         : 65001

Date: 2021-07-07
*/

SET FOREIGN_KEY_CHECKS=0;

-- ----------------------------
-- Table structure for act_evt_log
-- ----------------------------
DROP TABLE IF EXISTS `act_evt_log`;
CREATE TABLE `act_evt_log` (
  `LOG_NR_` bigint(20) NOT NULL AUTO_INCREMENT,
  `TYPE_` varchar(64) COLLATE utf8_bin DEFAULT NULL,
  `PROC_DEF_ID_` varchar(64) COLLATE utf8_bin DEFAULT NULL,
  `PROC_INST_ID_` varchar(64) COLLATE utf8_bin DEFAULT NULL,
  `EXECUTION_ID_` varchar(64) COLLATE utf8_bin DEFAULT NULL,
  `TASK_ID_` varchar(64) COLLATE utf8_bin DEFAULT NULL,
  `TIME_STAMP_` timestamp NOT NULL DEFAULT CURRENT_TIMESTAMP ON UPDATE CURRENT_TIMESTAMP,
  `USER_ID_` varchar(255) COLLATE utf8_bin DEFAULT NULL,
  `DATA_` longblob,
  `LOCK_OWNER_` varchar(255) COLLATE utf8_bin DEFAULT NULL,
  `LOCK_TIME_` timestamp NULL DEFAULT NULL,
  `IS_PROCESSED_` tinyint(4) DEFAULT '0',
  PRIMARY KEY (`LOG_NR_`)
) ENGINE=InnoDB DEFAULT CHARSET=utf8 COLLATE=utf8_bin;

-- ----------------------------
-- Records of act_evt_log
-- ----------------------------

-- ----------------------------
-- Table structure for act_ge_bytearray
-- ----------------------------
DROP TABLE IF EXISTS `act_ge_bytearray`;
CREATE TABLE `act_ge_bytearray` (
  `ID_` varchar(64) COLLATE utf8_bin NOT NULL DEFAULT '',
  `REV_` int(11) DEFAULT NULL,
  `NAME_` varchar(255) COLLATE utf8_bin DEFAULT NULL,
  `DEPLOYMENT_ID_` varchar(64) COLLATE utf8_bin DEFAULT NULL,
  `BYTES_` longblob,
  `GENERATED_` tinyint(4) DEFAULT NULL,
  PRIMARY KEY (`ID_`),
  KEY `ACT_FK_BYTEARR_DEPL` (`DEPLOYMENT_ID_`) USING BTREE,
  CONSTRAINT `act_ge_bytearray_ibfk_1` FOREIGN KEY (`DEPLOYMENT_ID_`) REFERENCES `act_re_deployment` (`ID_`)
) ENGINE=InnoDB DEFAULT CHARSET=utf8 COLLATE=utf8_bin;

-- ----------------------------
-- Records of act_ge_bytearray
-- ----------------------------
INSERT INTO `act_ge_bytearray` VALUES ('180002', '1', 'source', null, 0x7B226964223A2263616E766173222C227265736F757263654964223A2263616E766173222C2270726F70657274696573223A7B2270726F636573735F617574686F72223A22737973227D2C227374656E63696C736574223A7B226E616D657370616365223A22687474703A2F2F62336D6E2E6F72672F7374656E63696C7365742F62706D6E322E3023227D7D, null);
INSERT INTO `act_ge_bytearray` VALUES ('182506', '1', '请假审批流程.bpmn20.xml', '182505', 0x3C3F786D6C2076657273696F6E3D22312E302220656E636F64696E673D225554462D38223F3E0A3C646566696E6974696F6E7320786D6C6E733D22687474703A2F2F7777772E6F6D672E6F72672F737065632F42504D4E2F32303130303532342F4D4F44454C2220786D6C6E733A7873693D22687474703A2F2F7777772E77332E6F72672F323030312F584D4C536368656D612D696E7374616E63652220786D6C6E733A7873643D22687474703A2F2F7777772E77332E6F72672F323030312F584D4C536368656D612220786D6C6E733A61637469766974693D22687474703A2F2F61637469766974692E6F72672F62706D6E2220786D6C6E733A62706D6E64693D22687474703A2F2F7777772E6F6D672E6F72672F737065632F42504D4E2F32303130303532342F44492220786D6C6E733A6F6D6764633D22687474703A2F2F7777772E6F6D672E6F72672F737065632F44442F32303130303532342F44432220786D6C6E733A6F6D6764693D22687474703A2F2F7777772E6F6D672E6F72672F737065632F44442F32303130303532342F44492220747970654C616E67756167653D22687474703A2F2F7777772E77332E6F72672F323030312F584D4C536368656D61222065787072657373696F6E4C616E67756167653D22687474703A2F2F7777772E77332E6F72672F313939392F585061746822207461726765744E616D6573706163653D22687474703A2F2F7777772E61637469766974692E6F72672F70726F63657373646566223E0A20203C70726F636573732069643D226C6561766522206E616D653D22E8AFB7E58187E5AEA1E689B9E6B581E7A88B2220697345786563757461626C653D2274727565223E0A202020203C73746172744576656E742069643D22737461727422206E616D653D22E5BC80E5A78B222061637469766974693A696E69746961746F723D226170706C79222061637469766974693A666F726D4B65793D222F6F612F6C656176652F666F726D223E3C2F73746172744576656E743E0A202020203C757365725461736B2069643D2264657074417564697422206E616D653D22E983A8E997A8E7BB8FE79086222061637469766974693A61737369676E65653D2273797374656D222061637469766974693A63616E64696461746555736572733D2261646D696E222061637469766974693A63616E64696461746547726F7570733D226465707441646D696E223E3C2F757365725461736B3E0A202020203C6578636C7573697665476174657761792069643D226578636C75736976656761746577617931223E3C2F6578636C7573697665476174657761793E0A202020203C757365725461736B2069643D224852417564697422206E616D653D224852222061637469766974693A63616E64696461746547726F7570733D226872223E3C2F757365725461736B3E0A202020203C6578636C7573697665476174657761792069643D226578636C75736976656761746577617932223E3C2F6578636C7573697665476174657761793E0A202020203C6578636C7573697665476174657761792069643D226578636C75736976656761746577617933223E3C2F6578636C7573697665476174657761793E0A202020203C757365725461736B2069643D227869616F6A696122206E616D653D22E99480E58187222061637469766974693A61737369676E65653D22247B6170706C797D223E3C2F757365725461736B3E0A202020203C656E644576656E742069643D22656E6422206E616D653D22E7BB93E69D9F223E3C2F656E644576656E743E0A202020203C757365725461736B2069643D226D6F646966794170706C7922206E616D653D22E8B083E695B4E5AEA1E8AFB7222061637469766974693A61737369676E65653D22247B6170706C797D223E3C2F757365725461736B3E0A202020203C6578636C7573697665476174657761792069643D226578636C75736976656761746577617934223E3C2F6578636C7573697665476174657761793E0A202020203C757365725461736B2069643D2263656F417564697422206E616D653D22E680BBE7BB8FE79086222061637469766974693A63616E64696461746547726F7570733D2263656F223E3C2F757365725461736B3E0A202020203C6578636C7573697665476174657761792069643D226578636C75736976656761746577617935223E3C2F6578636C7573697665476174657761793E0A202020203C73657175656E6365466C6F772069643D22666C6F77312220736F757263655265663D22737461727422207461726765745265663D22646570744175646974223E3C2F73657175656E6365466C6F773E0A202020203C73657175656E6365466C6F772069643D22666C6F77322220736F757263655265663D2264657074417564697422207461726765745265663D226578636C75736976656761746577617931223E3C2F73657175656E6365466C6F773E0A202020203C73657175656E6365466C6F772069643D22666C6F77342220736F757263655265663D224852417564697422207461726765745265663D226578636C75736976656761746577617932223E3C2F73657175656E6365466C6F773E0A202020203C73657175656E6365466C6F772069643D22666C6F773322206E616D653D22E5908CE6848F2220736F757263655265663D226578636C7573697665676174657761793122207461726765745265663D2248524175646974223E0A2020202020203C636F6E646974696F6E45787072657373696F6E207873693A747970653D2274466F726D616C45787072657373696F6E223E3C215B43444154415B247B666C61673D3D2731277D5D5D3E3C2F636F6E646974696F6E45787072657373696F6E3E0A202020203C2F73657175656E6365466C6F773E0A202020203C73657175656E6365466C6F772069643D22666C6F773622206E616D653D22E5B08FE4BA8EE4B889E5A4A92220736F757263655265663D226578636C7573697665676174657761793322207461726765745265663D227869616F6A6961223E0A2020202020203C636F6E646974696F6E45787072657373696F6E207873693A747970653D2274466F726D616C45787072657373696F6E223E3C215B43444154415B247B6461793C337D5D5D3E3C2F636F6E646974696F6E45787072657373696F6E3E0A202020203C2F73657175656E6365466C6F773E0A202020203C73657175656E6365466C6F772069643D22666C6F77372220736F757263655265663D227869616F6A696122207461726765745265663D22656E64223E3C2F73657175656E6365466C6F773E0A202020203C73657175656E6365466C6F772069643D22666C6F773822206E616D653D22E4B88DE5908CE6848F2220736F757263655265663D226578636C7573697665676174657761793122207461726765745265663D226D6F646966794170706C79223E0A2020202020203C636F6E646974696F6E45787072657373696F6E207873693A747970653D2274466F726D616C45787072657373696F6E223E3C215B43444154415B247B666C61673D3D2730277D5D5D3E3C2F636F6E646974696F6E45787072657373696F6E3E0A202020203C2F73657175656E6365466C6F773E0A202020203C73657175656E6365466C6F772069643D22666C6F77392220736F757263655265663D226D6F646966794170706C7922207461726765745265663D226578636C75736976656761746577617934223E3C2F73657175656E6365466C6F773E0A202020203C73657175656E6365466C6F772069643D22666C6F77313022206E616D653D22E9878DE696B0E68F90E4BAA42220736F757263655265663D226578636C7573697665676174657761793422207461726765745265663D22646570744175646974223E0A2020202020203C636F6E646974696F6E45787072657373696F6E207873693A747970653D2274466F726D616C45787072657373696F6E223E3C215B43444154415B247B666C61673D3D2731277D5D5D3E3C2F636F6E646974696F6E45787072657373696F6E3E0A202020203C2F73657175656E6365466C6F773E0A202020203C73657175656E6365466C6F772069643D22666C6F7731342220736F757263655265663D2263656F417564697422207461726765745265663D226578636C75736976656761746577617935223E3C2F73657175656E6365466C6F773E0A202020203C73657175656E6365466C6F772069643D22666C6F77313222206E616D653D22E4B88DE5908CE6848F2220736F757263655265663D226578636C7573697665676174657761793222207461726765745265663D226D6F646966794170706C79223E0A2020202020203C636F6E646974696F6E45787072657373696F6E207873693A747970653D2274466F726D616C45787072657373696F6E223E3C215B43444154415B247B666C61673D3D2730277D5D5D3E3C2F636F6E646974696F6E45787072657373696F6E3E0A202020203C2F73657175656E6365466C6F773E0A202020203C73657175656E6365466C6F772069643D22666C6F77313622206E616D653D22E4B88DE5908CE6848F2220736F757263655265663D226578636C7573697665676174657761793522207461726765745265663D226D6F646966794170706C79223E0A2020202020203C636F6E646974696F6E45787072657373696F6E207873693A747970653D2274466F726D616C45787072657373696F6E223E3C215B43444154415B247B666C61673D3D2730277D5D5D3E3C2F636F6E646974696F6E45787072657373696F6E3E0A202020203C2F73657175656E6365466C6F773E0A202020203C73657175656E6365466C6F772069643D22666C6F77313522206E616D653D22E5908CE6848F2220736F757263655265663D226578636C7573697665676174657761793522207461726765745265663D227869616F6A6961223E0A2020202020203C636F6E646974696F6E45787072657373696F6E207873693A747970653D2274466F726D616C45787072657373696F6E223E3C215B43444154415B247B666C61673D3D2731277D5D5D3E3C2F636F6E646974696F6E45787072657373696F6E3E0A202020203C2F73657175656E6365466C6F773E0A202020203C73657175656E6365466C6F772069643D22666C6F773522206E616D653D22E5908CE6848F2220736F757263655265663D226578636C7573697665676174657761793222207461726765745265663D226578636C75736976656761746577617933223E0A2020202020203C636F6E646974696F6E45787072657373696F6E207873693A747970653D2274466F726D616C45787072657373696F6E223E3C215B43444154415B247B666C61673D3D2731277D5D5D3E3C2F636F6E646974696F6E45787072657373696F6E3E0A202020203C2F73657175656E6365466C6F773E0A202020203C73657175656E6365466C6F772069643D22666C6F77313122206E616D653D22E58F96E6B688E794B3E8AFB72220736F757263655265663D226578636C7573697665676174657761793422207461726765745265663D22656E64223E0A2020202020203C636F6E646974696F6E45787072657373696F6E207873693A747970653D2274466F726D616C45787072657373696F6E223E3C215B43444154415B247B666C61673D3D2730277D5D5D3E3C2F636F6E646974696F6E45787072657373696F6E3E0A202020203C2F73657175656E6365466C6F773E0A202020203C73657175656E6365466C6F772069643D22666C6F77313322206E616D653D22E5A4A7E4BA8EE68896E7AD89E4BA8E33E5A4A92220736F757263655265663D226578636C7573697665676174657761793322207461726765745265663D2263656F4175646974223E0A2020202020203C636F6E646974696F6E45787072657373696F6E207873693A747970653D2274466F726D616C45787072657373696F6E223E3C215B43444154415B247B6461793E3D337D5D5D3E3C2F636F6E646974696F6E45787072657373696F6E3E0A202020203C2F73657175656E6365466C6F773E0A20203C2F70726F636573733E0A20203C62706D6E64693A42504D4E4469616772616D2069643D2242504D4E4469616772616D5F6C65617665223E0A202020203C62706D6E64693A42504D4E506C616E652062706D6E456C656D656E743D226C65617665222069643D2242504D4E506C616E655F6C65617665223E0A2020202020203C62706D6E64693A42504D4E53686170652062706D6E456C656D656E743D227374617274222069643D2242504D4E53686170655F7374617274223E0A20202020202020203C6F6D6764633A426F756E6473206865696768743D2233302E30222077696474683D2233302E302220783D223134312E34353331343634393732323533362220793D223239322E323034313630373232393033223E3C2F6F6D6764633A426F756E64733E0A2020202020203C2F62706D6E64693A42504D4E53686170653E0A2020202020203C62706D6E64693A42504D4E53686170652062706D6E456C656D656E743D22646570744175646974222069643D2242504D4E53686170655F646570744175646974223E0A20202020202020203C6F6D6764633A426F756E6473206865696768743D2238302E30222077696474683D223130302E302220783D223231362E34353331343634393732323533362220793D223236372E323034313630373232393033223E3C2F6F6D6764633A426F756E64733E0A2020202020203C2F62706D6E64693A42504D4E53686170653E0A2020202020203C62706D6E64693A42504D4E53686170652062706D6E456C656D656E743D226578636C75736976656761746577617931222069643D2242504D4E53686170655F6578636C75736976656761746577617931223E0A20202020202020203C6F6D6764633A426F756E6473206865696768743D2234302E30222077696474683D2234302E302220783D223336312E34353331343634393732323533362220793D223238372E323034313630373232393033223E3C2F6F6D6764633A426F756E64733E0A2020202020203C2F62706D6E64693A42504D4E53686170653E0A2020202020203C62706D6E64693A42504D4E53686170652062706D6E456C656D656E743D2248524175646974222069643D2242504D4E53686170655F48524175646974223E0A20202020202020203C6F6D6764633A426F756E6473206865696768743D2238302E30222077696474683D223130302E302220783D223434362E34353331343634393732323533362220793D223236372E323034313630373232393033223E3C2F6F6D6764633A426F756E64733E0A2020202020203C2F62706D6E64693A42504D4E53686170653E0A2020202020203C62706D6E64693A42504D4E53686170652062706D6E456C656D656E743D226578636C75736976656761746577617932222069643D2242504D4E53686170655F6578636C75736976656761746577617932223E0A20202020202020203C6F6D6764633A426F756E6473206865696768743D2234302E30222077696474683D2234302E302220783D223539312E343533313436343937323235342220793D223238372E323034313630373232393033223E3C2F6F6D6764633A426F756E64733E0A2020202020203C2F62706D6E64693A42504D4E53686170653E0A2020202020203C62706D6E64693A42504D4E53686170652062706D6E456C656D656E743D226578636C75736976656761746577617933222069643D2242504D4E53686170655F6578636C75736976656761746577617933223E0A20202020202020203C6F6D6764633A426F756E6473206865696768743D2234302E30222077696474683D2234302E302220783D223637362E343533313436343937323235342220793D223238372E323034313630373232393033223E3C2F6F6D6764633A426F756E64733E0A2020202020203C2F62706D6E64693A42504D4E53686170653E0A2020202020203C62706D6E64693A42504D4E53686170652062706D6E456C656D656E743D227869616F6A6961222069643D2242504D4E53686170655F7869616F6A6961223E0A20202020202020203C6F6D6764633A426F756E6473206865696768743D2238302E30222077696474683D223130302E302220783D223738352E353436383533353032373734362220793D223236372E323034313630373232393033223E3C2F6F6D6764633A426F756E64733E0A2020202020203C2F62706D6E64693A42504D4E53686170653E0A2020202020203C62706D6E64693A42504D4E53686170652062706D6E456C656D656E743D22656E64222069643D2242504D4E53686170655F656E64223E0A20202020202020203C6F6D6764633A426F756E6473206865696768743D2232382E30222077696474683D2232382E302220783D223935302E353436383533353032373734362220793D223239332E323034313630373232393033223E3C2F6F6D6764633A426F756E64733E0A2020202020203C2F62706D6E64693A42504D4E53686170653E0A2020202020203C62706D6E64693A42504D4E53686170652062706D6E456C656D656E743D226D6F646966794170706C79222069643D2242504D4E53686170655F6D6F646966794170706C79223E0A20202020202020203C6F6D6764633A426F756E6473206865696768743D2238302E3030303030303030303030303033222077696474683D223130302E302220783D223333312E34353331343634393732323533362220793D223134312E38313032323037343531343039223E3C2F6F6D6764633A426F756E64733E0A2020202020203C2F62706D6E64693A42504D4E53686170653E0A2020202020203C62706D6E64693A42504D4E53686170652062706D6E456C656D656E743D226578636C75736976656761746577617934222069643D2242504D4E53686170655F6578636C75736976656761746577617934223E0A20202020202020203C6F6D6764633A426F756E6473206865696768743D2234302E30222077696474683D2234302E302220783D223234362E34353331343634393732323533362220793D223136312E3831303232303734353134303932223E3C2F6F6D6764633A426F756E64733E0A2020202020203C2F62706D6E64693A42504D4E53686170653E0A2020202020203C62706D6E64693A42504D4E53686170652062706D6E456C656D656E743D2263656F4175646974222069643D2242504D4E53686170655F63656F4175646974223E0A20202020202020203C6F6D6764633A426F756E6473206865696768743D2238302E3030303030303030303030303033222077696474683D223130302E302220783D223634362E343533313436343937323235342220793D223130352E30223E3C2F6F6D6764633A426F756E64733E0A2020202020203C2F62706D6E64693A42504D4E53686170653E0A2020202020203C62706D6E64693A42504D4E53686170652062706D6E456C656D656E743D226578636C75736976656761746577617935222069643D2242504D4E53686170655F6578636C75736976656761746577617935223E0A20202020202020203C6F6D6764633A426F756E6473206865696768743D2234302E30222077696474683D2234302E302220783D223637362E343533313436343937323235342220793D2233302E30223E3C2F6F6D6764633A426F756E64733E0A2020202020203C2F62706D6E64693A42504D4E53686170653E0A2020202020203C62706D6E64693A42504D4E456467652062706D6E456C656D656E743D22666C6F773133222069643D2242504D4E456467655F666C6F773133223E0A20202020202020203C6F6D6764693A776179706F696E7420783D223639362E383931343935373937353432372220793D223238372E36343235313030323332323034223E3C2F6F6D6764693A776179706F696E743E0A20202020202020203C6F6D6764693A776179706F696E7420783D223639362E353736303638393833373235372220793D223138352E3030303030303030303030303033223E3C2F6F6D6764693A776179706F696E743E0A2020202020203C2F62706D6E64693A42504D4E456467653E0A2020202020203C62706D6E64693A42504D4E456467652062706D6E456C656D656E743D22666C6F773134222069643D2242504D4E456467655F666C6F773134223E0A20202020202020203C6F6D6764693A776179706F696E7420783D223639362E343533313436343937323235342220793D223130352E30223E3C2F6F6D6764693A776179706F696E743E0A20202020202020203C6F6D6764693A776179706F696E7420783D223639362E343533313436343937323235342220793D2237302E30223E3C2F6F6D6764693A776179706F696E743E0A2020202020203C2F62706D6E64693A42504D4E456467653E0A2020202020203C62706D6E64693A42504D4E456467652062706D6E456C656D656E743D22666C6F773135222069643D2242504D4E456467655F666C6F773135223E0A20202020202020203C6F6D6764693A776179706F696E7420783D223731352E393533313436343937323235342220793D2235302E35223E3C2F6F6D6764693A776179706F696E743E0A20202020202020203C6F6D6764693A776179706F696E7420783D223833352E353436383533353032373734362220793D2235302E35223E3C2F6F6D6764693A776179706F696E743E0A20202020202020203C6F6D6764693A776179706F696E7420783D223833352E353436383533353032373734362220793D223236372E323034313630373232393033223E3C2F6F6D6764693A776179706F696E743E0A2020202020203C2F62706D6E64693A42504D4E456467653E0A2020202020203C62706D6E64693A42504D4E456467652062706D6E456C656D656E743D22666C6F773136222069643D2242504D4E456467655F666C6F773136223E0A20202020202020203C6F6D6764693A776179706F696E7420783D223637362E393533313436343937323235342220793D2235302E35223E3C2F6F6D6764693A776179706F696E743E0A20202020202020203C6F6D6764693A776179706F696E7420783D223338312E34353331343634393732323533362220793D2235302E35223E3C2F6F6D6764693A776179706F696E743E0A20202020202020203C6F6D6764693A776179706F696E7420783D223338312E34353331343634393732323533362220793D223134312E38313032323037343531343039223E3C2F6F6D6764693A776179706F696E743E0A2020202020203C2F62706D6E64693A42504D4E456467653E0A2020202020203C62706D6E64693A42504D4E456467652062706D6E456C656D656E743D22666C6F7731222069643D2242504D4E456467655F666C6F7731223E0A20202020202020203C6F6D6764693A776179706F696E7420783D223137312E34353331343634393732323533362220793D223330372E323034313630373232393033223E3C2F6F6D6764693A776179706F696E743E0A20202020202020203C6F6D6764693A776179706F696E7420783D223231362E34353331343634393732323533362220793D223330372E323034313630373232393033223E3C2F6F6D6764693A776179706F696E743E0A2020202020203C2F62706D6E64693A42504D4E456467653E0A2020202020203C62706D6E64693A42504D4E456467652062706D6E456C656D656E743D22666C6F7732222069643D2242504D4E456467655F666C6F7732223E0A20202020202020203C6F6D6764693A776179706F696E7420783D223331362E34353331343634393732323533362220793D223330372E34323036313039333933353332223E3C2F6F6D6764693A776179706F696E743E0A20202020202020203C6F6D6764693A776179706F696E7420783D223336312E38363631383939373534383632342220793D223330372E36313732303432303131363339223E3C2F6F6D6764693A776179706F696E743E0A2020202020203C2F62706D6E64693A42504D4E456467653E0A2020202020203C62706D6E64693A42504D4E456467652062706D6E456C656D656E743D22666C6F7733222069643D2242504D4E456467655F666C6F7733223E0A20202020202020203C6F6D6764693A776179706F696E7420783D223430312E303336343739383330353538372220793D223330372E36323038323733383935363937223E3C2F6F6D6764693A776179706F696E743E0A20202020202020203C6F6D6764693A776179706F696E7420783D223434362E34353331343634393732323533362220793D223330372E34323235303133333432353637223E3C2F6F6D6764693A776179706F696E743E0A2020202020203C2F62706D6E64693A42504D4E456467653E0A2020202020203C62706D6E64693A42504D4E456467652062706D6E456C656D656E743D22666C6F7734222069643D2242504D4E456467655F666C6F7734223E0A20202020202020203C6F6D6764693A776179706F696E7420783D223534362E343533313436343937323235342220793D223330372E34323036313039333933353332223E3C2F6F6D6764693A776179706F696E743E0A20202020202020203C6F6D6764693A776179706F696E7420783D223539312E383636313839393735343836322220793D223330372E36313732303432303131363339223E3C2F6F6D6764693A776179706F696E743E0A2020202020203C2F62706D6E64693A42504D4E456467653E0A2020202020203C62706D6E64693A42504D4E456467652062706D6E456C656D656E743D22666C6F7735222069643D2242504D4E456467655F666C6F7735223E0A20202020202020203C6F6D6764693A776179706F696E7420783D223633302E393533313436343937323235342220793D223330372E373034313630373232393033223E3C2F6F6D6764693A776179706F696E743E0A20202020202020203C6F6D6764693A776179706F696E7420783D223637362E393533313436343937323235342220793D223330372E373034313630373232393033223E3C2F6F6D6764693A776179706F696E743E0A2020202020203C2F62706D6E64693A42504D4E456467653E0A2020202020203C62706D6E64693A42504D4E456467652062706D6E456C656D656E743D22666C6F7736222069643D2242504D4E456467655F666C6F7736223E0A20202020202020203C6F6D6764693A776179706F696E7420783D223731362E303231393430333633343035312220793D223330372E36333533363638353637323333223E3C2F6F6D6764693A776179706F696E743E0A20202020202020203C6F6D6764693A776179706F696E7420783D223738352E353436383533353032373734362220793D223330372E3338343534343039333430343737223E3C2F6F6D6764693A776179706F696E743E0A2020202020203C2F62706D6E64693A42504D4E456467653E0A2020202020203C62706D6E64693A42504D4E456467652062706D6E456C656D656E743D22666C6F7737222069643D2242504D4E456467655F666C6F7737223E0A20202020202020203C6F6D6764693A776179706F696E7420783D223838352E353436383533353032373734362220793D223330372E323034313630373232393033223E3C2F6F6D6764693A776179706F696E743E0A20202020202020203C6F6D6764693A776179706F696E7420783D223935302E353436383533353032373734362220793D223330372E323034313630373232393033223E3C2F6F6D6764693A776179706F696E743E0A2020202020203C2F62706D6E64693A42504D4E456467653E0A2020202020203C62706D6E64693A42504D4E456467652062706D6E456C656D656E743D22666C6F773130222069643D2242504D4E456467655F666C6F773130223E0A20202020202020203C6F6D6764693A776179706F696E7420783D223236362E383736373736323137343337362220793D223230312E3338363539313032343932383636223E3C2F6F6D6764693A776179706F696E743E0A20202020202020203C6F6D6764693A776179706F696E7420783D223236362E363133323832333639333338362220793D223236372E323034313630373232393033223E3C2F6F6D6764693A776179706F696E743E0A2020202020203C2F62706D6E64693A42504D4E456467653E0A2020202020203C62706D6E64693A42504D4E456467652062706D6E456C656D656E743D22666C6F7738222069643D2242504D4E456467655F666C6F7738223E0A20202020202020203C6F6D6764693A776179706F696E7420783D223338312E38373333393738323637343131352220793D223238372E36323434313230353234313838223E3C2F6F6D6764693A776179706F696E743E0A20202020202020203C6F6D6764693A776179706F696E7420783D223338312E36313230313033373930323536362220793D223232312E3831303232303734353134303932223E3C2F6F6D6764693A776179706F696E743E0A2020202020203C2F62706D6E64693A42504D4E456467653E0A2020202020203C62706D6E64693A42504D4E456467652062706D6E456C656D656E743D22666C6F773131222069643D2242504D4E456467655F666C6F773131223E0A20202020202020203C6F6D6764693A776179706F696E7420783D223236362E39353331343634393732323533362220793D223136322E3331303232303734353134303932223E3C2F6F6D6764693A776179706F696E743E0A20202020202020203C6F6D6764693A776179706F696E7420783D223236362E39353331343634393732323533362220793D2231302E30223E3C2F6F6D6764693A776179706F696E743E0A20202020202020203C6F6D6764693A776179706F696E7420783D223936342E353436383533353032373734362220793D2231302E30223E3C2F6F6D6764693A776179706F696E743E0A20202020202020203C6F6D6764693A776179706F696E7420783D223936342E353436383533353032373734362220793D223239332E323034313630373232393033223E3C2F6F6D6764693A776179706F696E743E0A2020202020203C2F62706D6E64693A42504D4E456467653E0A2020202020203C62706D6E64693A42504D4E456467652062706D6E456C656D656E743D22666C6F7739222069643D2242504D4E456467655F666C6F7739223E0A20202020202020203C6F6D6764693A776179706F696E7420783D223333312E34353331343634393732323533362220793D223138322E30323835363133353634393436223E3C2F6F6D6764693A776179706F696E743E0A20202020202020203C6F6D6764693A776179706F696E7420783D223238362E303336343739383330353538372220793D223138322E3232363838373431313830373538223E3C2F6F6D6764693A776179706F696E743E0A2020202020203C2F62706D6E64693A42504D4E456467653E0A2020202020203C62706D6E64693A42504D4E456467652062706D6E456C656D656E743D22666C6F773132222069643D2242504D4E456467655F666C6F773132223E0A20202020202020203C6F6D6764693A776179706F696E7420783D223631312E393533313436343937323235342220793D223238372E373034313630373232393033223E3C2F6F6D6764693A776179706F696E743E0A20202020202020203C6F6D6764693A776179706F696E7420783D223631312E393533313436343937323235342220793D223138312E38313032323037343531343039223E3C2F6F6D6764693A776179706F696E743E0A20202020202020203C6F6D6764693A776179706F696E7420783D223433312E34353331343634393732323533362220793D223138312E38313032323037343531343039223E3C2F6F6D6764693A776179706F696E743E0A2020202020203C2F62706D6E64693A42504D4E456467653E0A202020203C2F62706D6E64693A42504D4E506C616E653E0A20203C2F62706D6E64693A42504D4E4469616772616D3E0A3C2F646566696E6974696F6E733E, '0');
INSERT INTO `act_ge_bytearray` VALUES ('182507', '1', '请假审批流程.leave.png', '182505', 0x89504E470D0A1A0A0000000D49484452000003DC000001650806000000190AE08900003C994944415478DAEDDD0BB89C557928FEADC2E19C4329DA4A5B8A28F4A294524B6928520AA6546B28012230F9F8F6CE0D44C4709172918272402D15A985227A544445A4204D1131D220B910924652821810089072338440620C183120D8F9AF77CE7CF94FF6FD327BEFB9FC7ECFB39E6FF69ED97B27EFB7D67AD73BDF653A3A0000000000000000000000000000000000000000000000000000000000000000000000000000001825C71D775C59D3344DD3344DD35AB159ED03E35E708B020000D6B9002622000018CC3AF7BFD3E635220128B80100A0BEEBDC5F5E74D145AF150940C10D0000F55DE7BE5A2A955E271280821B0000EABBCE7D65E2C489DB8904A0E0060080FAAE737F71D249276D2F1280821B0000EABBCE7DB9542AFD0F910014DC0000A0E00614DC0000D0F0EBDC970E3BECB01D440250700300407DD7B95B66CD9AF53F450250700300407DD7B93F2F954AFF4B240005370000D4779DFBE211471CF1BF450250700300407DD7B93F9B3E7DFA8E220128B80100A0BEEBDCCDA552E957440250700300401DE579FED3238F3C7227910014DC000050DF75EE0B5D5D5DBF2A1280821B0000EABBCE7DBE542AED2C1280821B0000EA28CBB24DB366CD7ABD48000A6E00181C8B6740C10D28B801A0CE26A556AE6E01065AE7FEA4B3B3F30D220128B801A07FEF4A6D536A9757B793850418609DBBB1542AFD9A48000A6E0018B8D82E8AEC38C2BD41D10D0CB0CEFDF18C19337E5D24000537000CAED81EE8FB00C53A77439EE76F140940C10D003D4D1AA0A82E9E774D37D0DB3A777DA954DA4524000537000CAF9876A41BE86B9DFBDCF4E9D37F432400053700F42CA2278DD2EB81F658E73E9BE7F96F8A04A0E006806D8BE7C9C3F8B9CD8A6EA0669DBBAE542AFD9648000A6E0018F9E9E14E2F076AD7B9CF4C9B366D57910014DC00B4BB816E9036D6BF0750700328B801689962BB5EA7833BD20DC43A776D6ABF2D1280821B8076D5FD8667AF496D66753B14DD7FCE8DD4C03AF7E952A9B49B48000A6E00DAB9D89E5C53347F39B572753BD8A2BBAF9F5374437BAF73D7747575BD492400053700ED5E6C8799D5A2B93C84A2BBB6D82EDA8C9AE75DD30DEDBBCEFD516ABB8B04A0E006A09DF45504F7563CF75774F7F6FAAB7B79BD6BBAA13DD7B94F954AA5378B04A0E006A0DD8AED494328A27B2BBA075B6C772FBA9D5E0EEDB3CE7DB2B3B3F32D220128B8016807832D7A072ABA875A6CD7FEFD0D1D8E7443BBAC739F486D0F910014DC00B44BB13DD862B7AFA2FBB5C32CB60BAEE986F659E73E5E2A95F6140940C10D80627B7045F7232328B647FAEF019A6B9DFB586767E7EF8804A0E006A0558DF488726F45F7488AEDEE45B76BBAA175D7B9FF9565D9EF8A04A0E0A62EFB52D334AD115B9AA22E1FE11417A791773FB2FD48F5FB2371B9FDD3F27D0F05B7821B5070635F022D6BA0BB920FA4BF23DC83F99CEEBE38C22D2FD2FA7D6075A954FA3D91002423EC4BA0954571BBB96374AEE11E4ED1ED1A6E7991F6E8038F767676FEBE48009211F625D00E45F7508E28F7F5D15FBDDDA57C2845B7BB94CB8BB44F1F7824CBB2B78A042019615F02ED54740F54EC0EF439DB037D4E775F2674F81C6E7991B691E7F9C3A552E96D22014846D89740BB18E808F340C576C7308BEEE2B4F6297681BC48DBF48155A9E8DE4B2400C908FB1268277D1DE91E6CB13DD4A2BBF87B8A6D7991F6EA030F6559F60722014846D89740BB8923DDDD4FEF9ED931F4CFD9EEADE89ED1EDEFB8665B5EA40DE579FE60A954DA5B2400C908FB1268D7A2BBF6466AB5C5F3608AED8E017ECE477FC98BB4771F782015DD7F28128064847D09B4ABEEA79747B13CA363E81FF5D5FDE746FAF9DFC88B347F1FF8619665FB88042019615F028AEEFA9DF6DDDBE9EAC88B28B8012423EC4B40D1DD40C53BF2224D2A15DBF7777575FD9148009211F625C0C84F03771A39F222B57DE0BE3CCFDF2E128064847D09B06DD13CD423D46E9086BC48F73EB032CBB23F16094032C2BE04E8593C4F1EA5D7232FD20652B1FD83CECECE7D4502908CB02F018657444F486D736A53840C79916E7DE0DED4FE442400C908FB12A0A749D5627A523FCF6F506C232FD2471FF87E9665FB89042019615F02F4AEAF23DD4E23475E64A03E704F6767E79F8A042019615F020CBEE8566C232F32983EB022B50922014846D89700832BBA2F576C232F32C83E70779665FB8B042019615F020CE0CD6F7EF3696913739D8FFE425E64307DE03F3B3B3BFF4C2400C908FB1260E0796EEED1471F5D9E3871E276A281BC88821B908CB02F01EA20CBB277A479EE9598EBF23C77841B7991C1F481E5A91D20128064847D09D07FC17D73CC73D5B64244901719441FB82BDEAC13094032C2BE04E87B7E9B501CDD2E5A5A44BB691AF22203F581EFE5797EA048009211F62540DFF3DBDCDA62BB38CAED5A6EE44506E803CB52FB7391002423EC4B80DEE7B61E47B78B96E7F91411425EA49F3EF01F53A74E3D482400C908FB12A0F7B96D5E6FC576B5DD2542C88BF4D30796E679FE1722014846D897003DE7B53E8F6EBB961B799141F48125A91D2C128064847D09D0735E9BDB5FB1ED8EE5C88BF427CFF33BA74E9D7A8848009211F62580B90E7D85FAF681C5A9E87EA748009211F62580B90E7D0505372019615F0298EBD05768F83E70476A134502908CB02F01CC75E82BD4519EE78BA64E9DFA9722014846D89700E63AF415EADB0716A6A2FB5091002423EC4B00731DFA0AF5ED030B52FB2B91002423EC4B00731DFA0A7594E7F9FCA953A7BE4B2400C908FB12C05C87BE427DFBC0EDA9E87EB748009211F62580B90E7D85FAF681EF6659F6D722014846D89700E63AF415EA2815DBB7757676BE472400C908FB12C05C87BE427DFBC0BC3CCF2789042019615F0298EBD057A86F1FF8F72CCB0E13094032C2BE0430D7A1AFA0E0062423EC4B00731DFA0A8D2D15DBB7767676FE8D48009211F62580B90E7D85FAF681EFA476B848009211F62580B90E7D85FAF681B959964D16094032C2BE0430D7A1AF5047A9D8FE769EE74788042019615F0298EBD057A86F1FB825B5234502908CB02F01CC75E82BD4B70F7C2BCBB2A34402908CB02F01CC75E82BD4512AB66FCEF37C8A48009211F62580B90E7D85FAF6816FA6F65E91002423EC4B00731DFA0AF5ED0337655976B448009211F62580B90E7D0505372019615F0298EBD057686CA9D8FEB73CCF8F11094032C2BE0430D7A1AF50DF3E3027B5634502908CB02F8151552E97B77BFCF1C7E72C5FBEFC970B172E2CCF9F3FBF295BCC75CDFA6F5FB0604179C992253F4E6D9A1E292F32FAF23CFFD72CCB4A22014846D897C0A88A627BE9D2A5E5F5EBD7975F7EF9656D9CDA860D1BCA77DE79E70BA9F876D44D5E64F4FBC08DA9E89E2A128064847D098CAA38B2ADD86E98A2FBE5F9F3E7AFD22BE54546BD0F7C23B54C2400C908FB121855711AB962B7715A2AB85FD12BE54546579EE7376459769C48009211F62530AAE21A62856E4315DCE66C7991D1EF03D7A7A23B17094032C2BE041AA2E0FED9F3EBCA8FAFF86AF9C1051FAFB4781CDF53242BB8E5459AB00FFC4B6A9D22014846D897C0B817DC9B37AD2D3FF0DD0BCAF7DD7ACE362DBE17CF299415DCF222CD24CFF3EBB22CEB12094032C2BE04C6BDE05EF3E0B77B14DB457BFAC1B90A6505B7BC48B3F581AFA7A2DBC7F0019211F62530FE05F7AA3B3ED567C11DCF299415DCF2220A6E00C9C8BE041846C1FDC0FC8BFA2CB8E33985B2825B5EA4C9FAC0B5A94D17094032C2BE0414DC0A6EE445EA28CFF3AF655936432400C908FB1218F7823BEE4ADE57C11DCF299415DCF2224DD607AE4945F74C91002423EC4B60DC0BEED5CB3EDB67C11DCF299415DCF2224DD607BE9ADA2C91002423EC4B60DC0BEE8D6BEF2F3F70FB853D4F274FDF8BE714CA0A6E79916692E7F957B22C3B5E2400C908FB1218F7823BDA13F75CDBA3E08EEF299215DCF2224DD807BE9CDA0922014846D897C0F817DC2FBD545EFDBDCFF73C9D3C7D2F9E53282BB8E5459AAC0F5C9DDAFB4402908CB02F81712DB8376F5A5B7E74D9957D5EC31DCFC56B14CB0A6E7991669165D997F23C3F512400C908FB12189F82FBA597CAEB562F2AFFF0B6F3FB2CB68B16AF89D73ADAADE0961769923E70556AEF17094032C2BE04C6BCE01EE8A8B6A3DD0A6E791105378064847D090CA3E01ECC51EDFE8E762B9C15DCF2220DDE07BE98DA4922014846D897C09817DCC32DB68BA6705670CB8B34B22CCBBE90E7F9074402908CB02F81312FB83505B7BC488BF781CFA776B248009211F625A0E05670232F52DF3EF07FB32CFBA048009211F625A0E05670232F5247A9D8FE5C9EE7B34502908CB02F0105B7821B7991FAF681CFA6768A48009211F625A0E05670232F52DF3E70659665A78A042019615F020A6E0537F22275948AEDCFE4797E9A4800921143DD6F7363DF0DD0568814A0E056705BE3D0C67DE08AD44E1709403262A8FB6D426AAFF4577067593659A40005B782DB1A877695E7F93FA7F5D0874402908C18CEBE9BD74FC17DD7C48913B7132540C1ADE0B6C641C10D201931F47D37A1AF823B259829220428B815DCD638B4B3546C5F9ED644678804201931DCFDD7DBB5DC2B1CDD0614DC0A6E39D21A471F38EEB2D4FE562400C988E1EEBF1ED772BB761B50702BB8B1C6A1724AF93FA575D199220148460C5B4A24373BBA0D28B815DC58E3D0638DF4E954749F25128064C44892C93B6AAEDD9E242280825BC18D350E953EF08FA99D2D128064C448F763E55A6E47B70105B7821B6B1CFE9F3CCF2FCDB2EC1C910024A371542E97B77BFCF1C7E72C5FBEFC970B172EAC2C829AADDD70C30D9523DCCDF86F8FB660C182F292254B7E9CDA34A31214DC0A6EAC71A887546C7F2A15DD1F160940321A47516C2F5DBAB4BC7EFDFAA65EBCC5BE6CE67FFF860D1BCA77DE79E70BA9F83ED6C80405B7821B6B1CEAD0072E49ED5C910024A3711447B69BBDD86E95968AEE97D322749591090A6E0537D6388C549EE79FCCB2ECEF4402908CC6519C466EF1D7508BD0578C4C50702BB8B1C641C10D484616A19A452898EB34739D350E8DD907FE2115DDE78904201935C122F467CFAF2B3FBEE2ABE507177CBCD2E2717CCFC2D1221414DC436B4F3CF144F9F6DB6FDFFA75FAE7953FF1894FF4FADA7BEFBDB7F2FC8B2FBE58DEB871E3D6F6D0430F95EFBAEBAE01FF4EEDD79B366D2A3FFCF0C3E63A6B1CDAA70F5C9CDAF9220148460DBE08DDBC696DF981EF5E50BEEFD673B669F1BD784EA16C110A0AEEA1B528A2A3608EE2391EDF7DF7DD7DBEEEBCF3CEAB3C5EB66C59E5068BC5CF4C9D3A75EBEB9E79E699F275D75D573EF0C003CBD75E7B6DF9AAABAEAABCE6E69B6FAE6C4F3CF1C4F29C3973B616EFE63A6B1C5A5F9EE77F9F65D9474402908C1A7C11BAE6C16FF728B68BF6F4837315CA16A1A0E01E64BBE79E7BCAD75C734DF9ED6F7F7BF9965B6E29EFB8E38E95EDEEBBEFDEE328777174BB28BCAFB8E28ACAE35D76D9A57CD04107F559A0C7EF2B1EAF5CB9B2B28DBFF9D4534F551E47716EAEB3C6A12DFAC02752FBA848009251832F4257DDF1A93E0BEE784EA16C110A0AEEC1B579F3E695B7DF7EFB1EDFDF79E79DCB471D75D4D6AF1F7BECB14A717CFDF5D797F7DE7BEFF2A1871E5AF97E1CBD8EC7B18D627DCD9A35BD16DC9B376FAE3C8EA3DE1D3547B877DD7557739D350EEDD3073E9EDA05220148460DBE087D60FE457D16DCF19C42D9221414DCF52DB8E36874BC6EF5EAD59582390AF078CD65975DB6CDD1F2782EFE6F516017A78CC7E9E471343C1E17A79F47E11E47B6E371F722DD5C678D436BCAF3FC635996FD1F9100242305B766110A6D537047D17BD34D37952307CD9A35AB72443ABE77F6D9676FF3DA679F7DB6F2FDB86E3B8AE5B8F63A0AEBA2DD7AEBAD95C2BCBF53CA8B227CC68C1995C777DC7187B9CE1A87F6E90317A576A148009251832F42E3AEE47D15DCF19C42D9221414DC83BF43795C9B1D47AC5FF7BAD76DBDF15914D74F3FFDF4D6D76DD9B2A55228EFB0C30E95D3C2E3EEE2E79E7B6EF9FEFBEFDF7A4D7614E171E7F1EE0577FCEE28C4E37714DF8B23DC51B8772FD0CD75D638B4741FB8308A6E910024A3065F84AE5EF6D93E0BEE784EA16C110A0AEE815BDC897CEEDCB9E5FDF6DBAF7CE699676E2DAAE314EF28C22FBEF8E24A815DBC3E0AE4E271DCFCACB680BEF1C61B7BFCFEB8EB793C77C41147543E362CFE5671F43C8E70C751F5A54B979AEBAC716813713A799C562E128064D4E08BD08D6BEF2F3F70FB853D4F274FDF8BE714CA16A1A0E0EEBF15A78747D1BDD34E3B958F39E6981E47A6A348EEA8DE953C8E84C7E3B87B791CE1AE2DBE6B0BEE781C47C6A3688FC70B172EECF5CEE57184BBF6F5E63A6B1CDAA20F5C10374E130940326A8245E813F75CDBA3E08EEF29922D4241C13DB41637429B3D7B76E5E3BDA2F55680174577F1388E8A1F70C0019523D671A43AB6D10E3EF8E0CA91EDEEC5FDBEFBEE5B3EECB0C32AAFA9BD563C3EA73BAE2337D759E3A0E006908C1A6511FAD24BE5D5DFFB7CCFD3C9D3F7E23985B2452828B835739D350E0DD7073E1A9FC52D128064D4C08BD0CD9BD6961F5D76659FD770C773F11A0B488B5050706BE63A6B1C1A4796651FC9F3FCEF4502908C1A7111FAD24BE575AB17957F78DBF97D16DB458BD7C46B1DEDB6080505B766AEB3C6A161FAC0F9A95D2C128064D4608BD0818E6A3BDA6D110A0A6ECD5C678D4363CBF3FCBCD40FFE412400C9A8C116A18339AADDDFD16E8B498B5050706BE63A6B1CC65796657F978AEE4F8A04305E265593D1248BD06D1742C32DB68B663169110A0A6ECD5CA7E066DCFBC0B9A95D2212C07878576A9BAAC968536A932D42358B5030D769E63A0537AD22CFF30F6759F6299100C6A5D8AE29B2E308F786762DBA2D422D42C15CA799EB14DCB49E546C9F938AEE4B450218CF627BA0EF5B846A16A160AED3CC750A6E9AB10F9C9DDA3F8A043056260D505417CFB7D535DD16A116A160AED3CC750A6E14DC00F528B6072AA6DBEE48B745A8452898EB34739D829BD693E7F95959967D5A2480D1F6AE8EA11DB91EEAEB2D42358B5030D769E63A05370D2515DB67A6A2FB9F4402188B627BF2307E6E733B14DD16A116A1A0E0D6CC750A6E5AB20FFC6D6A978904D068C576BD7EDE2254B30805739D66AE5370332EF23C3F23CBB2CB4502180D03DD206DAC7F8F45A866110AE63ACD5CA7E066CCA462FB43A9E8FE67910046ABD8AED7E9E02D7DA4DB22D4221414DC9AB94EC14D4BF681D353BB4224807AEA7EC3B3D7A436B3BA1D8AEE3FD7B23752B308B5080505B766AE5370D37AF23C3F2DCBB2CF880450EF627B724DD1FCE5D4CAD5ED608BEEBE7EAE258B6E8B508B5050706BE63A0537AD2715DBA7A67E70A54800A3516C8799D5A2B93C84A2BBB6D82EDA8C9AE75BEE9A6E8B508B5050706BE63A05372DD9074E49EDB322018C545F45706FC5737F45776FAFBFBA97D7B7D435DD16A116A1A0E0D6CC750A6E5A4F9EE7B3B32CFB9C4800F528B6270DA188EEADE81E6CB1DDBDE86EFAD3CB2D422D4241C1AD99EB14DC28B801865BF40E54740FB5D8AEFDFB1B3A8670A43B25BF0969E2BBD922541BEE22B411FB1028B83505B7829BC693D60B1F4CFDE0FF8A043092627BB0C56E5F45F76B87596C1706754D771449A9CD4DED95464B8016A1CDB1086DE43E040A6E4DC1ADE0A621FBC0C9A97D5E2480D12EB6FB2BBA1F1941B13DE0BFA77B9154348B506DB08BD066E843A0E0D614DC0A6E1A4F9EE71FC8B2EC0B22010CC548EF12DE5BD13D9262BB7BD15D39BD3D4D6EEF88D37EBB17490A6E6DB08BD066EA43A0E0D614DC0A6E1AB20F9C94DA17450218ACD7570BE3CB47F87BE234F2EE47B61FA97E7F24E2DF559E3265CA6D7D15490A6E6D308BD0DE8E68776F5D5D5DBF5A2A9576EEECEC7C43DAFE5A9EE76F4CDB5DD2F637D3F6B7A64D9BB66BDAEE965EF7A6B47D737ADD5BD2CFED91B6BF930AF9DF4DDBDF4FDBB7A6D7EF95B67F905EB377DAEE935EFF4769FBC7E9F97DD376BFB4FDD338CA9EB67F96B607A4D71F98B67F3E75EAD483D2F6E0B43D246D27A6ED5FA6ED5FA5EDBBD26BDE9D5EFF9EB49D94B67F93BE7F787A7C44DA1E997EE75169FBDEB43D3A6D8F4DDB52DAA64D765C7A4D9EB65D69332D6D67A4EDCCF4DCACD44E48ED7DA9BDBFBA783839AE4BABDE0CE6D4B43D2D6D3F94B667A4ED99697B567ACDD969FBE1B43D376DCF4BDBF3D3731F49DB0BD2F6FFA4ED45E9FB1F4BDB4FA4EDDFA7EDC569FBC9B4BD246D2F4DDB7F4CDB7F4ADBCBD2EB2F4FDB2BD2F633F1F12A71039A38452F8E1AC442266DBF94B657A7D77F256DBF9ADA35A95D9BDAD753FB97D4AE4FED1BA9DD985EF3AFE9F5FF961EDF547D43E55B69FBEDEA3EFF4E6AFF9EDABCD4BE9BDAEDE9F5F3D37661DA2E4ADBC5697B67DA2E4DED3F525B96DA5DA92D4FEDEED456A4F6FDD4EE4DBFF307697B5FDADE9FB60FA49F7B306D57A5EDC369FB486AAB53FBAFD41E4FED89D49E4CED47A9AD496D6D6ACFA4F66C6ACFA5B63EB51FA7B631FDBE4D69FB7CFA3D3F4DDBCDA9FD2CB59FA7B625B59753FB45B5EFFE32B5FF6EA4F9CE5CA7E05670D3867D20F2E65522010CC54077251F487F47B807F339DD7DA91CE17EE73BDF59EEAF486AD436968BAC8D1B3756E2BD69D3A6F2962D5BCAF7DE7B6FE57BB5ED8E3BEEE8F173F133975E7A69F9D9679FDDFAF5C5175F3CE0DF8BD75D71C5157D3EFFD0430F9557AE5CD9EBCF5D77DD75E355700FA6BD10854F6A3F894228B50DD5C2288AA475D582E9E96A01F554B5A08AC2EAB16AA1F568B5F05A95DA43D582EC87D5026D65B5608BE2ED9E6A21F79FD5C2EE7BD5422F0ABE25D502F08E6A41B8A05A20DE9E7E3EDE789A97B6B74621592D2A6F890233B56F46C199DA9C2840A3184DDB1BA2304DDBEBA2504DDBAF550BD72860BF1C056D2C1AA2C08D62376E02532D7CAF8C4238BDFE9FA3308E22396D3F1D0573DA7E2A0AE8D4FEA15A504761FDF16AA17D61B5F0FE68B5108F82FCEFA2404FDB73A2608FE23D6DFF360AF9B43D3D0AFBF84CD328F4A3E88F53F5E20D80B43D31DE1048AF3F3EDE20A8BE51303DDE3848DBCE782321DE54489BA9F10643DA1E136F38A4ED94780322DE8C48DBC9F1C644DA1E166F54A4ED5FC71B17D537300E8D3734D2F69DF10647DAFE45F50D8F3F8F3321E28D90B4DDBF7A43BDFDD2F64FE20D93F4BAB7C71B2869FB87F1864ABCB992B66F8B375AD2F6F7E28D97B4DDB3FA464CBC21B37BBC4193B6BF1D6FD8C49B37D3A74FFF8D782367C68C19BF1E6FECCC9A35EBF5F146CF91471EB953DAFE4A7A7EC7B4FD5FE9FBFF336DFFC749279DB4FDC48913B7BBE8A28BE20DCCD734D2827FE1C2850ADDC6695BD25CF78A258D829BD115F929DE1416096038C5EDE68ED1B9867B3845778F6BB863915C3DF2E408772FED75AF7B5DF9E0830FAE14DC11F728BA63FBE94F7F7A6B415EBC76A79D76AA14C5F1BD3BEFBCB33C77EEDCF2030F3C50F9FAEEBBEF2ECF9B37AFF278C3860D95D7C76B6EB9E596722A102ADBDD76DBAD7CC00107541E47BBE9A69BCA7BEEB9678FE23A7ED7ADB7DEBAF5E7E27B5FF9CA572AAF8FC745A13F56477D9AA90F41332CF8972C59B26EFDFAF58ADD06686BD7AEFD469AEB5619210A6E46BD0FC4D961578B0430DCA27B2847BAFBFAE8AFDEEE523E94A2BBDF6BCAE34855F5F44F0577B7F6C20B2F6C2D76AFBDF6DACAF6A0830E2A0ACEADAF8B023B8E50C7F7AEB9E69ACAB6B3B3B37CFDF5D76FFDF91B6FBC719BE2B9782EDA0E3BEC50BEE4924BB67EBDFDF6DB97CF3BEFBC6DFE2DAB57AFAE6CE30D807DF6D9679B82BB638C8F74773FCDB219FA1034C3827FD1A245472D5EBCF8F9E79E7BEEE78ADEF13BB21DC5F682050B9E4AED582344C1CDA8F781B824EBCB22018CB4E81EE848F7409FB33DD0E774F76542C7203F87BB7AB47269BB17DC71147AD9B2659518C791E3A2402E8E60C791EB871F7E789B823B8ADF0B2EB8609BC23C8E462F5DBA74EBD79B376FDEA6908F23E6CF3CF34CA5C5F3575F7D75E571FCEE5D77DD759BD3C98BE23A1EC7EF295AF1F78AC7F7DC73CFB85ED7D8C87D089A65C19F8ABCC9698CAD88D39963AC6963DE22EEAB14DB0A6EC6465CEA14F7171109602406BA6BF940C576C7308BEEE2B4F62943F9C7568F56DED5AE0577ED51E89B6FBE79EBE32BAFBCB27CCC31C7544EE7BEFDF6DBB729B89F7AEAA94AC11CDFDB7FFFFDB7FE5C1C958EEF1D7EF8E1BDFEFEDA6279CE9C3995C771B47CC71D77DCFABA38A25DBC3EAEE38E53CAE368795CEB59B438CA1DDB356BD634C48D841AB10F8105FF98C5336EAE578EEBE44503E30F05373056FA3AD23DD8627BA84577F1F7A6B442F01AA1E08E561C69EE7E84FB8D6F7C63E5BAECF8DED34F3F5DB9FE3B161171ED763C3F7BF6ECCA73B53744EAA89E9E5EFCCE134E38A1F2388E6E1F75D451BDFE7BA2282F1EC735DFB5D77217FF5677EE050BFE715C38BFA3F8F48278E34D4430FE18441F884FFAF8AA4800F5108B8FEEA777CFEC18FAE76CF75674CFE8F67746F239E00AEE6A511BA78F3FF1C4135BAFCF2E6E9656DC102D5E17A781C7368AE938A21D2D4E453FE490432A8FE334EF28C05F7CF1C57E0BE8289CE37114E93BEFBC73AFFF9EFBEFBFBFFCD8638F551E1F76D861DB14DC71FABA821B2CF8C7B9E0BEB9E63E0E2B4404E38F81543F35E31A9100EA5974D7DE48ADB6781E4CB1DD31C0CF0DF5466D0AEE7E0AEEB87959DC04AD387A1DA772C7364E21EFA839C25DFB33B5D75C17DBCB2EBBACD7D71E7AE8A13D8E70C7D1F233CE38A3D7D7C7CDD58AA27FE2C4890A6EB0E06FA4384E288E6E172D3E4A4E6430FEE84F9A2766C4C76C8A04504FDD4F2F8F627946C7D03FEAABFBCF8DF4F3BF15DCDD0ADCF8ACED8EEAC779159F835DDCFCACAF823B8E424711FC96B7BC659BE78A23E17DFDADE208777FAF893B9F178F8B1BBA753F5AAEE0060BFE718AE3DC5E3E1E70856BB931FE18A00F4C4FED5A910046BBE81EA9DE4E5757708FB0C5B5DA71FA78EDF7E214F18EEACDD16A3F162C0AE65D76D9A5B28D1BA8C567789F7AEAA995AFAFBAEAAACACF141F33D65B311DBFA3BF7FCBA64D9B7A1C498F9BA47DEC631FAB7C1DA79A2BB8C1827F9C62D8E3E876D1F23C9F2242187FF425CD11D3523FF8BA48008D5C74D7BB7857708F712BEE44DE2C4DC18D053FDD6238AFB762BBDA7C6201C61F7DCAB2AC2B15DDD78904305A467A1A78CB9E46DE4E0577B335053716FCD4C4AFCFA3DBAEE5C6F863107DA033B57F1109602C8AEEA12E485AF206690A6E053758F03755FCE6F6576CBB6339C61FFDC993D40FAE170960B40DF5B4F0963F8D5CC1ADE0060B7E31455FA1B56559765CAAB96F1009A0918AEE09A96D4EAD6D6E44A3E056708305BF98A2AFD09A0577F20D9100C6CAA46A313DA99FE737B453B1ADE056708305BF98A2AFD0B27D2053700363ADAF23DD6D751AB9825BC10D16FC628ABE426BCBF37C6AEA07378A0430DE4577DB16DB0A6E053758F08B29FA0AAD29CBB2522ABAFF552480F12CBA2F6FE7625BC1ADE0060B7E31455FA165FBC0B1A9CD110960BCC435DBE58E36F8E82F05B7821B2CF8C5147D85F692E7F9315996FD9B48009291825B5370638E454CD157A8A3546C1F9DFAC14D220148460A6E4DC18D391631455FA1BE7DE0BDA97D532400C948C1AD29B831C722A6E82BD4519EE753B22CBB592400C948C1AD29B831C722A6E82BD4512AB68F4AFDE05B220148460A6E4DC18D391631455FA1BE7DE0C8D46E1109403252706B0A6ECCB18829FA0A0A6E403252706B0A6E30C78A29FA0A8D2DCFF323B22CFBB648009291825B5370638E454CD157A8A3546C4F4EFD60AE48009291825B5370638E454CD157A86F1F383CB5EF8804201929B8350537E658C4147D853AEAECECFC9B2CCB6E1509403252706B0A6ECCB18829FA0A75948AEDC3523FF8779100242305B7A6E0C61C8B98A2AF5047799E4F4AFD609E48009291825B5370638E454CD157A8A3CECECEF76459769B48009291825B5370638E454CD157A8A3546CFF75EA07DF1509403252706B0A6ECCB18829FA0A7594E7F9BB533FB85D2400C948C1AD29B831C722A6E82B28B801C9A8B52C5CB850A1DB386D4B2AB85F313231C722A6E82B8CD4D4A953DF958AEEF922014846E368C99225EBD6AF5FAFD86D80B676EDDA6FA4827B959189391631455FA10E7DE0AF525B20128064348E162D5A74D4E2C58B9F7FEEB9E77EAEE81DBF23DB516C2F58B0E0A9D48E353231C722A6E82B8C549EE787A67EB0502400C9689CA5226FF2FCF9F357C4E9CC710DB136E62DE2BE4AB18D391631455FA15EA64E9DFA97A9E85E24128064C448F7E304FB12CCB1620AFA0ADBF48189A9DD21128064C448F7E3DCD89713274EDC4E34C01C2BA6A0AF5039A5FC9DA91F2C1609403262D8B22C7B47DA8FAFC4BE4C896592888039564C415FA1724AF921696D74A7480092112329B86F8EFD586D2B4404CCB1620AFA0A953E70706A4B4402908C18EEFE9B501CDD2E5A2AC0278B0C9863C5147D455F6977799EFF45EA074B4502908C18EEFE9B5B5B6C1747B95DCB0DE65831455FD157DADDD4A9530F4AFDE03F4402908C18CEBEEB7174BB68799E4F112130C78A29FA0A0A6E0537201931BC7D37AFB762BBDAEE122130C78A29FA0A6DDE07FE3CB565220148460C75BFF57974DBB5DC608E1553D057A85CC37D60EA07DF1309403262A8FB6D6E7FC5B63B968339564CD157F4957657FDE85467FD019211F62518978829FA0A75EE0307A4B65C2400C908FB128C4BC4147D853AEAECECFCB3D40FFE532400C908FB128C4BC4147D853ACAB26CFFD40FEE16094032C2BE04E31231455FA1BE7D60827BDA009211F62518978829FA0A75D6D9D9F9A7A91FDC23128064847D09C625628ABE421D6559B65FEA07DF17094032C2BE04E31231455F41C10D4846D897807129A6E82B347C1FF893D4EE15094032C2BE04E31231455FA18E3A3B3BF7CDB2EC0722014846D897605C22A6E82BD4512AB6FF38F5839522014846D897605C22A6E82BD4519EE76F4FFDE03E91002423EC4B302E1153F415EAA8ABABEB8FB22CBB5F2400C908FB128C4BC4147D853A4AC5F63EA91FFC502400C908FB128C4BC4147D853ACAF3FC0F533F78402400C908FB128C4BC4147D853A2A954A7BA7A2FB4191002423EC4B302E1153F415EA28CBB23F48FDE02191002423EC4B302E1153F415EA28CFF3BD523F5825128064847D09C625628ABE82821B908CB02F01E3524CD157686CA552E96DA9E87E582400C908FB128C4BC4147D853ACAB2ECADA91F3C22128064847D09C625628ABE421D757676FE7EEA078F8A042019615F82718998A2AF5047A552E9F7523F582D128064847D09C625628ABE421D6559F6BBA91FFC9748009211F62518978829FA0A75D4D9D9F93BA91F3C26128064847D09C625628ABE421D954AA53D533F785C2480B14A3C7323F90CD05688948505605C8A29D638B440BFD823B527440218AB4967426AAFF4978CB22C9B2C5216A1807129A658E3D0EC3A3B3BDF92F6FD9322018C65429AD74F32BA6BE2C489DB89924528605C8A29D63828B801869E8C26F4958CF23C9F224216A1807129A658E3D00A4AA5D29BD3FE7F4A2480B14E48BD5DE7B4C23BBF16A1807129A658E3D042FD61F7D47E2412C0584F3E3DAE73725D934528605C8A29D638B492AEAEAE37A53EB0462480319792CFCDDEF9B508058C4B31C51A8756552A95764B7DE0699100C62319BDA3E6BAA6492262110A1897628A350E2D365FFC766A6B450218AF49A8729D93777E2D4201E3524CB1C6A1D54C9B366DD7D40F9E110960BC92D1040B178B50C0B81453AC716845A552E9B7523F582712D084CAE5F2768F3FFEF89CE5CB97FF72E1C285E5F9F3E737658B64D4ACFFF6050B1694972C59F2E3D4A6E99116A1AD342E9BB91997C6A5989A4BAD71CCA58D22CFF3DF4CFDE059918026148968E9D2A5E5F5EBD7975F7EF9656D9CDA860D1BCA77DE79E70B29311D6B116A116A5C1A97C6A598622E359752983E7DFA6FA439E33991802614EFFA4A440D93905E9E3F7FFE2A8B508B50E3D2B8342EC51473A9B99442A954DA25CD19EB45029A509C622511344E4BC9E8158B508B50E3D2B8342EC51473A9B9140537B480B8BE461268A864D4F60B308B50E3D2B8342EC51473A9B994FF5F9EE76F4C73C6069180164E463F7B7E5DF9F1155F2D3FB8E0E395168FE37B12886464116A5C1A97C625626A2ED5CCA5A367C68C19BF9EE68C1F8B04B46832DABC696DF981EF5E50BEEFD673B669F1BD784E12918C2C428D4BE3D2B8444CCDA59AB97474944AA55F4B73C6469180164D466B1EFC768F4454B4A71F9C2B89484616A1C6A571695C22A6E652CD5C3A4A3A3B3BDF90E68C9F8804B468325A75C7A7FA4C46F19C24221959841A97C6A57189989A4B3573E9E898356BD6EBB32CDB2412D0A2C9E881F917F5998CE239494432B208352E8D4BE3123135976AE6D2D1512A95764E73C6F322019291261959841A97C6A57189989A4B3573691D757575FD6A9A335E100968D1641477ECEC2B19C57392886464116A5C1A97C625626A2ED5CCA5A3E3C8238FDC29CFF39F8A04B468325ABDECB37D26A3784E12918C2C428D4BE3D2B8444CCDA59AB97474944AA55F4973C6669180164D461BD7DE5F7EE0F60B7B9E6A95BE17CF4922929145A871695C1A9788A9B95433972AB8816124A3684FDC736D8F6414DF934024238B50E3D2B8342E115373A9662E1D3DD3A74FDF31CD193F130968D564F4D24BE5D5DFFB7CCF53ADD2F7E239494432B208352E8D4BE3123135976AE6D2D171C41147FCEF3467BC2812D082C968F3A6B5E547975DD9E7F54DF15CBC4622918C2C428D4BE3D2B8444CCDA59AB9B42EF3C3DC982306682B440A9A3919BDF45279DDEA45E51FDE767E9F89A868F19A78AD778225238B50E3D2B8342E115373A9662E1DF1FC3021B557FA2BB8B32C9B2C52D0A4C968A0777CBD132C1959841A97C6A57189989A4B3573E9A8CE11F3FA29B8EF9A3871E276A2044D9A8C06F38E6F7FEF044B2A929145A871695C1A9788A9B95433978E688E98D057C19DE7F9141182264E46C34D4445935424A31198545D844E322E8D4BE3D2B81453CCA5E6D2362FBA7BBB967B85A3DBD0E4C948938CC6C9BB52DB94DAE5D5ED64E352332E8D4B31C55C6A2E6DE382BBC7B5DCAEDD06C948938C46B2002D92481CF5D9D0AE0B51E3D2B8342EC51473A9B994900AEC9B1DDD06C948938CEAB9001DE8FBC6A5665C1A97628AB9D45CDA2E05F73B6AAEDD76190A48469A6434249306586816CF4F322E35E3D2B81453CCA5E6D276940AEDEF44C1EDE8364DE78C33CED8E3A31FFDE8A51FFEF087EF3BF9E4935F983E7D7AE51A8969D3A6FDF2A4934EDA7CEEB9E7AEFAC8473E72657ACDEF4A469A64346A0BD08116986D77F4C7B8342E8D4B31C55C6A2E6D4F5D5D5D6FCAB2ECD45493CC496D756A9B6B4E297FA27A8AF9D9F13AD1A2619D73CE39B3CE3AEBACC74F3FFDF457BFF8C52F96972F5F5E5EBB766D79CB962DE510DBF5EBD797BFFFFDEF97BFF6B5AF95E375679E79E68F4E3BEDB40F4A469A645417EFEA18DAD19CA1BEDEB8D48C4BE3524C15DCE6307369D3888FFA4A6D7E2AA6B7F4F3F9DBDDDB1DE967A6891E0D2375CA3D52A1BDFAECB3CFFEEF28A65F7DF5D5F260AD5CB9B27CDE79E7FD3215DD4F9E70C2096F938C34C968C40BD0C9C3F8B9CDEDB010352E8D4BE3524CC5D45C6A2E6D9FFA24B5794328B27B6B4B4BA5D2EF8926E32A15DAB34F3CF1C497E7CE9D3BA442BBBBDB6EBBAD1CBFE78C33CE384532D224A3315B80D6EBE78D4BCDB8342EC554C1AD994B1B429665A9563E6E436DF1DCD5D555FEE4273F595EB46851F9473FFA51F9A73FFD69A50679F1C5172B67E42E5BB6AC7CF9E59797A74F9FDEBDE8DEEC6837E3E6FCF3CF9F357BF6EC5F3CFAE8A3E57A78F2C927CBA79C72CA2BE79E7BEEF9929126190DDA40370D1AEBDF635C6AC6A57129A60A6ECD5C3A5EC5F6E4DACFD88E42FBBAEBAEAB5CD63A189B366DAABC3E7EAEB6F04E45F789A2CB983AEDB4D3DE1FC5F6603BEF60C5EF8BA2FBECB3CF3E5D32D224A3412F1CEB758A644B1FFD312E8D4BE3524CC5D45C6A2E6DE962FBB8DA62FBCC33CFAC1CCD1E8EF8B973CE39A77BD1ED48376323AE8978DFFBDEB7A55E47B67B3BD21DBF3F75EABD24234D321A70C1582C405F93DACCEA7628BAFF5CCBDE5CC8B8342E8D4B31155373A9B9B475EB93DAD3C82FBCF0C2ADA78D0F579C6E7EF1C517773FBD7C2FD166D47DE8431F7A38AED91E4D714DF7ECD9B3574B469A6434A8A333B180FC726AE5EA76B00BD1BE7EAE2517A2C6A571695C8AA9989A4BCDA5ADA97A27F2AD47B6475A6CD716DDDD8E742F156D46D5CC99338F39EBACB35EF9C52F7E511E6DE9EFBC747C2219699251BF0BD08EEA519B724D1BCC42B476015AB41935CFB7DC758EC6A571695C8A699BC7D45C6A2E6DD5627B4AED35DBC33D8DBCBFD3CB6BAFE9766A39A3EAF4D34F5F151FFD3516EEBFFFFEB89EFBBF24234D321A7061D8DB82B2BF85686FAFBFBA97D7B7D4758EC6A571695C8A691BC7D45C6A2E6DE5827BEBD1EDB8E1D968B8E1861B1CE566F4757575BDE9831FFCE04B23F9F8AFA13AF5D4535F8A6B321A6940A7F6179291643416FDA88F05E8A4212C2C7B5B880E7601DA7D21DAB0A75C1A97C6A571D9DC63534C9B6B9F994BCDA58DD427A33E296E941647A1376EDC382A3549DCBDBCDB4786EDD101F53673E6CCBFFDD297BE3476D576F2F5AF7FFD97C71F7FFC471A250635A792CCCFB2EC1D929164349AFD68180BC18116A2435D80D6FEFD0D8D7AF4C7B8342E8DCBC624A6CD6730FBCC5C6A2E6DA43E99BE776AF19A4B2FBD7454EB92F89CEE9A82FB6CD5217577DA69A72D5DBE7CF958D6DBE5387DFD94534EB9BBD1067D4D9BD7DBBB6E929164548F7ED46D013AD805605F0BD1D70E7301DAFDA853C32D448D4BE3D2B86CEC37C3C4B4F98A9BFEF699B9D45CDA487D327D3DA7786EF1E2C5A35A972C5BB6ACF6DF31577548DD9D70C209CFAD5BB76E4C0BEEF85CEE993367FEA48107FDD677DD6A07BF642419D5A31F750CFFBAC2DE16A28F8C60013AD27F8F71A919976D362EC5B4658A9B1EFBCC5C6A2E6DA43E991EAF2EBE57EF9BA575B776EDDADA7FC31AD52175376DDAB497B76CD932A60577FCBDCECECE571A7DD0D7BEEB16A7BB484692D148FBD11E7BEC71C608177CBD2D4447B200EDBE109D645C6AC6A57129A6ED51DCD4EE3373A9B9B4C1FAE4ABC5E37A7D14587F1F1156F377B7A80E19950E3F1E0631D01AAE49468DD59AADFF1C7DF4D195C5E2DBDEF6B69126D1D7F672B4E791EAF747E272E352332E8D4B316DCF662E6DBC825BBFFC7F6DACEB12D521A37184FBA5713AC2FD8B2678976D45966593274E9CB8DD789D6E150B8CABAEBA6AEBD77197C6BE5EFBECB3CF565E7FF7DD77F7782EDEBDEBFEBD7BEFBDB7F2FA782E7E6FD11E7AE8A1F25D77DDD5EFBFEB89279ED8E6EBB8CBE3C30F3FEC48DAC0FD68A03BF58EE4A8CF603EBBB6158E708FFBB8D48CCB761D9762DA724713B7EEB3469F4B63DF5F76D965DB7C6FCE9C39E5BDF6DAABF2F899679ED9E6B97BEEB9A77CF0C10797DFFDEE7797E7CD9B57DE7FFFFD2BEB9EB4FEAC7CBDFBEEBB9B4B1BB84FA6ED6647B86919C71F7FFCBA71BA867B63030FFA6D16F485B14C46710387850B1756EECC18492692C38D37DE58DE7BEFBD2B05F8EAD5AB2BDFBFF2CA2B2BAF8F373162BBFDF6DB5792CA638F3D567ECF7BDE533EFCF0C3CBB7DC724BE5B53366CCE891BCCE3BEFBCAD7F6FC3860D95823BBE3F75EAD4ADAF8B24169F7F78E0810796AFBDF6DACADF8FD7DC7CF3CD95ED89279E58497A45F16E61DF7F3FAA2EF836778CCE758DC3598836CB35DCE33E2E35E3B2DDC7A598B64C71D3639F3543C17DFFFDF7570E2AC47AE4A69B6EAAAC8B62FD11DF8BE7BBBF3E0E1EC4360E12C4F6FAEBAFDF7AE022BE8E9F359736669F740D372D25154BB78DC75DCAD3DF5DDC8083FEAE3CCFA7F4B26818F364F4F4D34F5712C8E6CD9B2B2D124314D1B18D023A8AE38E9AA3D971543ABE8E22BD28BE6BDB8E3BEE5829C0BB1FDD2E92CE15575C5179BCCB2EBB940F3AE8A03E935DFCEDE2F1CA952B2BDB6BAEB9A6FCD4534F551E777F87B94D17F6FDF6A3611E65E9EBE3707ABB73EF5016A2CD7097F2861997F5583016ED0B5FF8C2D637AABAB778E36C9F7DF6A98C3105B771D9AC63534C9B6B9F35F25C1A47AB8B37FAF7DC73CFCA3A27BEFEDCE73E5729BADFFAD6B7F63ADF166BA328D48B9FAF7DBEF66B736963F5497729A7A5C4E7DCA585DF8B6359707FED6B5FFB79237DCE5D3FEFCE8F6B328A64306BD6ACAD89A228BC8BA3DBB5A77D47A15B14DCBDFDAEDA82BB28DCE39DDE38627EE8A18756BE1F47AFE3716CE3F56BD6ACE9B5E02EFE1D71D4BBA3E608F7AEBBEEDAEE0BFB41F5A3611C6D19E8B36707FAECDABE4CE868ECCFE16EC871598F715D8C95A2E02EC66D3CDE6DB7DD2A8FE3EC93F83ADE7C53701B9762DADA316D847DD6C87369ECEB28AC6FBDF5D6CA59767170208E70C7018268C55C5ABC3ECE0A8CAFE352B7E20DCE625D13EB9CE2CC3F7369E3F6499FC34D4BE9EAEA7AD3FBDFFFFE175E7DF5D5312BB83FF0810F3C9F3AF41ECD16ABB14A4671BA539C163E7BF6EC4A511DEFDC46911D09E30D6F78C3D6E2BAF67AEEE254F0DB6FBF7DC0823B8E46C711B4A2708F027CE79D77DEE6DAA8E2DDE4F83F47815D24B348747134BCF8FB45E15EFC9BBA17E992D1888FBA0CB400ED18E642B438D5734AB307B0190BEEA2A82EC655BCBB1E5F47215EECBF38C23DD6F745302E8D4B316D5F8D3A97C651EA071E78A0C79BFE71765DF73550F175AC67E2EBB8BF4C47F56CC06869FD5969F126671C70309736767D926A8557A2084E8F2BFB7834441F993E7D7A6DC1BD87D9805171C209277C2F1558635271DF77DF7DAF1E7FFCF1F74A46FDB7B8163A0AE3E2EB28BC8B53A8E25DDEA2C02D5E339482BBF6066B716A7AFCAEF87BC5E9EBD1E25DE4DABFDFDB29E545B110D786C7E33BEEB843321A9EBE8EFE0C76013AD48568F1F75A6201DA6C05776D515DB4DA31F6894F7CA27CF1C517571E2F5DBA54C16D5CB6123135970EEB12BBE288759C811773643C3EFDF4D32B6B9268B12E2AE6D2382B30D6341D35A794C7FA270AEEFDF6DBAFB2C689F54A7C3FD642E6D2C6159FC95D14C27156E568B8E1861B6A8BEDA5660246B3434F39F5D453378DC551EE3441AE4F7F6F9A64D47F2BDE958D2451249AE21DDEB973E7F6B8E1C7500AEEA270DF61871D2A13581C453BF7DC73B79EBA1EEF1A47111EFF86EE05771C0D8F42BCB84EBCA37A843B0AF7EE05BA6434E4A33FDD4F799CD931F4CF9EED6D213A630847998CCB713CC25D3C572C16E3CC1305B771D962C4D45C3AE4561CD52ED63CF1F890430EA9AC8FA2153771ED3ED716EBA628B6F7DD77DFCA7AA7B891DA581F2450700FAF3E298AE138CA5DEF9BA7C5EF8BDF5BFC8D66AD4F68223366CCF8DEB7BEF5AD9F8F66B1FD9DEF7C67F3F4E9D3FF7308D77DB56D322A924B2492DABB737654AFF72C8AF0A2C01EEA11EE28908BC77163A6DA023ADE29EEFEF345823AE288232AEF1847D15F7BF7F3B8966AAC8FC6B56032EAFE313AB50BCAC12C403B06F8B996FC389C56BB863BAE4D8CC7C5119BDA8F0554701B97622AA6ED3A9776546FD65A1CB58E33F1FA3AA5BC7BC11DD7001737758DAF77DA69277369934885F01D45417CE69967D6ED23C2E28DED73CE39679BA3DBCD5A9FD05C1D7A8F540CFFE4D1471F1D95C3DC4F3EF96414669BF23CDF4B321AB8BDF0C20B95A4109F215914B6C5C75AC4B5D7575F7DF536C9A6AF9BA6C551E7A2388F6BC28BCFD08EAFE33328E308776DF15D5B7077546FD814D76577F47143B68EEA11EEDAD74B4623D2FD94CBD7548FDA0CF5E36FBAFFDC483F13D7B81CC3BB94C773F1FA18FF1D0D7E631FE3D2B8145373E958CE9FC52571B507078A4F4AE9ED63C43A6A8E8CC7D771465FC7187FAA8AB97464F5496A1B8AC2F8C20B2F1C71D11DC5765CBA55536C6F6EE6FA84269365D971EF7BDFFB7E129F935DEFCFDD4EBF7753B39FAA311E057771D3A4DA23DDBD1D812EEEC4D95B0229DE0D8EE2BAF85E14DDC5E3B8A6E980030EA814F671A4BAB8262A16FBB577422FAEFD8ED3B20E3BECB0CA6B62A28A3BA9C7E3F85CCCE2DF2919D575213A52BD9DC26991A81997C6A598D2347369AC2F626DD47D2D5414D5EF7DEF7BFB2CB8E3F4F1A38E3A6AEB8187E2C8F725975C622E6D92FAA4B8815A71A47BB8A797C7CF753BB2ED5472C6E59DA459511C3FFAE8A3753BB21D457C1A2C7F27196992D1982F44EBBDA0352E35E3D2B814537369C3B7388A692E6DADFAA4B6E88E6BAFE34052DC6F68B077238F1BA4D55EB31DAD15EA139AF89DA4D4219FFFE637BFF99391DC486DEEDCB91BA74F9FBE31068964A449464336D25323DBE2D44AE3D2B8342EC5544CCDA5E6D2F6A84F52DB545B3047011DD7E82F5EBCB872F4BA38DD3CDE7059BB766DE5A6A49FF9CC672A6763D6FE5C9C46DE2AF509CDFD4ED21ED3A64DBBE3E4934F7EEEDE7BEFFDD9500AED952B57FEFCD4534FFD51FAF9E5AD744D846424198DE34274A8476DDAE6A641C6A571695C8AA9989A4BCDA5ED539FD47E5CD830DB52D76CD3681DFBD828BCE3B4F0CB2EBBECC9BBEFBEFB17EBD6ADABDCD53AC436AED1FEC10F7EF0F2E73FFFF9274F3CF1C40D7127F278D7A8D5EEF627194946E364A8A74AB6D5A995C6A571695C8AA9D0994BCDA5ED579F540BEF57865268B7627D420BE9EAEA7A53EAD867A4F66FE9F19AB47DB97AA38197D3D7EB3A3B3B6F4D5F9F1DEF3C49469A64346E0BD109A96D4E6D8A45A2665C1A97628AB9D45CDA0EF549AA3FE6A4F6446A5BAAC5756CD7A436B7D5EB13908C34C9A87E2655179893FA797E43BB2D408D4BE3D2B81453CCA5E65200C948938CEAA1AFA33F6D7B6AA571695C1A97628AB9D45C0A20196992D1682D44DB7A016A5C1A97C6A598622E35970248469A64341A0BD1CBDB7D016A5C1A97C6A598622E35970248469A64546F711D63B9A3CD3F0EC7B8342E8D4B31C55C6A2E05908C34C96834BCDEB8342E8D4BE3524C31979A4B0124234D32C2B8342E0173A9662E05908C24238C4BCDB80473A9662E05908C24238C4BCDB804CCA5E65200C948938C302E8D4BC05CAA994B012423C908E352332EC15CAA994B012423C908E352332E0173A9B9144032D224238C4BE31230976AE65200C94832C2B8D48C4B30976AE65200C94832C2B8D48C4BC05C6A2E05908C34C908E3D2B804CCA59AB914908C34C908E352332EC15CAA994B012423C908E352332E0173A9B9144032D224238C4BE31230979A4B0124234D32C2B8D48C4B30976AE65200C94832C2B8D48C4BC05C6A2E0568440B172E94041AA76D49C9E815BD12E3D2B804CCA5E6528016B064C99275EBD7AF97081AA0AD5DBBF61B2919ADD22B312E8D4BC05C6A2E0568018B162D3A6AF1E2C5CF3FF7DC733F9710C6EF5DDF48440B162C782AB563F54A8C4BE31230979A4B015A449A0027CF9F3F7F459CEA13D7D76863DE22EEAB24228C4BE31230979A4B010000000000000000000000000000000000000000000000000000000000000000008051F1FF01D456A6E46722A3CE0000000049454E44AE426082, '1');
INSERT INTO `act_ge_bytearray` VALUES ('80004', '11', 'source', null, 0x7B227265736F757263654964223A223830303033222C2270726F70657274696573223A7B2270726F636573735F6964223A226C65617665222C226E616D65223A22E8AFB7E58187E5AEA1E689B9E6B581E7A88B222C22646F63756D656E746174696F6E223A22222C2270726F636573735F617574686F72223A22737973222C2270726F636573735F76657273696F6E223A22222C2270726F636573735F6E616D657370616365223A22687474703A2F2F7777772E61637469766974692E6F72672F70726F63657373646566222C22657865637574696F6E6C697374656E657273223A22222C226576656E746C697374656E657273223A22222C227369676E616C646566696E6974696F6E73223A22222C226D657373616765646566696E6974696F6E73223A22227D2C227374656E63696C223A7B226964223A2242504D4E4469616772616D227D2C226368696C64536861706573223A5B7B227265736F757263654964223A227369642D41413930363341442D424143302D343446382D393734382D304144384633453137353432222C2270726F70657274696573223A7B226F766572726964656964223A227374617274222C226E616D65223A22E5BC80E5A78B222C22646F63756D656E746174696F6E223A22222C22657865637574696F6E6C697374656E657273223A22222C22696E69746961746F72223A226170706C79222C22666F726D6B6579646566696E6974696F6E223A222F6F612F6C656176652F666F726D222C22666F726D70726F70657274696573223A22227D2C227374656E63696C223A7B226964223A2253746172744E6F6E654576656E74227D2C226368696C64536861706573223A5B5D2C226F7574676F696E67223A5B7B227265736F757263654964223A227369642D35353436454238442D313035372D344133342D383330362D453136343530393337464336227D5D2C22626F756E6473223A7B226C6F7765725269676874223A7B2278223A3137312E34353331343634393732323533362C2279223A3332322E3230343136303732323930337D2C2275707065724C656674223A7B2278223A3134312E34353331343634393732323533362C2279223A3239322E3230343136303732323930337D7D2C22646F636B657273223A5B5D7D2C7B227265736F757263654964223A227369642D34373044444135312D384334372D343934442D413233362D393045363936333442373937222C2270726F70657274696573223A7B226F766572726964656964223A22646570744175646974222C226E616D65223A22E983A8E997A8E7BB8FE79086222C22646F63756D656E746174696F6E223A22222C226173796E6368726F6E6F7573646566696E6974696F6E223A2266616C7365222C226578636C7573697665646566696E6974696F6E223A747275652C22657865637574696F6E6C697374656E657273223A22222C226D756C7469696E7374616E63655F74797065223A224E6F6E65222C226D756C7469696E7374616E63655F63617264696E616C697479223A22222C226D756C7469696E7374616E63655F636F6C6C656374696F6E223A22222C226D756C7469696E7374616E63655F7661726961626C65223A22222C226D756C7469696E7374616E63655F636F6E646974696F6E223A22222C226973666F72636F6D70656E736174696F6E223A2266616C7365222C22757365727461736B61737369676E6D656E74223A7B2261737369676E6D656E74223A7B2263616E6469646174655573657273223A5B7B2276616C7565223A2261646D696E222C222424686173684B6579223A22305255227D5D2C2263616E64696461746547726F757073223A5B7B2276616C7565223A226465707441646D696E222C222424686173684B6579223A22305257227D5D2C2261737369676E6565223A2273797374656D227D7D2C22666F726D6B6579646566696E6974696F6E223A22222C2264756564617465646566696E6974696F6E223A22222C227072696F72697479646566696E6974696F6E223A22222C22666F726D70726F70657274696573223A22222C227461736B6C697374656E657273223A22227D2C227374656E63696C223A7B226964223A22557365725461736B227D2C226368696C64536861706573223A5B5D2C226F7574676F696E67223A5B7B227265736F757263654964223A227369642D37393237343031302D454641372D343537442D413232372D413335443335363046433734227D5D2C22626F756E6473223A7B226C6F7765725269676874223A7B2278223A3331362E34353331343634393732323533362C2279223A3334372E3230343136303732323930337D2C2275707065724C656674223A7B2278223A3231362E34353331343634393732323533362C2279223A3236372E3230343136303732323930337D7D2C22646F636B657273223A5B5D7D2C7B227265736F757263654964223A227369642D36343742384643302D463936302D343939362D424144302D454543453239353635373630222C2270726F70657274696573223A7B226F766572726964656964223A226578636C75736976656761746577617931222C226E616D65223A22222C22646F63756D656E746174696F6E223A22222C2273657175656E6365666C6F776F72646572223A22227D2C227374656E63696C223A7B226964223A224578636C757369766547617465776179227D2C226368696C64536861706573223A5B5D2C226F7574676F696E67223A5B7B227265736F757263654964223A227369642D33414635304330312D304537372D344439452D413636352D384145443043413137364539227D2C7B227265736F757263654964223A227369642D45363143364438442D323944342D344242462D384342302D444132303146323241393346227D5D2C22626F756E6473223A7B226C6F7765725269676874223A7B2278223A3430312E34353331343634393732323533362C2279223A3332372E3230343136303732323930337D2C2275707065724C656674223A7B2278223A3336312E34353331343634393732323533362C2279223A3238372E3230343136303732323930337D7D2C22646F636B657273223A5B5D7D2C7B227265736F757263654964223A227369642D35333946453336362D383235312D344138362D413743432D314644364633453442423042222C2270726F70657274696573223A7B226F766572726964656964223A2248524175646974222C226E616D65223A224852222C22646F63756D656E746174696F6E223A22222C226173796E6368726F6E6F7573646566696E6974696F6E223A2266616C7365222C226578636C7573697665646566696E6974696F6E223A747275652C22657865637574696F6E6C697374656E657273223A22222C226D756C7469696E7374616E63655F74797065223A224E6F6E65222C226D756C7469696E7374616E63655F63617264696E616C697479223A22222C226D756C7469696E7374616E63655F636F6C6C656374696F6E223A22222C226D756C7469696E7374616E63655F7661726961626C65223A22222C226D756C7469696E7374616E63655F636F6E646974696F6E223A22222C226973666F72636F6D70656E736174696F6E223A2266616C7365222C22757365727461736B61737369676E6D656E74223A7B2261737369676E6D656E74223A7B2263616E64696461746547726F757073223A5B7B2276616C7565223A226872222C222424686173684B6579223A22313230227D5D7D7D2C22666F726D6B6579646566696E6974696F6E223A22222C2264756564617465646566696E6974696F6E223A22222C227072696F72697479646566696E6974696F6E223A22222C22666F726D70726F70657274696573223A22222C227461736B6C697374656E657273223A22227D2C227374656E63696C223A7B226964223A22557365725461736B227D2C226368696C64536861706573223A5B5D2C226F7574676F696E67223A5B7B227265736F757263654964223A227369642D46344530393042412D363946462D343243352D414235462D364344463032454537393442227D5D2C22626F756E6473223A7B226C6F7765725269676874223A7B2278223A3534362E343533313436343937323235342C2279223A3334372E3230343136303732323930337D2C2275707065724C656674223A7B2278223A3434362E34353331343634393732323533362C2279223A3236372E3230343136303732323930337D7D2C22646F636B657273223A5B5D7D2C7B227265736F757263654964223A227369642D37303737464343452D413437302D343034332D394143302D334142414139314132463734222C2270726F70657274696573223A7B226F766572726964656964223A226578636C75736976656761746577617932222C226E616D65223A22222C22646F63756D656E746174696F6E223A22222C2273657175656E6365666C6F776F72646572223A22227D2C227374656E63696C223A7B226964223A224578636C757369766547617465776179227D2C226368696C64536861706573223A5B5D2C226F7574676F696E67223A5B7B227265736F757263654964223A227369642D38443638443742332D393846412D343839312D394243342D343246374643394435313745227D2C7B227265736F757263654964223A227369642D46364533314344312D413845372D344538432D384341362D373133313842393730303430227D5D2C22626F756E6473223A7B226C6F7765725269676874223A7B2278223A3633312E343533313436343937323235342C2279223A3332372E3230343136303732323930337D2C2275707065724C656674223A7B2278223A3539312E343533313436343937323235342C2279223A3238372E3230343136303732323930337D7D2C22646F636B657273223A5B5D7D2C7B227265736F757263654964223A227369642D44433237424641302D363031392D344631302D384243412D344244373036383341453142222C2270726F70657274696573223A7B226F766572726964656964223A226578636C75736976656761746577617933222C226E616D65223A22222C22646F63756D656E746174696F6E223A22222C2273657175656E6365666C6F776F72646572223A22227D2C227374656E63696C223A7B226964223A224578636C757369766547617465776179227D2C226368696C64536861706573223A5B5D2C226F7574676F696E67223A5B7B227265736F757263654964223A227369642D31314233464638352D394235352D343730312D394438312D414544333843323232413946227D2C7B227265736F757263654964223A227369642D37304241464538462D344232442D343335332D394341412D303335444541384638393035227D5D2C22626F756E6473223A7B226C6F7765725269676874223A7B2278223A3731362E343533313436343937323235342C2279223A3332372E3230343136303732323930337D2C2275707065724C656674223A7B2278223A3637362E343533313436343937323235342C2279223A3238372E3230343136303732323930337D7D2C22646F636B657273223A5B5D7D2C7B227265736F757263654964223A227369642D36334644393242412D314143352D343030352D423632462D333045324342313336373539222C2270726F70657274696573223A7B226F766572726964656964223A227869616F6A6961222C226E616D65223A22E99480E58187222C22646F63756D656E746174696F6E223A22222C226173796E6368726F6E6F7573646566696E6974696F6E223A2266616C7365222C226578636C7573697665646566696E6974696F6E223A747275652C22657865637574696F6E6C697374656E657273223A22222C226D756C7469696E7374616E63655F74797065223A224E6F6E65222C226D756C7469696E7374616E63655F63617264696E616C697479223A22222C226D756C7469696E7374616E63655F636F6C6C656374696F6E223A22222C226D756C7469696E7374616E63655F7661726961626C65223A22222C226D756C7469696E7374616E63655F636F6E646974696F6E223A22222C226973666F72636F6D70656E736174696F6E223A2266616C7365222C22757365727461736B61737369676E6D656E74223A7B2261737369676E6D656E74223A7B2261737369676E6565223A22247B6170706C797D227D7D2C22666F726D6B6579646566696E6974696F6E223A22222C2264756564617465646566696E6974696F6E223A22222C227072696F72697479646566696E6974696F6E223A22222C22666F726D70726F70657274696573223A22222C227461736B6C697374656E657273223A22227D2C227374656E63696C223A7B226964223A22557365725461736B227D2C226368696C64536861706573223A5B5D2C226F7574676F696E67223A5B7B227265736F757263654964223A227369642D43363345344331422D333837452D343343422D413739422D434537344342424234433745227D5D2C22626F756E6473223A7B226C6F7765725269676874223A7B2278223A3838352E353436383533353032373734362C2279223A3334372E3230343136303732323930337D2C2275707065724C656674223A7B2278223A3738352E353436383533353032373734362C2279223A3236372E3230343136303732323930337D7D2C22646F636B657273223A5B5D7D2C7B227265736F757263654964223A227369642D45324142453932382D363743352D343730452D424236352D373843433841374330343634222C2270726F70657274696573223A7B226F766572726964656964223A22656E64222C226E616D65223A22E7BB93E69D9F222C22646F63756D656E746174696F6E223A22222C22657865637574696F6E6C697374656E657273223A22227D2C227374656E63696C223A7B226964223A22456E644E6F6E654576656E74227D2C226368696C64536861706573223A5B5D2C226F7574676F696E67223A5B5D2C22626F756E6473223A7B226C6F7765725269676874223A7B2278223A3937382E353436383533353032373734362C2279223A3332312E3230343136303732323930337D2C2275707065724C656674223A7B2278223A3935302E353436383533353032373734362C2279223A3239332E3230343136303732323930337D7D2C22646F636B657273223A5B5D7D2C7B227265736F757263654964223A227369642D36363445463143442D303636422D343838442D384436342D433930354645304332313935222C2270726F70657274696573223A7B226F766572726964656964223A226D6F646966794170706C79222C226E616D65223A22E8B083E695B4E5AEA1E8AFB7222C22646F63756D656E746174696F6E223A22222C226173796E6368726F6E6F7573646566696E6974696F6E223A2266616C7365222C226578636C7573697665646566696E6974696F6E223A747275652C22657865637574696F6E6C697374656E657273223A22222C226D756C7469696E7374616E63655F74797065223A224E6F6E65222C226D756C7469696E7374616E63655F63617264696E616C697479223A22222C226D756C7469696E7374616E63655F636F6C6C656374696F6E223A22222C226D756C7469696E7374616E63655F7661726961626C65223A22222C226D756C7469696E7374616E63655F636F6E646974696F6E223A22222C226973666F72636F6D70656E736174696F6E223A2266616C7365222C22757365727461736B61737369676E6D656E74223A7B2261737369676E6D656E74223A7B2261737369676E6565223A22247B6170706C797D227D7D2C22666F726D6B6579646566696E6974696F6E223A22222C2264756564617465646566696E6974696F6E223A22222C227072696F72697479646566696E6974696F6E223A22222C22666F726D70726F70657274696573223A22222C227461736B6C697374656E657273223A22227D2C227374656E63696C223A7B226964223A22557365725461736B227D2C226368696C64536861706573223A5B5D2C226F7574676F696E67223A5B7B227265736F757263654964223A227369642D42413732324333442D353942342D343132442D393130372D333232433935463531393546227D5D2C22626F756E6473223A7B226C6F7765725269676874223A7B2278223A3433312E34353331343634393732323533362C2279223A3232312E38313032323037343531343039327D2C2275707065724C656674223A7B2278223A3333312E34353331343634393732323533362C2279223A3134312E383130323230373435313430397D7D2C22646F636B657273223A5B5D7D2C7B227265736F757263654964223A227369642D42463443353438332D353841412D343445462D413030382D464345384542443941394538222C2270726F70657274696573223A7B226F766572726964656964223A226578636C75736976656761746577617934222C226E616D65223A22222C22646F63756D656E746174696F6E223A22222C2273657175656E6365666C6F776F72646572223A22227D2C227374656E63696C223A7B226964223A224578636C757369766547617465776179227D2C226368696C64536861706573223A5B5D2C226F7574676F696E67223A5B7B227265736F757263654964223A227369642D33434631363534352D393530352D343742332D423045322D423038373238353735444534227D2C7B227265736F757263654964223A227369642D44453535353942322D354245442D343544352D413242382D363142463238303032434243227D5D2C22626F756E6473223A7B226C6F7765725269676874223A7B2278223A3238362E34353331343634393732323533362C2279223A3230312E38313032323037343531343039327D2C2275707065724C656674223A7B2278223A3234362E34353331343634393732323533362C2279223A3136312E38313032323037343531343039327D7D2C22646F636B657273223A5B5D7D2C7B227265736F757263654964223A227369642D39313935434236462D304633332D343545382D423339332D443739364430393945333935222C2270726F70657274696573223A7B226F766572726964656964223A2263656F4175646974222C226E616D65223A22E680BBE7BB8FE79086222C22646F63756D656E746174696F6E223A22222C226173796E6368726F6E6F7573646566696E6974696F6E223A2266616C7365222C226578636C7573697665646566696E6974696F6E223A747275652C22657865637574696F6E6C697374656E657273223A22222C226D756C7469696E7374616E63655F74797065223A224E6F6E65222C226D756C7469696E7374616E63655F63617264696E616C697479223A22222C226D756C7469696E7374616E63655F636F6C6C656374696F6E223A22222C226D756C7469696E7374616E63655F7661726961626C65223A22222C226D756C7469696E7374616E63655F636F6E646974696F6E223A22222C226973666F72636F6D70656E736174696F6E223A2266616C7365222C22757365727461736B61737369676E6D656E74223A7B2261737369676E6D656E74223A7B2263616E64696461746547726F757073223A5B7B2276616C7565223A2263656F222C222424686173684B6579223A22304E43227D5D7D7D2C22666F726D6B6579646566696E6974696F6E223A22222C2264756564617465646566696E6974696F6E223A22222C227072696F72697479646566696E6974696F6E223A22222C22666F726D70726F70657274696573223A22222C227461736B6C697374656E657273223A22227D2C227374656E63696C223A7B226964223A22557365725461736B227D2C226368696C64536861706573223A5B5D2C226F7574676F696E67223A5B7B227265736F757263654964223A227369642D42383045443736412D463838392D344338412D393930322D314241323645323936344639227D5D2C22626F756E6473223A7B226C6F7765725269676874223A7B2278223A3734362E343533313436343937323235342C2279223A3138352E30303030303030303030303030337D2C2275707065724C656674223A7B2278223A3634362E343533313436343937323235342C2279223A3130357D7D2C22646F636B657273223A5B5D7D2C7B227265736F757263654964223A227369642D45313041393033302D453542372D343737432D424238452D383136324341434333353646222C2270726F70657274696573223A7B226F766572726964656964223A226578636C75736976656761746577617935222C226E616D65223A22222C22646F63756D656E746174696F6E223A22222C2273657175656E6365666C6F776F72646572223A22227D2C227374656E63696C223A7B226964223A224578636C757369766547617465776179227D2C226368696C64536861706573223A5B5D2C226F7574676F696E67223A5B7B227265736F757263654964223A227369642D34413232334638422D433346392D344443442D413737432D324430413632373333353538227D2C7B227265736F757263654964223A227369642D31374343384643302D343743442D343834362D384635382D383239424246464437333642227D5D2C22626F756E6473223A7B226C6F7765725269676874223A7B2278223A3731362E343533313436343937323235342C2279223A37307D2C2275707065724C656674223A7B2278223A3637362E343533313436343937323235342C2279223A33307D7D2C22646F636B657273223A5B5D7D2C7B227265736F757263654964223A227369642D35353436454238442D313035372D344133342D383330362D453136343530393337464336222C2270726F70657274696573223A7B226F766572726964656964223A22666C6F7731222C226E616D65223A22222C22646F63756D656E746174696F6E223A22222C22636F6E646974696F6E73657175656E6365666C6F77223A22222C22657865637574696F6E6C697374656E657273223A22222C2264656661756C74666C6F77223A2266616C7365227D2C227374656E63696C223A7B226964223A2253657175656E6365466C6F77227D2C226368696C64536861706573223A5B5D2C226F7574676F696E67223A5B7B227265736F757263654964223A227369642D34373044444135312D384334372D343934442D413233362D393045363936333442373937227D5D2C22626F756E6473223A7B226C6F7765725269676874223A7B2278223A3231352E36303933393634393732323533362C2279223A3330372E3230343136303732323930337D2C2275707065724C656674223A7B2278223A3137322E30363235323134393732323533362C2279223A3330372E3230343136303732323930337D7D2C22646F636B657273223A5B7B2278223A31352C2279223A31357D2C7B2278223A35302C2279223A34307D5D2C22746172676574223A7B227265736F757263654964223A227369642D34373044444135312D384334372D343934442D413233362D393045363936333442373937227D7D2C7B227265736F757263654964223A227369642D37393237343031302D454641372D343537442D413232372D413335443335363046433734222C2270726F70657274696573223A7B226F766572726964656964223A22666C6F7732222C226E616D65223A22222C22646F63756D656E746174696F6E223A22222C22636F6E646974696F6E73657175656E6365666C6F77223A22222C22657865637574696F6E6C697374656E657273223A22222C2264656661756C74666C6F77223A2266616C7365227D2C227374656E63696C223A7B226964223A2253657175656E6365466C6F77227D2C226368696C64536861706573223A5B5D2C226F7574676F696E67223A5B7B227265736F757263654964223A227369642D36343742384643302D463936302D343939362D424144302D454543453239353635373630227D5D2C22626F756E6473223A7B226C6F7765725269676874223A7B2278223A3336312E313031353933333637323332392C2279223A3330372E36313338393432353931333637377D2C2275707065724C656674223A7B2278223A3331372E303832303433333737323137382C2279223A3330372E343233333333343336363639327D7D2C22646F636B657273223A5B7B2278223A35302C2279223A34307D2C7B2278223A32302E352C2279223A32302E357D5D2C22746172676574223A7B227265736F757263654964223A227369642D36343742384643302D463936302D343939362D424144302D454543453239353635373630227D7D2C7B227265736F757263654964223A227369642D46344530393042412D363946462D343243352D414235462D364344463032454537393442222C2270726F70657274696573223A7B226F766572726964656964223A22666C6F7734222C226E616D65223A22222C22646F63756D656E746174696F6E223A22222C22636F6E646974696F6E73657175656E6365666C6F77223A22222C22657865637574696F6E6C697374656E657273223A22222C2264656661756C74666C6F77223A2266616C7365227D2C227374656E63696C223A7B226964223A2253657175656E6365466C6F77227D2C226368696C64536861706573223A5B5D2C226F7574676F696E67223A5B7B227265736F757263654964223A227369642D37303737464343452D413437302D343034332D394143302D334142414139314132463734227D5D2C22626F756E6473223A7B226C6F7765725269676874223A7B2278223A3539312E313031353933333637323332392C2279223A3330372E36313338393432353931333637377D2C2275707065724C656674223A7B2278223A3534372E303832303433333737323137382C2279223A3330372E343233333333343336363639327D7D2C22646F636B657273223A5B7B2278223A35302C2279223A34307D2C7B2278223A32302E352C2279223A32302E357D5D2C22746172676574223A7B227265736F757263654964223A227369642D37303737464343452D413437302D343034332D394143302D334142414139314132463734227D7D2C7B227265736F757263654964223A227369642D33414635304330312D304537372D344439452D413636352D384145443043413137364539222C2270726F70657274696573223A7B226F766572726964656964223A22666C6F7733222C226E616D65223A22E5908CE6848F222C22646F63756D656E746174696F6E223A22222C22636F6E646974696F6E73657175656E6365666C6F77223A22247B666C61673D3D2731277D222C22657865637574696F6E6C697374656E657273223A22222C2264656661756C74666C6F77223A2266616C7365227D2C227374656E63696C223A7B226964223A2253657175656E6365466C6F77227D2C226368696C64536861706573223A5B5D2C226F7574676F696E67223A5B7B227265736F757263654964223A227369642D35333946453336362D383235312D344138362D413743432D314644364633453442423042227D5D2C22626F756E6473223A7B226C6F7765725269676874223A7B2278223A3434362E323533393337323831363133352C2279223A3330372E363137373632373032333130387D2C2275707065724C656674223A7B2278223A3430312E373338323933323132383337322C2279223A3330372E343233333731323433343935327D7D2C22646F636B657273223A5B7B2278223A32302E352C2279223A32302E357D2C7B2278223A35302C2279223A34307D5D2C22746172676574223A7B227265736F757263654964223A227369642D35333946453336362D383235312D344138362D413743432D314644364633453442423042227D7D2C7B227265736F757263654964223A227369642D31314233464638352D394235352D343730312D394438312D414544333843323232413946222C2270726F70657274696573223A7B226F766572726964656964223A22666C6F7736222C226E616D65223A22E5B08FE4BA8EE4B889E5A4A9222C22646F63756D656E746174696F6E223A22222C22636F6E646974696F6E73657175656E6365666C6F77223A22247B6461793C337D222C22657865637574696F6E6C697374656E657273223A22222C2264656661756C74666C6F77223A2266616C7365227D2C227374656E63696C223A7B226964223A2253657175656E6365466C6F77227D2C226368696C64536861706573223A5B5D2C226F7574676F696E67223A5B7B227265736F757263654964223A227369642D36334644393242412D314143352D343030352D423632462D333045324342313336373539227D5D2C22626F756E6473223A7B226C6F7765725269676874223A7B2278223A3738342E3733393734363535353232342C2279223A3330372E36333231393337303339373031337D2C2275707065724C656674223A7B2278223A3731362E393031343938333639333231392C2279223A3330372E33383734353538363638333538367D7D2C22646F636B657273223A5B7B2278223A32302E352C2279223A32302E357D2C7B2278223A35302C2279223A34307D5D2C22746172676574223A7B227265736F757263654964223A227369642D36334644393242412D314143352D343030352D423632462D333045324342313336373539227D7D2C7B227265736F757263654964223A227369642D43363345344331422D333837452D343343422D413739422D434537344342424234433745222C2270726F70657274696573223A7B226F766572726964656964223A22666C6F7737222C226E616D65223A22222C22646F63756D656E746174696F6E223A22222C22636F6E646974696F6E73657175656E6365666C6F77223A22222C22657865637574696F6E6C697374656E657273223A22222C2264656661756C74666C6F77223A2266616C7365227D2C227374656E63696C223A7B226964223A2253657175656E6365466C6F77227D2C226368696C64536861706573223A5B5D2C226F7574676F696E67223A5B7B227265736F757263654964223A227369642D45324142453932382D363743352D343730452D424236352D373843433841374330343634227D5D2C22626F756E6473223A7B226C6F7765725269676874223A7B2278223A3935302E343435323931303032373734362C2279223A3330372E3230343136303732323930337D2C2275707065724C656674223A7B2278223A3838352E393239363636303032373734362C2279223A3330372E3230343136303732323930337D7D2C22646F636B657273223A5B7B2278223A35302C2279223A34307D2C7B2278223A31342C2279223A31347D5D2C22746172676574223A7B227265736F757263654964223A227369642D45324142453932382D363743352D343730452D424236352D373843433841374330343634227D7D2C7B227265736F757263654964223A227369642D45363143364438442D323944342D344242462D384342302D444132303146323241393346222C2270726F70657274696573223A7B226F766572726964656964223A22666C6F7738222C226E616D65223A22E4B88DE5908CE6848F222C22646F63756D656E746174696F6E223A22222C22636F6E646974696F6E73657175656E6365666C6F77223A22247B666C61673D3D2730277D222C22657865637574696F6E6C697374656E657273223A22222C2264656661756C74666C6F77223A2266616C7365227D2C227374656E63696C223A7B226964223A2253657175656E6365466C6F77227D2C226368696C64536861706573223A5B5D2C226F7574676F696E67223A5B7B227265736F757263654964223A227369642D36363445463143442D303636422D343838442D384436342D433930354645304332313935227D5D2C22626F756E6473223A7B226C6F7765725269676874223A7B2278223A3338312E38373130343939333135303331342C2279223A3238372E30333332343034383830373539337D2C2275707065724C656674223A7B2278223A3338312E363133333638303632393437362C2279223A3232322E31353230363931303134393332387D7D2C22646F636B657273223A5B7B2278223A32302E352C2279223A32302E357D2C7B2278223A35302C2279223A34302E3030303030303030303030303031347D5D2C22746172676574223A7B227265736F757263654964223A227369642D36363445463143442D303636422D343838442D384436342D433930354645304332313935227D7D2C7B227265736F757263654964223A227369642D42413732324333442D353942342D343132442D393130372D333232433935463531393546222C2270726F70657274696573223A7B226F766572726964656964223A22666C6F7739222C226E616D65223A22222C22646F63756D656E746174696F6E223A22222C22636F6E646974696F6E73657175656E6365666C6F77223A22222C22657865637574696F6E6C697374656E657273223A22222C2264656661756C74666C6F77223A2266616C7365227D2C227374656E63696C223A7B226964223A2253657175656E6365466C6F77227D2C226368696C64536861706573223A5B5D2C226F7574676F696E67223A5B7B227265736F757263654964223A227369642D42463443353438332D353841412D343445462D413030382D464345384542443941394538227D5D2C22626F756E6473223A7B226C6F7765725269676874223A7B2278223A3333312E323533393337323831363133352C2279223A3138322E323233383232373234353438377D2C2275707065724C656674223A7B2278223A3238362E373338323933323132383337322C2279223A3138322E30323934333132363537333330387D7D2C22646F636B657273223A5B7B2278223A35302C2279223A34302E3030303030303030303030303031347D2C7B2278223A32302E352C2279223A32302E357D5D2C22746172676574223A7B227265736F757263654964223A227369642D42463443353438332D353841412D343445462D413030382D464345384542443941394538227D7D2C7B227265736F757263654964223A227369642D33434631363534352D393530352D343742332D423045322D423038373238353735444534222C2270726F70657274696573223A7B226F766572726964656964223A22666C6F773130222C226E616D65223A22E9878DE696B0E68F90E4BAA4222C22646F63756D656E746174696F6E223A22222C22636F6E646974696F6E73657175656E6365666C6F77223A22247B666C61673D3D2731277D222C22657865637574696F6E6C697374656E657273223A22222C2264656661756C74666C6F77223A2266616C7365227D2C227374656E63696C223A7B226964223A2253657175656E6365466C6F77227D2C226368696C64536861706573223A5B5D2C226F7574676F696E67223A5B7B227265736F757263654964223A227369642D34373044444135312D384334372D343934442D413233362D393045363936333442373937227D5D2C22626F756E6473223A7B226C6F7765725269676874223A7B2278223A3236362E38373439323433383235303337362C2279223A3236372E3137343831323439333334397D2C2275707065724C656674223A7B2278223A3236362E36313333393938363139343639362C2279223A3230312E38343931353639343730393333327D7D2C22646F636B657273223A5B7B2278223A32302E352C2279223A32302E357D2C7B2278223A35302C2279223A34307D5D2C22746172676574223A7B227265736F757263654964223A227369642D34373044444135312D384334372D343934442D413233362D393045363936333442373937227D7D2C7B227265736F757263654964223A227369642D42383045443736412D463838392D344338412D393930322D314241323645323936344639222C2270726F70657274696573223A7B226F766572726964656964223A22666C6F773134222C226E616D65223A22222C22646F63756D656E746174696F6E223A22222C22636F6E646974696F6E73657175656E6365666C6F77223A22222C22657865637574696F6E6C697374656E657273223A22222C2264656661756C74666C6F77223A2266616C7365227D2C227374656E63696C223A7B226964223A2253657175656E6365466C6F77227D2C226368696C64536861706573223A5B5D2C226F7574676F696E67223A5B7B227265736F757263654964223A227369642D45313041393033302D453542372D343737432D424238452D383136324341434333353646227D5D2C22626F756E6473223A7B226C6F7765725269676874223A7B2278223A3639362E343533313436343937323235342C2279223A3130342E363634303632357D2C2275707065724C656674223A7B2278223A3639362E343533313436343937323235342C2279223A37302E3239363837357D7D2C22646F636B657273223A5B7B2278223A35302C2279223A34307D2C7B2278223A32302C2279223A32307D5D2C22746172676574223A7B227265736F757263654964223A227369642D45313041393033302D453542372D343737432D424238452D383136324341434333353646227D7D2C7B227265736F757263654964223A227369642D46364533314344312D413845372D344538432D384341362D373133313842393730303430222C2270726F70657274696573223A7B226F766572726964656964223A22666C6F773132222C226E616D65223A22E4B88DE5908CE6848F222C22646F63756D656E746174696F6E223A22222C22636F6E646974696F6E73657175656E6365666C6F77223A22247B666C61673D3D2730277D222C22657865637574696F6E6C697374656E657273223A22222C2264656661756C74666C6F77223A2266616C7365227D2C227374656E63696C223A7B226964223A2253657175656E6365466C6F77227D2C226368696C64536861706573223A5B5D2C226F7574676F696E67223A5B7B227265736F757263654964223A227369642D36363445463143442D303636422D343838442D384436342D433930354645304332313935227D5D2C22626F756E6473223A7B226C6F7765725269676874223A7B2278223A3631312E393533313436343937323235342C2279223A3238372E303333323332363031333737377D2C2275707065724C656674223A7B2278223A3433312E39373436333038373232323533362C2279223A3138312E383130323230373435313430397D7D2C22646F636B657273223A5B7B2278223A32302E352C2279223A32302E357D2C7B2278223A3631312E393533313436343937323235342C2279223A3138312E383130323230373435313430397D2C7B2278223A35302C2279223A34302E3030303030303030303030303031347D5D2C22746172676574223A7B227265736F757263654964223A227369642D36363445463143442D303636422D343838442D384436342D433930354645304332313935227D7D2C7B227265736F757263654964223A227369642D31374343384643302D343743442D343834362D384635382D383239424246464437333642222C2270726F70657274696573223A7B226F766572726964656964223A22666C6F773136222C226E616D65223A22E4B88DE5908CE6848F222C22646F63756D656E746174696F6E223A22222C22636F6E646974696F6E73657175656E6365666C6F77223A22247B666C61673D3D2730277D222C22657865637574696F6E6C697374656E657273223A22222C2264656661756C74666C6F77223A2266616C7365227D2C227374656E63696C223A7B226964223A2253657175656E6365466C6F77227D2C226368696C64536861706573223A5B5D2C226F7574676F696E67223A5B7B227265736F757263654964223A227369642D36363445463143442D303636422D343838442D384436342D433930354645304332313935227D5D2C22626F756E6473223A7B226C6F7765725269676874223A7B2278223A3637362E323334333936343937323235342C2279223A3134312E33313435363834313136343134367D2C2275707065724C656674223A7B2278223A3338312E34353331343634393732323533362C2279223A35302E357D7D2C22646F636B657273223A5B7B2278223A32302E352C2279223A32302E357D2C7B2278223A3338312E34353331343634393732323533362C2279223A35302E357D2C7B2278223A35302C2279223A34302E3030303030303030303030303031347D5D2C22746172676574223A7B227265736F757263654964223A227369642D36363445463143442D303636422D343838442D384436342D433930354645304332313935227D7D2C7B227265736F757263654964223A227369642D34413232334638422D433346392D344443442D413737432D324430413632373333353538222C2270726F70657274696573223A7B226F766572726964656964223A22666C6F773135222C226E616D65223A22E5908CE6848F222C22646F63756D656E746174696F6E223A22222C22636F6E646974696F6E73657175656E6365666C6F77223A22247B666C61673D3D2731277D222C22657865637574696F6E6C697374656E657273223A22222C2264656661756C74666C6F77223A2266616C7365227D2C227374656E63696C223A7B226964223A2253657175656E6365466C6F77227D2C226368696C64536861706573223A5B5D2C226F7574676F696E67223A5B7B227265736F757263654964223A227369642D36334644393242412D314143352D343030352D423632462D333045324342313336373539227D5D2C22626F756E6473223A7B226C6F7765725269676874223A7B2278223A3833352E353436383533353032373734362C2279223A3236372E303936383836323337373733327D2C2275707065724C656674223A7B2278223A3731372E343432383836353434383830382C2279223A35302E357D7D2C22646F636B657273223A5B7B2278223A32302E352C2279223A32302E357D2C7B2278223A3833352E353436383533353032373734362C2279223A35302E357D2C7B2278223A35302C2279223A34307D5D2C22746172676574223A7B227265736F757263654964223A227369642D36334644393242412D314143352D343030352D423632462D333045324342313336373539227D7D2C7B227265736F757263654964223A227369642D38443638443742332D393846412D343839312D394243342D343246374643394435313745222C2270726F70657274696573223A7B226F766572726964656964223A22666C6F7735222C226E616D65223A22E5908CE6848F222C22646F63756D656E746174696F6E223A22222C22636F6E646974696F6E73657175656E6365666C6F77223A22247B666C61673D3D2731277D222C22657865637574696F6E6C697374656E657273223A22222C2264656661756C74666C6F77223A2266616C7365227D2C227374656E63696C223A7B226964223A2253657175656E6365466C6F77227D2C226368696C64536861706573223A5B5D2C226F7574676F696E67223A5B7B227265736F757263654964223A227369642D44433237424641302D363031392D344631302D384243412D344244373036383341453142227D5D2C22626F756E6473223A7B226C6F7765725269676874223A7B2278223A3637362E303331323731343937323235342C2279223A3330372E3730343136303732323930337D2C2275707065724C656674223A7B2278223A3633312E353436383936343937323235342C2279223A3330372E3730343136303732323930337D7D2C22646F636B657273223A5B7B2278223A32302E352C2279223A32302E357D2C7B2278223A32302E352C2279223A32302E357D5D2C22746172676574223A7B227265736F757263654964223A227369642D44433237424641302D363031392D344631302D384243412D344244373036383341453142227D7D2C7B227265736F757263654964223A227369642D44453535353942322D354245442D343544352D413242382D363142463238303032434243222C2270726F70657274696573223A7B226F766572726964656964223A22666C6F773131222C226E616D65223A22E58F96E6B688E794B3E8AFB7222C22646F63756D656E746174696F6E223A22222C22636F6E646974696F6E73657175656E6365666C6F77223A22247B666C61673D3D2730277D222C22657865637574696F6E6C697374656E657273223A22222C2264656661756C74666C6F77223A2266616C7365227D2C227374656E63696C223A7B226964223A2253657175656E6365466C6F77227D2C226368696C64536861706573223A5B5D2C226F7574676F696E67223A5B7B227265736F757263654964223A227369642D45324142453932382D363743352D343730452D424236352D373843433841374330343634227D5D2C22626F756E6473223A7B226C6F7765725269676874223A7B2278223A3936342E353436383533353032373734362C2279223A3239322E323732373135363839303136397D2C2275707065724C656674223A7B2278223A3236362E39353331343634393732323533362C2279223A31307D7D2C22646F636B657273223A5B7B2278223A32302E352C2279223A32302E357D2C7B2278223A3236362E39353331343634393732323533362C2279223A31307D2C7B2278223A3936342E353436383533353032373734362C2279223A31307D2C7B2278223A31342C2279223A31347D5D2C22746172676574223A7B227265736F757263654964223A227369642D45324142453932382D363743352D343730452D424236352D373843433841374330343634227D7D2C7B227265736F757263654964223A227369642D37304241464538462D344232442D343335332D394341412D303335444541384638393035222C2270726F70657274696573223A7B226F766572726964656964223A22666C6F773133222C226E616D65223A22E5A4A7E4BA8EE68896E7AD89E4BA8E33E5A4A9222C22646F63756D656E746174696F6E223A22222C22636F6E646974696F6E73657175656E6365666C6F77223A22247B6461793E3D337D222C22657865637574696F6E6C697374656E657273223A22222C2264656661756C74666C6F77223A2266616C7365227D2C227374656E63696C223A7B226964223A2253657175656E6365466C6F77227D2C226368696C64536861706573223A5B5D2C226F7574676F696E67223A5B7B227265736F757263654964223A227369642D39313935434236462D304633332D343545382D423339332D443739364430393945333935227D5D2C22626F756E6473223A7B226C6F7765725269676874223A7B2278223A3639362E383837353733343439353733332C2279223A3238362E33363631343533353433363232337D2C2275707065724C656674223A7B2278223A3639362E353737333133323934383737342C2279223A3138352E34303439303932303332353539387D7D2C22646F636B657273223A5B7B2278223A32302E352C2279223A32302E357D2C7B2278223A35302C2279223A34302E3030303030303030303030303031347D5D2C22746172676574223A7B227265736F757263654964223A227369642D39313935434236462D304633332D343545382D423339332D443739364430393945333935227D7D5D2C22626F756E6473223A7B226C6F7765725269676874223A7B2278223A313230302C2279223A313035307D2C2275707065724C656674223A7B2278223A302C2279223A307D7D2C227374656E63696C736574223A7B2275726C223A227374656E63696C736574732F62706D6E322E302F62706D6E322E302E6A736F6E222C226E616D657370616365223A22687474703A2F2F62336D6E2E6F72672F7374656E63696C7365742F62706D6E322E3023227D2C227373657874656E73696F6E73223A5B5D7D, null);
INSERT INTO `act_ge_bytearray` VALUES ('80005', '7', 'source-extra', null, 0x89504E470D0A1A0A0000000D49484452000004050000018D08060000006922C866000000206348524D00007A26000080840000FA00000080E8000075300000EA6000003A98000017709CBA513C0000000467414D410000B18E7CFB5193000000017352474200AECE1CE900000006624B474400FF00FF00FFA0BDA793000000097048597300000EC400000EC401952B0E1B000020004944415478DAECDD0B7814D5F9F8F1B39B3B048812204084A054505014A850454D11852AAD372009284441A95504046F154AF0DE8A82177E78410D2A24285E6A69FF2068A3A245050A162D58D000418246091020F7FD9F7777364C96DDCD85246C66BE9FE739CFEECECC2ECB3B99D939EF9C8B52000000000000000000000000000000000000000000000000000000000000000000000000000000000000000000000000000000000020A4390801806052535393F4433A91000000804565666767E7DAF53F1FCEFE075083745D6611060000005858865DFFE3240500D4C56C42000000008BE0C697222900A0F66667676767100600000058416A6AAA3CD83E31E0E44F0100000000007B22290000000000804D91140000000000C0A6480A0000000000605324050000000000B02992020000000000D814490100000000006C8AA40000000000003645520000000000009B22290000000000804D91140000000000C0A6480A0000000000605324050000000000B02992020000000000D814490100000000006C8AA40000000000003645520000000096929E9E1E471400A076480A000000C032D2D2D286151717EFFBC73FFEF11AD100809A911400000080258C1A356A487878F8DBBFF9CD6FD4B265CBC6BCF1C61BCF121500202900000080C69770A21302919191EF4E9E3C3962ECD8B1EAF6DB6F57EFBDF7DEC437DF7CF385661443BA3D006872E184000000C072A47219AF4B790DDBCDD265B62EB9BA5CA74B5E0DDB4FD4E5265D8A7449F259779DF1396B8CD78374D9ACCBC6A64808444545FD4D1202FDFAF50B93657DFAF45193264D52F3E6CD9BB064C992A2D1A3474F6D82B88FD0A5A039C6100049010000005847A064C0025D6E31BD968440A1F1BCBB2EAF05B96694CFBCC4A8CC7A130F52AED0E51353457684B14C3EBBB8B1FFA332868074199832654A74DFBE7DABAD3BEBACB3DC2D069E7AEAA9298B162D2A1C376EDCEC46FE3ABD75C9A8470CAFD4E543530CAF33B66B9218022029000000006B914AE7369F65A9BABCA83C77A20389D625DDA7222A2D0E86EA72B52E15A6EDBC77AFE5718AA932DC5F97DF1ADF41120479A64A70A32404A64D9B162D2D03FC91E553A64C911603194F3FFDF491499326FDA591635FDB1886FBC4F06E5DEE355E279B62785D63C61000480A000000589FDC8DBED5480A042315597F83F3CDF1799D60545CBD77BF738D8AB028309201DE75DD5523347FF70E2A182C21E0252D0624313077EEDC47172E5C183661C284471A31D6B58D61A24F0CB79A6298DB14310400C14083000000D64F08C85DE8C5CA73B7F9F7BA9C13647B59779B514195F288A9B2AA4C95D64CA3C2EA4D0A988BFC9BB1C6368D9210904105A5CB404D0901736260EAD4A98E8F3FFEF8A1279F7C725223C7DC5F0C4784520C0180A400000080F575372AA50F29CF1D6CB98B2F77B187EB323D481261B35119952277B0D704F937A4D540924FE9D0581559EFA08253A64C89F41D43A036898169D3A639366EDCF8E4ECD9B36F6AC4B8FB8BE1C6508921009014000000B03669767E9551B99CA78EED8FFEA0F1F8FB5A7E5EB0590CD6EA92E3533635C67F4AC610301202D1DE5906EA4A120393274F76E4E6E63E3B73E6CC1B9B709F84440C0180A400000080F5251915CBD541B6913EEED97E96CB5D6B19142FDD28A7294F8B037F64304369E22E49889ECA33C89EC857354FCD57E78480770C81BAB610F0255D0EA64E9DEACCCBCB7BA1915A0CF88B61E2898E21009014000000B007A96816D6623B7FDBACD0E5CFEA68D3F79901920B5281956E0529CAD33541EE768F539E5609EB94677ABE410DF19FA9CBA082B5658C31E0FCEEBBEF164C9F3E7D5403C7DF5F0CD70489E1258D1D43000884D90700000020C282240A649A41B96B1D655A26B3197807EC93BBDAD23C7EBE717D2983EABDA3CB5CE5994E2FF7781202BE830AE6E7E74B85FE986D67CE9CA9CE3CF3CC6ACBBEFDF65B75DF7DF71DB3ED5FFEF2177762E08E3BEE087BE28927964C9F3E5DCD9933E7F51314C362234EE2392386321561B611C3CDAA76491E00A8335A0A000000D8437E0D15CB8A20EBA4522A6314BC6FBC96A6F07F37556267E9F2822E0FE8324D799ACB4B13FA9B8C7FB7DE09017F830A262424C88081AA53A74ED5B69F376FDE319FE1BBEC8C33CE5037DF7CB33AE59453DCAF8DE90AC30A0A0A964C9C3871C471C6B8A6185E678A614F530CFF6EC4EE05239612C3CEA61816F1E70BA0B1D052000000C01E56D4B03E23C83AB9936DAE5DE7A9A377B6D71A2590F2FA7C59EF1802D242C0DF1802FDFBF7576BD6AC517A1BB573E74EF7B283070FAAE79F7FDE5DE9172FBFFCB2D295FDAAF774EFDE5DC5C4C4A88B2EBAA8DA67490B046931F0F8E38F674D9830A172E1C2856FD533C635C5F041D3EB2D46A94D0C01A0D1D0520000000021A5B6830AFEFEF7BF57478E1C712706BC3EFEF8637792E0C71F7F54EFBFFFBE72B95CEEE5920CD8B76F9FFB3D6161C74E5C604C57185E5656963D6EDCB82BD80B00480A000000004DAC2E830A464747ABF4F474D5A64D9BAA65E5E5E5EAE1871F56B366CD521515475BF3B76EDD5A5D7FFDF5AA55AB56013FCF480C44389DCE37274C98700D7B03004901000000A0091302BE830AD6445A12FCF297BF54B1B1B155CB0E1C38E06E15E0D5AE5D3B77D781010306D4F8799218983C797294B418183B76EC95EC1500240500000080A64B084406EB32E04F4A4A8ABB7B80D3E9B9B4F57619705FECEA659595956ADCB871B5FE3C4948488B01FD74A9FEECE1EC1D0056C64083006013A9A9A949FA219D480008350E87A37B7878F8882953A644D5352120A41B817EAF7AF0C107DD630C98B56CD9524D9C383168B7017FA4C5C0F4E9D3A3E6CC99B32C2D2D6DA2CBE5EAC69EB2ACCCECECEC5CC20092020000AB9384C02CC20020D4C89DFDAE5DBBAAFA2404BC4E3DF554D5B66D5BB57BF7EE6A2D05642C01A9E0D787BCEF924B2E89FA7FFFEFFF65B2972C2F831080A40000C04E66130200A1425A0AECD8B163C4A64D9BA26A3B9680AF6FBFFD56FDFCF3CFD51202A2A8A8487DFDF5D7EACC33CFACF367FEE73FFF91190C4AF4F7A3A58035912807480A00803D1302D9D9D9198401402819356A54E69C3973964F993225BC5FBF7E6175796F7171B17AEAA9A7DC8FBE0E1E3CA8162C58E09E91A02E5D082421F0D8638F153B1C8ED4ACACACBFB287AC27353595C400A018681000000021E0F5D75F5F5D5A5A3A7CDEBC79251B376EACA8CB7B972E5DEA4E08C880824257E4ABD6C9B2F0F070F5CA2BAFD4FAF3366DDAA4E6CC9953A2BFCF48FD3E120200480A000000004D9418B8F2F1C71F2F59BF7E7DAD12031B366C507A5BB57FFFFEAA65279D7492BB78E5E7E7ABFFFDEF7F6ADDBA75357E9E7443983B77EE61FD3465E9D2A5CBD92B00480A000000004D9818A8A8A8B85657CC8B7565BF34D8B6D23A405A00ECDBB7AF6A59585898BAFBEEBBD5ECD9B3DDCFBD0E1C38A0162D5AE4EE4E10887419C8C8C8282B2D2D1D430B010024050000008013202B2B6B455959D95573E7CE2D0B961878F6D967554C4C8C2A2F2FAF5A76E18517AA2E5DBAA876EDDAA9C1830757752590A90AA5F580BC27504240C610703A9D69FADF7F87BD0080A4000000007082488B81CACACA11F3E6CD2B5EB76EDD3123084A5780BCBC3CB56BD7AEAA65B1B1B16AC2840955AF6FBCF1C66ADD08A40BC1A14387D43FFFF9CF6A9F651E4360D1A2456F127D00240500000080134C5A0C545454A4488B810D1B361CF02E9731021E7FFC71B57BF76EA5D7576D7FEBADB756EB3220A64C9952EDF5D6AD5BD5F3CF3FAFBEFFFE7BF76B6921A03F4B6619B896310400D811531202000020A41303A3468DBA4657DCDFD215FC03BFFCE52F5B272424C8F25ABDFF17BFF845C06DA585802404CACBCBAF967F876803B0235A0A00000020A44957025D71BF66DEBC798ECF3FFF7C5F437CA62404649601E932404200004901000000A0792406C23EFBECB31F8EE7B3BC5D0634A61D0440528010000000A0B92406F443CA934F3E19FDC5175FECAACF67480B01996540BA0C90100000920200000068468CA6FE294F3CF144EB4F3FFDF47F7579AFB7850063080000490100000034E3C4804C57F8F4D34FB75FB366CDD7B54D08480B01C6100000920200000068E6A42B812406E6CF9FDFF9A38F3E5A1F6CDB6FBFFD56FDE52F7F292D2F2F4FA3CB00009014000000804512030E872375C182053D3EFEF8E37FF9DB46C610B8FFFEFB0F575454A4646565BD43D40080A4000000002CC2E84A70F5FCF9F3CF58B56AD57BE675E659064808000049010000005890B41870B95C235F7CF1C5F356AE5CB9DC9B10F08E2140970100082C9C10000000C00A898151A3468D7CE9A597DED2CF0F94959545931000809AD1520000000096490C848585FD7CF8F0E1D66565650524040080A4000000006C223D3D3DDAE57275355E7692D7440500822329000000004B282E2E1E687E5D5252924C540020389202000000B08A71E6172E976B3C210180E0480A000000C02A86F8BC4E1E3972642C610180C0480A000000A0D94B4B4B1BA61F127D16C78785850D233A0010184901000000347B9595954303ACBA92E80040602405000000D0AC25272787EB87F400ABAF62160200088CA4000000009AB58E1D3B0E74381C710156C7969494D08500000220290000008066ADA65906F47ABA100040002405000000D06C195D078604DBC6E5725D9D9E9E1E47B40080A4000000002CA47DFBF6C9EAD85907AA71381C6D8E1C393288680100490100000058E962D6E9AC55D70087C3318E6801809FF328210000004033965A9B8D5C2ED710A3AB0100C084A4000000009AA551A346C95802F1B5D9566627E8D0A1C308A2060024050000006001BAA2DFBF8EDBF7246A00501D4DA8000000D02C2D5DBAF451FDF0A879596A6A6A867E98A5CBECECECEC0CA20400C1D1520000000000009B22290000000000804D91140000000000C0A6480A0000000000605324050000000000B02992020000000000D814490100000000006C8AA40000000000003645520000000000009B22290000000000804D91140000000000C0A6480A0000000000605324050000000000B02992020000000000D814490100000000006C8AA40000000000003645520000000000009B22290000000000804D851302C016A27529D6255697EEBA6C24240080DADABC79F388B2B2B249C5C5C57D0E1F3EDCA6B2B23264BF6B515191FAE69B6FD4E9A79F3E6BFCF8F1B342F57B3A1C0E151313735097FF4444443C7BD65967BDCA5F1A009202001A43922E237459AB4BBC2E09BA0CD46585CF7605722D45B800005E1B366CF8554949C9EBFBF6EDEB9C9090E0E8DCB9B36AD5AA95723A43BBB1E9E5975F1EF2B195C44A515151AB03070E9CBF77EFDEF33FFDF4D387232222AEFFE52F7F99C35F1E80A644F701C0FAF274C9D5E50A5DDE3196F5D365A22EC9BADC67240DDE20540000AF8D1B374ED415D6351D3A7448D4155547972E5D549B366D423E21D06C2EC2751C5BB76EAD12131355BF7EFD54C78E1D130F1D3AF4BE8EFB54A20380A400808624157F6905B0D2782DDD083E315E671ACF2559700BA10200781302454545FFD7AB572FA7B40E90A6EE685C9D3A7552679F7DB6F3E0C18373D6AF5F7F2B1101405200404390B104C6E872B7515E0EB05DAE51000036F7F1C71FF7292C2C9CDFA3470FA7DCC9F6555951AA0ABEFD406D5F33476D593D436DFBF82FEAA7EF7294ABB29CE01DA7962D5B2A49C41C3C7870EE071F7CD0878800202900E07849AB801B74F9B3516E08B01D577200003787C391DDA54B97307F090191B769B13B2950565CE8F9012939A07EDCBE5AE5FFF71D82D7408981AE5DBB46684B8906009202001A52B4E9F1345D86EA92A14B2F5D1ED0E511420400F6F6DE7BEF9D53595979AA3465F7E7F0CFDBDDC59FFD7B36AAE2837B08620390F83B9DCE6EAB56AD1A4834003436661F00EC41061BDC66240436EBF2ACB15C662328203C0000D1B265CB3FB46FDF3E32D01802470EEC0EFAFE92A2BD2ABA554702D9001212122277EFDE7DA3F2CC1E04008D869602803D0CD2255697EE3E1717B26C863ADA8A00006063151515C932C34020358E1BE0AA24880D44BA6FB85CAE4B890480C6464B01C0FA64BAC15C5D8A9467D041B9A2AB30AD97AB3F99967026A102007B2B2D2DEDD6AA552B021102626363657F74211200480A00385ECB9567C04121D310E6101200803F2E972BDCE9A421692830F6033B0340E39F6F08016079C5A6E7DB080700A0BE22A2E382AE0F8FA295010034372405007BC923040080FA6A19DF43C5B439C5EFBA16279FA662E2BA1224006866E83E00D843AAF2B41828F439FE6580C1E584070050AB0BC7C896AA5DF7CBD4CEF52F1EB3AEE399572B67582441028066869602807D786718186A3CCA7484898405005017156587FD2E2F2F39487000A019A2A500600FF9CA3303819424E5196C30C9280000D4C8E5AA543FEF58A37EFA2EC7EFFA5D1B5E566DBB25ABB64917112C00202900000000AB282B2E547B36BFA10E17EE08B84D6545A9FA71DB7BEAD04FFF53093D7FA7225BB62370004052004008784C97DDBA24284FCB801EBA241BAF134CDBC998036B091700C06C5FDEE7AA60FB2A555176A456DB1FDEF79DCAFD7C818A3F75B03AA9CBF9CAE1A0B72A0090140070A2C838025F198900EFC082F14672401EDBAAA35D088A081700C04CBA0BFCF0BF15757E9FB41A90F7499703BA130000490100278EDCFDCF549E9601B94651C6B22475747C010000FC56EE8F87ABB29C20020049010000003447D205400A00C0BA480A00F639D6BDD30F7ABB0F241ACF6141292929F7381C8E4702AC9E959A9A3ACB67D9ECECECEC0C2207000040520080F5C878013D75E9AE4B81F27427F08E31000B723A9D1B5D2E57ADB777381CDB881A000000490100D6B45631B380AD646565AD484D4D9504508DAD415C2E57617474F432A2060000603FCC1103589F741388339ED332C0467465FF9D5A6E9A939999594CC4000000EC87960280F50DD465802E0FE9F2822E5B74A9D0254A9712639B30E599BA309B70592A29B0D4E1704CA8C5A62F122D000000920200AC499A85AFD6452A872B7559682C1FA6CB665DF29467E0C17442652D2D5AB458535C5C9CAF9F2604D9AC282626660DD1020000B027BA0F00D6166D54F6E38CE480B77FF9402319709D69BB470997B5185D0256D4B0D932BD5D21D1020000202900C09A49016911946C94D38CE5D72A4F2B8136C66BE952409F726B5A54C3FABF1322000000920200AC49EE004B7701E93E70892E3B74E9AD3CDD0844B9F2B41A8045E5E7E7AF91D90502AC2E8A8E8E5E4E94000000480A00B0AE585D86E8728BF20C2E78B72E17EB92612408C629CF9802B0A09C9C9C7287C3F15A80D52B9875000000C0DE186810B03EA9F4651ACF67FA592F5D0C06E9D25F79C61D80C5B85CAE950E87E3363FAB96121D0000007BA3A500607D52E97FD9679924047B1ACF2569B0DA28B0A0BD7BF7CA6083793E8982C2E8E868F63900000049010016277788FF6C3C4FD2E505E5194B402A89E9CA3335A160047A8B922E04CA27E9E370385633EB00000000480A00D6275D02B618CF650AC2A9C6F322E5E9562073D8BFAA1857C0EA16F9240516131200000030A600607DDB4CCF338D6480F259B64EF9342F87B5444747AF2D2E3E3AA6605454D40AA202000000920280BD04AAF86F569E9602B984A86EDE7BEFBD731C0EC7B5BA0C76B95C32586364A87ED765CB96A9FDFBF7ABD8D8589592927264CC9831A1FA552B743C37E9787EA09FBF79E9A597AEE52F0DB09F828202F5E9A79FAADFFDEE7755CB1E78E001D5A74F9F6ACBC4DEBD7BD5DCB973D5A38F3EAA0A0B0BD5975F7E59B5AEBCBC5CE5E6E6AA1B6FBCD1FDDC7D011C1EAE76ECD8A1F2F2F2DCDBB66CD9B2DAE76DD8B0415D73CD35EAA28B2E624700202900C0121628CFD484EB75D9A83C2D03CC2D06A45B41A22E8F12AADA59B972654FA7D3394F5F58F64F48483870F2C927776EDDBA75A45E16B2DF39313151BDFEFAEBEE0BDDD34F3F3D64BF6765656558515151EF9F7FFEB9CD9E3D7BC6AC5AB5EA6BBD6CCAD0A14337F39707D8477C7CBCBB12FFC1071FA8C18307BB2BFE92D4F44D0818E764357DFA74F773D9A66BD7AE55EBDE7FFF7D75E8D0A1AA04819C07333333557A7A7A55F2E1965B6E7127093EFCF0433576EC58F7F3F3CF3F9F9D00C016185300B087CF94672C81D5467240AE9C1E539E4106AFD2A59F2E730853EDAC5EBD7A485858D827494949E7FEEA57BF6A7BEAA9A7768B8B8B0BE98480D0DF53DD73CF3D219D1070FF30E9384A8245C7F7341DDF8EDDBA753B53C7FB431DF7E1FCF501F620957769152015F68F3EFA48BDF2CA2BEEF3579B366DD4F5D75FAF76EFDE5D6D5B7D0E762711264D9AE46E292049016FF9E28B2FDC957E111D1DEDAEF49F76DA69EE472925252555AD067EFAE927F773695525AD0900C00E38DB01F6516014B9DBBA5C7906185C609C07AE579E1909508B8480BE505CDCAB57AF36BAE21A46441ADF29A79CD2F1E4934F569B366DCAD4F14F1F3264C872A20258FC02D5A890DF7CF3CD55CBA4022F3EFEF863D5A14387AAE5923090ED9F7EFA6975E9A597BA93035EB24CB6FDEAABAFDCDD0ECC649C154928C8A32402F2F3F3AB250500C02E682900D84B922E238C926C2403A4A42B928435922E030E87E38D5EBD7AB50F9610282B2E5487F77DA7CA8EFC4CD01A88F4F7D517F46D75FC5FD5FBA1371101EC9D3030DFC54F484850975C7289BB5580B96B81240B7AF4E8A132323264FC17F5D24B2FB99300EFBEFBAE3B01208F52A4F5818C1D3060C000774B2A79DEA54B17020DC03EE755420058DECBBABCA98B0C8227E308BCA38E6D15F08C2E8374C9215C814544442CD0179D31AD5BB7F6BBBEBCE480FA7EF31BEE8480576C7C0F9570E6352A3CB225016C80C440525292F3BBEFBE7B4ABF1C4C4400EB92BBF772B75EEEDAFB5B6776F9E597AB254B96B81FC5F6EDDBDD4900198740920262EAD4A9EA1FFFF8873B99208983BFFDED6F6AD4A851EE7537DD7493BB8B82240ABEF9E61BF7F39D3B77BABB2874EEDC999D0180A40080666F879110A849394981C0649681B0B0B0BEFA0231CADF7A5765B9DAB16EE131AD038A0AB6AAEFBF5CA24EE9375E391C34CE3A5E898989ADF585FAD9AB56AD1AC8AC048075151515B9FBFD0B195740C602900104C599679E596DDBB7DE7A4BFDEB5FFF72BFA767CF9EEABCF3CE936957D5679F7DE61E54505A10E87386FAFDEF7F7FCCBFE39DB5403E5B12109270909602679F7DB67B9C0200202900C00A728DCA7EA251A42225DD0796294FEB8035A6A40002703A9D23A589AAC3E1F0BBFED0CFDB037617385CA82F340FEC56316D4E21900D40EF87E89D3B778E34FE960158F102D5B8A32F957A192450C606909600BD7AF5724F2D28AD01BC49830B2EB8C0BDADBC67EBD6ADEE04826C2364B042EF8082E684830C46F8FCF3CFAB7EFDFAB9C71B10329E80B414100B172E540B162C70FF7B0040520080551203DE635E9E17188FE7F8AC47E00BD4E1279D7452EB40EB4B0EEE09FAFED2433F921468207A3FB4DCBD7BF76FF4D3694403B0269986502AEC6DDBB67557F26556814D9B36B9D749255E5A0F7CF2C927EECABEB40A9026FF527EFBDBDF06FD5C4906C8EC0577DE79A7BB4580907F4798A72434271100C0EA68CB0AD843B22E038D24803CEF613C46EBC2346FB5505E5E7E46AB56AD02AE77B92A0952139166BE7A7FF42012803549AB00E9CB2F77FEA55FBFB7FB800C04280901E91620E30178071B9C33678EFBEEFF8C1933DC157C194CD0977C868C33205D02643C014908C876FEB6F5260FA4950200D8012D0500FBC8378A58695A96A2CBB38AEE0341B95CAE08A7933C6A2830F6033B03B0A8CB2EBBAC6A8040490E48337E2F490EC8008262F4E8D1EEC7071F7CB0DAFB658C01EF6084329E80CC4210A8E22F830FFA326F2FC906EF580600405200407325FDAEB704594F32A00130882000340C6F4240D4A719BF7756819AC4C7C7D34D0000480A00B6B0A586F56B08D1F18B6CD92EE8FA88166D0912000000420EB7B600A001B46CFB0B151BEFBF9B7BEB84B3196410000000240500C0B227D3B0487572D7417ED7B5EB7E19DD0B00000040520000ACACE4D08F7E979706580E0000009C68240500E038555694AABD5BDE553F6C5DEE777DDEC657DDEB653B000000209430D020001C87C33F6F577BBE7E5B95151706DCC6E5AA54FBF23E57077EF85A75EA75AD7BFC0100000080A400003453156547D48FDB56AAFDDF6F7057FA6BF59ED222B5EBDF8B549B4E7D55BBEE435578644B0209000080138AEE0300500FFB76FD4B15EE5E57EB84809924120AF33E238800000038E1682900202897CB75AAC3E1504EA7B307D1382A223A4EB538A9DB71BD1F00000020290020648D1E3DFA1C97CB35BC5DBB76070B0B0B474C983061CEC2850BD71319E5EE02200500000068CEE83E00206042A0B2B272554A4ACAAE279F7CB2D5E4C993C3CBCACAFEF5873FFCE17CA20300000090140060516969693D25213062C4886D575E79E5D9B2AC6FDFBEEA861B6E88282D2D5D75F3CD379F4694000000009202002C26353535493F2C1F3E7CF88FD75E7BED40F3BA8B2FBE585D77DD752D5C2ED7BF8DED0000000090140060958480C3E1583D64C810D7983163CEF0B78D2406AEBDF6DA562D5BB62431000000009014006005E9E9E9710E8763797272B2E3C61B6FEC1E6CDBA14387AA2BAEB8222E3A3A9AC40000000040520040734F08949494ACEEDBB76FABF1E3C79F5A9BF75C7DF5D56AC89021713131311B478E1C994014010000009202009A195DA18F9584C059679D153775EAD42E616161B57EEF983163D4C08103DB9C74D2499FA7A5A5C5134D00000080A4008066223D3D3D3A2222E2CDB3CE3AABE35D77DD755A5D12025E37DF7CB3CC4CD0392626E6334930105500000080A40080669010282D2D7DF3D4534F3D77EAD4A99DEA9310F09A3871A2B377EFDE5DE3E3E33F96CF25BA0000000049010021ACACAC6C49B76EDDCEFBD39FFED42E3AFAF8EBF1B7DF7E7BD899679E7996FEAC4F490C00000000CD43382100EC272D2DEDC50E1D3A0CFEE31FFFD826222242151616AA5B6EB9E598EDE6CE9DAB1212AA8F211868DBF9F3E7CBF2B03973E69CF5DD77DFC92C06C3727272CA893600000010BA682900D83021101F1F7F554646469B162D5AB897C5C5C5C99D7E15131373F4E4E074AAE79F7FFE98F7BFFCF2CBCADCD5E0E4934F5663C78E753FCAF2C9932787B76FDFFEE25EBD7ABD9D9C9C4CE21100000020290020148C1E3DFAA176EDDA8D7CE8A1874E6ED5AA55B575BFFAD5AFAAB50AA8ACAC543B77EE546BD6ACA95AF6D9679FA9CD9B37AB8A8A8AAAC4419B366D646AC27B765E210000200049444154AA6DA42BC2CC9933C3E3E2E2869D7EFAE94B490C20948C1A356A486A6AEA0C22010000405200B095B163C766B46EDD7AEA8C19335AF92604BCEEBAEB2E15151555F5FAD0A1432A3333531D3E7C58C62050AFBCF28AFBB9977C8EB430902E0866F2FA8F7FFC63788B162D7ED7A3478F17A9D0E14491A494F177F3B42E3F3A9DCE557AF1034406F0CFE17094495218279EB11FD819001A1D77F0001BB8FEFAEB67E8CAFEDDF7DF7F7F74BB76ED026E27DD082EBFFC72F5B7BFFD4D95977B86039064C04B2FBD24178AAAA8A8A86A5B491E0C1E3CF8983107BCA46B82240666CF9E3DFAD65B6FDD3A7FFEFC87EB53A16BDFBE7DB2AEC85DA95F8ED1E52463D58356DF6712FFF0F0F03A6DB377EF5EF7B2CE9D3B572D2B282850F1F1F1413F47B6917D1FECDFF3F77DE4EF61C78E1DAA57AF5E219708E8D8B1E34097CB355EBF94662C899C0580DA090B0BDB7CF0E0C173A515184E2C39C7EADFBFAF8804009202008ECB0D9ABEC89B91919111152C21E0356AD428F5F9E79FABDDBB77BB5F979696AA2FBFFCD25D2994E7E604C2B5D75E1BF4B3E4DFBBFFFEFBC3F5BF3DEB8E3BEE703CF1C4130FD5B1423754978E76DC6F1F7CF081BB6BC6800103DC033B4AF70EB36FBFFDD6BD4F1E7CF041F5D5575FA99F7EFA49BDF7DE7BEEC733CF3C53B56DDBD6BD2F6FBAE926959595E5EED661AED81717172BF3AC137A1FB93F2B10F9ECD8D85875D14517557D8EFC5B2FBCF0829A376F9E7B7D9F3E7D54870E1D4E58CCD2D2D286555656CADF4CBAFEFB8933AD2A337EEF1C9C1180E0F4F1FD777D6C77D2E79F0E44E3C4DAB76F5F813EA7AD241200480A00A8B7D4D4D474FDB0E0DE7BEF8DEAD4A953ADDF3779F264191740959494B85F1F3C78D0DD52C0AB65CB96EAE69B6FAE36E060203200A1FEACC819336664DC7AEBAD87E6CF9F3FAF860ADD0DBA4267FB5B54975D7699BAE79E7BDC4901D9773298A3DC957FFDF5D7D5D4A953D5A79F7E5A6D7B49024839FBECB3DD77EEE50E9354D4E5B9BCE78B2FBE702719A4E22F0981A79F7EBA5A055EB697EE215ED27544924332B0A49016247A1FBA93026FBDF596FB332429207F23F23E4914C8E735655240A6BED4DF63A07E3A4E9721FAEF26D1F4775A613CCA1F69046703A076F471F4E6DEBD7BFFD0AD5BB76AE77D34BDEFBFFF5E129A6F120900240500D4CBF8F1E347EA4AF673BA221779EAA9A7D6E9BDA79C728A7BF0C07FFCE31F7281E8BD50F49C34C2C3D5F9E79FEFBE1B5D5BD26240BA12CC9A35EBB1891327163CF7DC73AFF954E82ED39FDF890BD0EA1E7DF4D1AAE7EFBEFBAEDABE7DBBBB85C0A44993D4A5975E5AD52D60FDFAF5EE0AFA37DF7CE37E94961DB29FBC490079DFFEFDFBDDEF139210183D7A74B56E06F21EA9F87B3F5312098F3DF658B5EF23AD0984B408904127BDE4B3376CD8A06EBCF1C626898BC4E0CD37DF94C4C4119F55D2F7D66194A019ABD4D4D40CFEC2106232B3B3B3734FF497B8ECB2CB36AE5AB56ADDAE5DBBFA76E9D2259EDD7262ECD4CACACAFEA7CFF56B890600920200EAECA69B6EFA5D6969E9E269D3A645D43521E0959696A63EFCF0C36AE30888C8C848A950D5F9F3BA76EDAAEEBDF7DE705DD17C59BFFF615DA13BA5BEFFBF1351A1934AAF24426AEA9FDF10E44EBC8C0F20FFA634CF17BFFBDDEFDC2D05649F48E5FDEBAFBF3EE67DB2AFA4B58077B048B9AB2F090149284857022F79FFA64D9BDCEBCC157BF3674AF711EFFF55BE8FBC96EF230905799E9494E4EE7E2049086FB70159E74D3C34A637DE7843151616FA5B5597C1736771A64008CA08852F51595939599F6FD6C4C5C595B66EDD3A92DDD2B4F4B9FCB08E7F0BBD1FA6100D00240500D4597A7A7ADCC18307FF7AD965971D39EBACB3EADD6C5ABA0648E5D23729201541998AB03E7AF4E8214985B043870E9D729CFFCD26AFD0FDFBDFFF762736AEBEFAEA46FFB7AEB9E61A7702C03C1384DCB9978AB054DEA5058154FE2FB8E002F73A79CCCFCF7737F597EFD8AF5F3F77C55F481704E90A60FE2CE9522015EB1B6EB8A16A99B42A90F78ABCBC3C7752C2F7FBC83632AE80FCDBF228DB4BF70621DD09BCDFA7B18D1C39D23D8E81C4E238CCE66C8110117209AAA143876E59BD7A75EA7FFEF39F977BF7EE1DA38FFDB6ECA6264B08ECDBB469D321FDF416BD1F36131100240500D459666666E1A851A32EFDE73FFFB9B467CF9E8E5FFDEA57D1F5F99CE5CB972B7FD352494B01593762C4883A7FE6DAB56B2B0E1E3C280315ECD3A5B3CF6AE9032ED986DAF42168F20ADDB9E79E3BEBC20B2F6CDA13B43128A0246224A122833B0A1958502AE55E5261CFCDCD5553A64C51DDBB7777270F3EF9E413F798005281966DEFBDF75EF76085DE26FE5289975607E6CFF0BE96BBFF326E4420521997811025F9E03577EE5C77A2A12948EB17F9FB5BBC78714C494949B2CBE592992964968184DA7E4676767606670B8402A3E555C82506860C19B25ABB4157509776EEDCF9737DDC9D4717AFC6F5EDB7DF7E9A9797D75DC7F9161DFFE5440400490100F5F6FAEBAFAF4E4B4BBBF299679E5979E8D0A1227D71115B97F77FFFFDF76AE5CA9532F2F131EBE48EF4471F7DA4FAF6EDABEAD235E18B2FBEA8983F7FFEA1D2D2D26BE5FBC99802478E1C19A22F7E6470C1AB54F569E3BCD90867A854E8C68F1F3FAB29BA0EF8231578E90270F1C517BB5F2F58B040DD79E79DEEE732C09F54E0131313DDC90029924490A6FE5269975602D2DC5FB6937104BCE43D3278A13929E07D2DCFCD830EFA23890349447849170273A2A22964666616EB871552BC7F4FFAF995FA6F4A6A59B19C0980E34F0CE8DF820BF43964EE9E3D7BBE6FDBB6EDD6F6EDDB9FA4F5743A9DD1A1FABD65DC11695D2549D1D34E3B2D64E35B5959597CE0C081AFF7EEDDFB53414141B78A8A8AC37AD925B410004052004083C8CACA5AA32B81172C5AB468B5AE10560E1B36AC756DDF2BCDD00F1F3E5CF55ABA1248AB01EF6083F2FCA5975E0A3A859DD9871F7E58F9E28B2F1ED1DFE3127DA1B6CE54A1933B21CB939393A72624245CA53F7FA8AED00DF34910C83C8861AA8681E3AC4AFAFD4B255F120332468078F5D5578F9EC4C3C3AB9AF0CB380152A197990B642040EFF6B24CC624F0ADD44B72C76BE7CE9D55AF25F1E38F2416A48580FC9B32CB81F7DFF55E849F483E7F4FB774ECD851662348D1E52AFD3715C71901A81FE94AA01F7EF3DE7BEF9DF3E38F3F5EAB4B72A87F6719074592DA4F3EF964BD5AB535F175B824C137E9F22706150440520040835BB264C9C6D4D4D4FE8B172FCEA9A8A8705E71C51535DE3D95AE01050505D59202A79F7EBA3B11B075EBD6AA0AA5DC697EFBEDB76BEC63BF6AD5AA32FDEFFFAC2BB583DE78E38D6DFEB6C9C9C929D70FCB8C22CD69E5A2F35A5D2441D0DDAEFBEF99679EA9AAF44B77006FA55DFAF6FB2349016F17831F7EF8A1EA6EBF4C4778DB6DB7B9BB20789D77DE79554903215D07BCAFA5B5414242F596F8929458B870A1BBC5820C4828630E48B2C19C300815C6DF93B705C12DFA6F7990D3E9942E06C375613475A01E645602FDB031D4BFA731B38D7B6612E9EA24DD8C8CA4210080A400604F32C59554B2F5E39A3D7BF694DF70C30D7172E7DF1FA90C4AB701490A78C9180253A74E551111116AE2C489AAB4B4D4BD5C9AA4FFF39FFF5483060D724F39E8CF5B6FBD55F9D7BFFE55BA0C0C0F941008F09D73A46E27CF53525264DAC2F17E5A10589ADCAD9F306182BB322E53409A2BF0929091F10264C0406F855D5A13086F52A07DFBF655DD01E451F6AD34A7F5CE4260EE4A20A49B81977C86F9DF73FF588487BB072DF476A190EE02B28D248A2441104A490133A332B05A4A72727278C78E1D87BB5CAEDE9C19006B32A6BAAD22E38E284F921000405200B07D626090AEC4BF77F8F061C7ADB7DEDAC65F6260FEFCF9CA3C9094CC322023CFB76AD5AAAA2229779FA5D5404545853B51F0D4534FA9071E78C05F42A0FCDD77DFFDB9B4B474C0F1CCBDBD74E952694E69BB2695D23A408ADCFDF70E38E8256305C87219D7417CFAE9A7EE6D649A40212D0A64FC0173F7002177FFCD090433690D128CF4CBF5F6CD95A48477FC00697D202D06A4EF6EA8335A10BC631400D634CECF6B9202004052008054CCD3D3D3CF5BB76EDD6A5D91EF7AFBEDB7C79B13037AB9BB5BC08F3FFE58B54CA69EBBF2CA2BAB5E0F1D3A54BDFFFEFB6AD7AE5DEED73220A15426A5C5C0AF7FFDEBAAED162F5E2C15B0DDA5A5A5FDF5BF5B40F4EB4FEEC8FBE39D45400C1E3CF8B8FF1DF3E7D5C43CEB8090310C0020440C37BFA8ACACFC8DB41232928200003F9C8400B00F99AE302C2C6CD0FAF5EBB73DF6D863FBCACACADCCBA569F9E38F3FAEF6ECD9536D7B99E2CE97742530FBE69B6FD4F3CF3FAF7EFEF967F7EBD75E7BADF2A38F3EDABA7FFFFEDE595959240400004D222D2D6D907E88F70E8A2B1C0E479BF6EDDB27131D00088C960280FD1203C523478EBCF43FFFF9CF5BF7DF7F7FBF3FFDE94F274B1F725D81AFD5FB3B76ECE8775BE94EF0DC73CF556EDEBCF9BFA5A5A532A86011D1060034159971C44804545BAE5FCBF2D5440800FCA3A500604352618F8C8CFC5D6E6EEEE70F3CF040A1F4333F1EF2FE79F3E6B9BEFAEAAB2D454545FDA5450251060034B1217E2F769DCEDFC9AC04840700480A0030911603E1E1E1576FDFBE7DE57DF7DD5750DFC480744178E491472ABFFBEEBBB5070F1EECC7D44F0080A6664C65DBD3DF3A97CBD5DE7756020000490100466260C99225A97BF6EC79F7AEBBEEDAA72BF5757AFFE1C387D5FDF7DFEF2A2A2AFAE7575F7D7511090100C089A02BFE57D6B0490A51020092020002C8CACA1AFFC30F3FBC396DDAB483E6D9078291ED66CC98E13A72E4C8271B366C18C6C8CE008013C5E1708CA861FD35320B019102009202000258BA74E94D070F1E5C74DF7DF71DC8CFCF0FBAADB42878E491475CDAEAF5EBD7FF9A840000E044193D7AF439FA21511757A06DA40B414242C239440B00480A0008223B3B7B92AEF0DF3D63C68C7DF9F9F915FEB69116023367CE74C5C5C5BDB271E3C6CB490800004EA48A8A8A71C653470D9B8E275A0040520040CD8981670F1F3E7CFBDD77DF5DFCEDB7DF565BB763C70E7742E094534E796AD6AC59E924040000279AC3E11856CBED2E4B4A4A62160200202900A026595959AF959696DEA62BFE87BFFEFA6B778B81AD5BB7CAA082AA77EFDE2F4C9F3E7D0A5102009C6829292932AB40CFDA6CEB72B94E2D2B2BFB63904D528928003B62C015007E65676767A6A5A5153EFCF0C3AF9E76DA692DF2F3F31D7DFBF69D73DB6DB7DD45740000A160E9D2A56B954FB781D4D4D40CFD304B97D9FAB72CC3E72DFD7591B10536FAF9385A1100B0255A0A0008282B2BEB9DCACACABF7EF3CD37CEE8E8E81C12020080666E9D2E09BA0C241400405200402DB85CAE6DF2F8C30F3F7C4434000016B04297785D329467D60200B035BA0F000000C06E96EB225D0F7EAF4B675DB6EBD25697EEBA941BD7C8DB0813003BA0A500000000ECA8409707755964BC9631050629CF80834C5F08C0366829000000003B9204800C3AB8599739BAA4EB92495800D80D4901000000D849ACF2CC4EF0892ECF100E007647F701000000D885741178559795BABC43380080A400000000ECE331E56921B0DACFBA14E5999500006C85A400600FB5998F990B210080D57DA8CBB301D6C9D8028584080049010056F480E9F9105DE27CD627E8721B61020058DC325D8AFC2C9771B6EE549EE9080180A40000CB596C4A08C868CBBE7742D275C9214C00009B4A373D978108198C1B004901009623173889BAACF3592EAD067A901408CEE1709457565612881060EC0776068086646E21D09F7000202900C08A642EE6D78CE4800CB434C8583E4D973F139EE0222222FE77F0E0410211028A8A8A647F7C472400D48324C2A3EB982400009202009AB5245DFA284F0B01B9C8912998EED5A5B72E4FEBF2992E5B08538DDEDFBF7F3F77A743C081030794CBE55A412400D4C3202AFC00405200B013B92392AECB6E9FE57241B44D97ADBAF4244C352B29297971CF9E3DA5BA324A304E30BD1F8E949797BF462400D4C325240500A03A065101AC4D0614CC301203A9BAAC519E0194AE529E1198659E66B96B32C2788D002EBBECB28D1F7DF4D1D6EFBFFFBE4FE7CE9D09C809A2E3AFCACBCBB75C7AE9A56B8906807AD8AFCBCB7E9677D7E562E3B9CCC89343A800901400603532FFF223BA3CA4CB1C75F44E89240A643A42E963594C98023B72E448EA8E1D3B36B66AD52AAA75EBD604A4891D3A7448E5E6E6169796968E251A00EA2923C0F2745D328DE7C98409809DD07D00B05752E016E5BF3FE5322E826A3674E8D02D31313163B66CD95226FDDAD1B40981AFBEFAAA2C2A2A6ABCDE0F9B8908800646970200240500D842912ECB95672602B37C45CBA15A193870E09B919191E3366FDE5CB67BF76EC518038D4FBA0C7CF9E597A5111111BF3FFFFCF3971011008D20CFE7F520420280A400002BC9F149006CF3B30D3310D4D2800103B25C2ED7B97BF6ECF9DFE79F7F5EB173E74EB57FFF7E5559C9E4040D41E2282D31F2F2F2D4BA75EBCA77EFDEBD3D3232F2C2810307BE44740034922B55F5E4781221016017DC1904EC21D7F4BCBB71B1B3DAB44C06558A234CB53778F0E0AFF4C3E91F7CF041BF9F7EFA695A7E7EFE852525259D5C2E57C8265B0B0A0AD4E79F7FAECE3DF75CD5B163C7908DADC3E170454646EE8D8888F8A4BCBCFCA98B2FBEF823FEE20034B2FDA6E739840300490100562283089AFB60471B4900490CC8AC03738C65B7EA7203E1AA737260BD7E18DD1CBE6B6A6AEA7FF443EF3D7BF67C939D9DDD83BD07C0E6D7C0E67104328C47499017121E007642F701C0FA7A1909803146D9682C976E0445A6EDF2099575A5A7A74BE2A7B7F1F274E33500D8D15CE5498EFBD39FF000B01B5A0A00D6F7993A3ACD92B7F21F6F5C10C51A0983445D7E2254D6555C5C3CD0FCBAA4A424593FAC2032006CFABB98683C7F4C97ADBA74D0E571C52C04006C889602803D49D371A9144A62305D970754F53106603DE36A780D007620BF7B39CAD3724A661C58AC3C5D072451B04D71C30C804D4F8C00ECE7135DD629CF5803D27F525A0F6C242C9636DCFCC2E5725D9E9C9C1C9E9393C35D310076D2D3F8ED8B375EC7FBAC4F204400480A00B01AB9E0C9309E4BF3C835C6F3414645F1345DA61226EB4A4B4B1BE472B97C2F7C5BB76FDF3E59D1420480BDC8782A320B4F81F1FA12E5E946D747D15200004901001635C778BCCE480E4845505A0678FB93CBB80213747947559FBA1016E172B952FC2D77381C29240500D8CC3AE3372F4779BA104C35120449C66F637763BB7853E200002C8D310500EB4B321EFB188FC5AAFAAC03F27C9EF2742380350D099014B892590800D8D06BC6795192E257294FC23C5D79A6F0BD529719BA3C4D9800D8052D05006B93BE912F2B4F0B00B9FBF1822EBB75B94097B5BA5418DB85E9F295625C01CB494D4D4D569E3EB4FEB4336625C82152006CA4D848082C509E96020B4DEBA47540A63A3A3B0100901400D0AC4953C85F1BCFD3D5D1A909A5A22873317BBB1624E9328C70598FCBE5BAD2E17004DB2485A400009BC9509EF175A495DC04E3F7F0192359A08C848074B97B945001B003BA0F00F6B1D9F45C5A099893827221B49010598FC3E11851C326236416022205C026D295672A42194F45665F7956976C5DE62A4FC25CC840BC99840A0049010056E1ADF0C9E04A326E407F230960BE03926F5C1CC142468F1E7D8EAAB9096C7C4242C239440B804D8CD1A5AB2EA9EAE8F48392249869FC4E8A02E37711006C555900605D0FE872AFF15CFA9627992E7C6061151515E36AE83AE0359EBF090036716980EB604904481255062124490E80A400004BD9AF3C032AC92C03D26DE0565D861AAF7F32B69181060F29FA4F5A8AC3E11856CBED7E235D08727272B810066027E9AA7AD739B92EBECD480C301D21009202002C6399F2CCC5BCD678FDA2626039CB4B49499159057AD6665B97CBD535212161107F17006CC69B08956E75D25A4A66E9910107657C0199AE75923A3AF82000901400D06C49BFC8FBD4D1D9053A1B173EB27C8B2EDB0891F52C5DBA549240D5FA0EA4A6A666E88759BACCCECECECE204A006C6C90E9796F232920490219636587F20CCE4B42000049010096201739F3D5D1A690D146910B9FE1C6FA1C557D76020000ACEA1E5D72FD54FA638DDF46F9BD5C419800D805B30F00D627173DD25220C128FD8D47B92092669271C66B46A00700589D54FC3395671A42EF0C03F23B9864AC5B663C1F44A800D8052D05007BF84497214622408E7BB903926C2C5BA8987A0900600F9218CFF159D6C7480C9C663CB654CCC80280A400000B99A03CE3084C559E6E0359CA731744E669961908524C898385840B006051D212E04A3F49810F95A7F58074A95BAECB145DDED6E56AC5B80200480A0068E6E27559AD3CE3064C305EFFD5B8F849569E3999B31573320300ACAFC8B8F67DD9782D5DE7EE339202DEDFCCDB8CE7F792100040520080151418459A432E342E88D28D75D1C6394046A37F523127338E92A90CB7F8599EA44B9E228904F8136B1C23FE066D8D33CEBF1C3B27DE24D3F364E5E95637CD9414D8683CDF48A800D805030D02F6304F1DBD43B2CC4808C8548499BACC549E160380978C31E16FE0C9642A35C031E4FC298934697ADEDFCFFA81BA3CA6B811138A647A5E49886F355E5FA03CADEBE28C7D0A002405005846B47181536E24078A8DA48057A1F2DCE102BC7F0F89C6DF0D80E064947A69869E6DBC96E6E7C946E96994A99C6343928CAD232D3C9E315EDF643A07D27A0E00490100967295F2DCADEA1DE08236950B56F8586EFC5D707713086EADF2343F8F355E4B13F431CAD36A401202D23A6B98B10CA1455ACA7967DF09372502569314004052008095C845A9DCC192BEE0D28435439705BAAC32920443D4D13B5C8099FC5DC89813B4180082FB4C97BB8DE739CA339B8B2403A45FBAB4CC5AA148B085BA74D37349F0C411120076C10F14606DD2047CA2F2345D95AE034BD5D1990792946740AC78C2046D843A7AA7D36CB7F22490661222C02F49AEAE319201E97ED64B62ED4DE5E96280D0651E2F4592E9854601009202009AB53CD371CE052982C955FE9BCBCA405C3718159F71CA935402E02149D501BABC1F60BD542E99DD25B4785B3E059B6E90FD0580A400004B91BB1FC9BAF4315ECB731959BE83E9B9240CF20995ADAD0B70F12C7F23D2BF5606A6A4392D706CE5F145E5499ADDE3E73CBAC55409E51C1B1A24D19957435200006C85310500EB2BAA61BD3419674A42F823634FBC637ACD4534E09F4C65F7ACF13CDE2889460574B2F28CE5B292308584F1B5F85D04005BA1A500607D9B94A7AF6B92F13AC7784C323DCF95D7292929F7381C8E47027CCEACD4D4D459E605D9D9D90EC26B592FE8F25755BD4FADDCE98CE5821A38C64AD3B1222D030A8C8480B4B0B993F08494EDBABCACAA8F21A08CFD75B1717E93754F122A6BA9EB358E365B5FE76410399014006005E691E3FDF5934C309202CAE9746E74B95C440C72875306465BE167DD7DBADC4B88806AD752E65634AFF9AC9771056ED5E5EF018E2934AD678CE22B5D1D1D33258930594F5DAF711C0EC736A206DB1C1F8400B03C732240EE8264E892A23C73667737270DB2B2B256A8DA0FB09447682D2B2F40E545FA47CF263C40355271586B9C4BD704386E262923F90AE0C4A8CB358ECBE52A8C8A8A5A46D46017B41400AC2FC7F4DC5F33D6389F1FC2771C0EC7845AFC6072C7CB7E18280D3896B74B4DB1912008640BA16A56062912399653DB6B1CB976CACCCC641C1D9014006019C5C6B11E28E32DA3CECBA0589B8D1FCCA5C60F66A50AD29A486FB398D05ACAD346E5C64CFA48EFF759B639C8DF1260472F18C9808A20DB4429CFB485AB0957C81AAA3C03ABCA794FC61460B6156B2605BCD738D28F20D8B8482F122D90140060357281136C70B8AAE6742D5AB458535C5C2C778413826D9F9F9FBF86B05ACAA41AD6C71917CBC9840AA8E639E56991156C10CE245D2692140869727EF3DE19962E54CF1012EBA9E5354E514C4C0CD738B015C61400508DD15C2E68D700697E979393534EB42C492E94D24D6590B17C18A10102929B2C6F1BCF872BCF782D49A6E3475A63FD993085B45B14D3AE728DE3B14C6F5748B440520080DD2DF2D6FFFD9E389CCE370991A5F5509EBEB452BC5D0A184F00084C92A42B8DE7038C6440B2F2344917D24D8B4A4668794097DE01D68D509EC40EAC7D8D13C8DF0911480A00B03DE91A2023EF2AFFFDEDF2F6ECD94313580BEF7E5DB62A4F7368A9C8F8DE398B2544805FDE6E58DB95676ABB4CE339428FB4889AAE020F24D84779A65F85B5AF71FC298A8E8E5E4E9440520080ED49D70087C3F19ABF7532EB005D076CC35FFFE878C202A099935600EB7CCE718F99CE6F4BD5D1AE1FB0D1358EB6825907405200008E56FE571A8FBE5D08DE273A962777C9D275B947979EC6B29E8405A815195F20D928D2158751EC438FBFD90552754934ED43D8F31A6729D10149010030ECDDBB5706E2C97368A6C50595959534ABB3A6685DCE319E4BE2274717D9D7DEB9D50770A10CD44AAEF20C3228652BC74D485AAB3C5D0824F129AD06640C01E9FE31577992390F18DBC046D738D2A5203A3A9AEE91202900005E461701DF1FC7156FBCF14611D1B124B908F6F6B15C6E546C361BC9017183F2DC5D03E0DF32E351CE9B99A652406842529A2EB7EAF23F5D9ED665A42E8B757959791239B30991BDAE711C0EC76A661D805D91BD06108C8CD09B6EFAC164D601EBFA4C79E6512F09B24D4BE5B9BB9649B8802A3282FDB85A6C278378DE4BB8428654087F619CD364DF483FF26DBA2C2434B6BDC6594C48405200007C444747AF2D2E3E3ADE4E5454540E51B1AC65EAE89D4E00B5F70C21685692D4D159078A4DCFBDC901D8F71A670551014901004DE6830F3EE8D7A2458B69656565179694947472B95C21DB9567D9B2656AFFFEFDAA75EBD66AE4C891FBC68C191392DFD3E170B8222323F74644447C525A5AFAD4C5175FFC117F697522E3096C0CB04E0619DCC271098E4BBFA43259A4FCCFD681D03CD715AAA3DDA5BC7A9B920232E060394982FA9F4B75857B724545C5AF9BCB354E6C6CAC4A494939C2350E480A00688A1FCA5EFAA4FE566565E5A96DDBB60D6FD3A68D6AD5AA95723A43B7EE919090A0DE7AEB2D75CD35D7A8D34F3F3D64BFA78EA9A3A8A828E1C08103D7E6E7E75FB966CD9A5C1DD731E79F7FFEE7FCE5D58A5C045FA58B4CD3B4CD67DD40232920EBE54E4A31C725382EAB3CA23CFDCF7D9302A9C6F1421FE5D02263A64CD0E5599FE5E6315364F0C15C4255AF73E9327DDC776FD7AE5DB33897262626AAD75F7FBD395EE3B0BC0F150000200049444154EC74B95CA32EBCF0C2F5FCE5A12170C5033491CF3EFB2C4DFF306EE8D4A9D3E9E79D775E78972E5D94FC60867AC5437E24EFB9E79E90FEB1749FCC741CA53583FCC0F7EFDF3FBC73E7CEDD4B4B4B3FFED7BFFE95CE5F5FAD2F94338C8480CCCF9D6E2AD1C63671564B0834D7E3B2D95C64D8E3B8FCB39F6532AA7D120981902495FF8D4662000D441FD3A38C7369CFE6742E3DF5D4539BEB35CEA91515159F728D0392024033B276EDDA6BF585F0A25EBD7A45EA13B9AA3ECB1F1A83BE3051679F7D76645959D9F39F7EFAE9682252A364E59981E031E5E92EB0CD4800C41B8FB2EC0A8E4B705C1EC3375126C9006989F9287B3C740F7F5DD618E7BB7308C7F1D1C7F255FA98E65C7A62CEA52F7CF2C927D7131190140042DCCA952B7B1E39726471CF9E3D2324CBEB4F51C156F5FDE6D7D5CEF52FAADD5F66A9433FFD8FC03580962D5BAADEBD7B47949494BCA8F7436F2212548A2E33757952799ACDE6294F7F5A994E4DEEAC0DD3E54363DB708E4B705C06348C8440B3205DA2643688FE467240A6279CA13CADA386129EDA9F4BF5B19C75C6196744073A971EFE797BB573E981FC2F095CC39D4BC3CBCACA167EF0C1077D88088E07630A008D2C2626263B3131312AD08FE5DE2DEFAA7D79D5BBD71EFCE12BD5EEB421AA6DB76402D8003F9A494949D13B76EC7845BFEC4B4402F2CEA52E773D9354F571052441F09A71B12C17CD0B55331F808BE392E3B28149A5F245E3F891A6E9897EB689538107F3C489E11D4C305697EDCA330644BCB1AF500B515151AF74E9D2256042E0A7DC8FD48FDBDE3BE65C7A78DFB72AE18CAB0860039C4BBB76ED1AB96BD7AE25FA652F2282FAA2A500D088DE7BEF3D6996D8439A79F9537C60F731158FAA1ADAB71FA8F2920304B10148FCC3C3C37BAE5AB56A20D108A8447946DF9EAC8E1D68D06C59734F08705C725C36823B8DCAE403C67194ECA724B0D7438AEC0F192452929EF394A7E540AE2EEB14C99B5A9F4B9D4EE75981CEA515A545AA60FB6ABFEB0A77AF5347F6EF22880D742ED5FBA11BD73820290084A8A8A8A8F11D3B768C0CD4BFAEF8405EC0F7BA5C95FC603620BD1F627405E43A221150917141FC909F75B1C6C5F3006581A909392E392E1B89B4A6F9ADF20CCC29CF337D0A73A0870E995D60AEF2CC1A112801104B98828B88881813EC5C7AE4C06EF739339023853B0862039E4BF56FDB8D4402240580D074499B366D021E67E5A58782BEB9B2BC8408361069DAA82F5C86118980A4B9EC70E5E9562617CC2394A75F6D3FE569122D17CF3D392E392E392E832A341202BF67EF86F4B94E12025355F541227D9300F711AA1A2A114EE7E5C1CEA515359D4B2B4A0962039E4B2B2B2B071309D417630A008DA8ACACEC1732472F4EBCD8D858D91FDD8844405291916E01439467546E6F53E724E3D19B18900ADC0A8E4B705C064D0CAC308EA5D5ECE59093AACB4A756C37281970B0DCD877D2226A12A1AAF15C7A3AE752CEA5202900A0062E972B9CF9CE4383B11FD81981499BF905BA3C675C109BBB09A41B159C3C658179D7392E392E9BE07A4AC6E590B105E4EE73117B3AA4C8B828C501967BCF7BF984897329E752EB494949B9C7E1703C1260F5ACD4D4D4593ECB6667676767901400D0B8076064CBA0EBC36A580F3420B943363540A57F9D51C929E6B8E4B8C4310255FA97AB6367F2C089571060F96642D3B06A3A5786732E4513733A9D1B5D2E57ADB777381CB6397F9351024EA0966D7FA19C6191FE7F4C23625474EB448284A64C0A1406B9582EE6B8E4B844C04A664180638A84006C2BA64D171516E97FBC4687335CC5C425112434A9ACACAC152A7062B01A97CB55181515B58CA4008046171173B2EA7C769ADF755DFA4D208B0E705C0240B32449D4AEFDC6FB5D27E7D8A8D80E04094D4E57F6DFA9E5A639999999B6B92142520038C1245BEEF7E00C8B203800C7250034DF73698073A6D3490F669CB0A4C0D25A6EFAA29DE242520038810E17EE50F95BDEF5BB6EF79759EEF500382E01A0B939B27F97FB9CE9CF9EAFDF56453FFE9720A1C9B568D1426658AA6930D1A298989835240500342A999B77EF37FF50BB36BCAC4A0FFDE8779BE2837BD4CE752FB8B7632E5F80E312009A035765B92AF8F603B573FD8BAAF8C06EBFDB941517AABC4D8B55FE7FDFE15C8A26657409A8696AE5657ABB423BC585B63B40133BBCEF3BB577EB725552B4B756DBEFDBF9A92AFAE16BD5B1D7B5AAC5494C410B705C028035CEA585BBD7A9433F6D531D7AFE56C5C6F72080682A8B9467BAE540FE6EB780D052006842FBBFDFE0BE0B59DB1F4B2FC9A84BC65D7E3C01705C028095CEA5791B5FE55C8A26939F9FBF46661708B0BA283A3A7A394901008D467EF85CAECA7ABFBFBCE4004104382E01807329504F393939E50E87E3B500AB57D869D6012FBA0F004DA84DA7BEC7D5D43822E62482887AD33F80DD5D2E976ADFBEFD454483E3121C97168EE97712D3F3CE3B2F363B3B9B80702E058EA1CF112BF5B9E2363957E847F3AAA5768C074901A0094544C7B90BD0D4468D1A35C4E9745E9D949454999797973C6FDEBC6953A64C799CC8705C82E3D282319D7FE9A597967FF8E18777E898EE21A69C4B015F7BF7EE5D91909090E77038124D8982C2989898D5768C07DD0700C00617C9E1E1E16FE90B63E7830F3EE89C3A75AA63F3E6CD8FFDDFFFFDDFBDCDE4BFD09DBD088ECB901317C2310D1B376E5CF8E4C9939B5B4C9B1A3707615BD285403F544B00381C8ED5769B7580930100D8A7E2F1B65438FAF7EF1F2DCBFAF4E9A36EBFFD76C7DCB9731F7AE289278AEFB8E38EB98DFC3566E89257C336D7EAF25B5312A0DCB46E9C2E32AFD516E3F5205D64FEE01CF630382EEB6D842E05356C3351979B7429D225C967DD75BAE41AC7A2F7B8DCACCB461BC7D4D7105D2ED6656680F5C97EE2AA7CCE7D334D31AE49B2B1ADF7FCD95F97DE01B69518DDAA4B9AB1DF003BAA360B81C3E1586CD740901400008B4A4B4B1BE6743A97C95D33EF45B2D759679DA5E42EDA934F3E39E7A1871EDA7FDF7DF7BDD4C8BF359901D6C506A87088E1C605EE8BA6D7BD74F9B3F11E80E3B2FEA4B29811E498958AE525A6632DCE2857EAF2A1A9A27A9DB1DD6C5D8A6D1E535F12C3F783ACCFF153A9372FCFAC6312E102A3B2EF9D837D9D51BCA4F2936BFAFC6739226167D1D1D16B8B8B8F9EB6A2A2A2569014001A98FE714E8A8D8DFD436969E9D003070E241D3A74A845595959B856D9A2458BC3279D74529E7EBEDAE170CC7BF0C107B71331A0612F92F5B1F5C6F4E9D323CE39E79C487FDBC85DB4A953A73AE7CE9DFBC25D77DD55F697BFFCE5D546FC4A529918A1AAB700907E7C5D95E74EA43949B0CD74612C77CAE61BAF655B6FDFE0DB7459A86A6E8100705C06B926362A8AE6CA7CBC2E4375B95A970AD3F5A2B705803CDEADCBBDA68AEA6F8DE4C175C6315964E3987AE3DA1809929C1AD667D6E2333867C2D6C68C1993585E5E7E953E6F5C5C5C5C7C8E5E245366385D9A7EFDDF9494948D7ADD27616161D98B172FB6CDF14252000DEECE3BEF4CAFACACFC5359595997534E39254C7E8CF5A33AF9E4932523A7F401E73C78F060ECAE5DBB7A6EDEBCB9E7FAF5EB6FB9E38E3BBED7DB3FF2F4D34F2F2082C0F19166B47291AC8FC5C84017C95E72174D2E969F78E2899767CF9EED9C356BD6A246FA5A854625BE269214E86F2411E43D7F5747EF8CC9F39E46622187DF30705C1E37A9B8FABB5B3CC7E775A251F9F7B620D8AA8E36B9CD559E849F775D77D5445D084234A6F2FF9FA6CB2D3ECBAFD2E59D7A7C9EB4E8D8A2AA27546B7B8D5FEE673FE6FA242FA61BFBBB98A3145696969626C7E0AD15151583F47923DA77BDC3330541927E906B8EABF4768FA5A6A6E6E8D72F666565BD465200A8257DE02475EEDC7995CBE53A6DF4E8D10E49068485851DB39D2406A4B46BD74EF5EDDB578D1D3B366CD3A64DA72C5DBAF499499326DD7DE8D0A1A12FBDF4D256220AD4EF2259FAD5DE71C71D355E249B2F96F5F6618F3FFEF84BD3A74F3F3267CE9CD71BE9EB0D317E77E4E253EE464A9363695ABBCC74F19A6F940CE34238DFE73306181592D7D8DBE0B86C1072A74CC603F0DEDDEFA1CB7AE3B854A68A7FA69108906335CFCF678879C4D49D20F137B0618EF2B4707AC654D98F37AD4FD0A58FF13CC9B45CBA043CA78E7603080F9020186454F257FB247294E9DC2AFBF6015D569A964B3790383FE75AC032F513FDB040D74F86D5E3EDC9FA7DC9FA3326565454DCF0C61B6F6C23290004316DDAB43FECDFBF7F6E727272E46F7EF31BBFC980602481A08B73E5CA955D972D5BF6E5942953641AA1F94416A8FB45B20CB4D5AF5FBFC8BABC572E96F5712C77D1964C9C38B1F2B9E79E5BD6085F31D1B830CE355D14BF13E4F728D1B8C8553E17CEEFB3B7C171D960A442B8591D6D9A2E15FF6077FA13FC1CAF1D7C2A9A768DA9C4A5A5F2B472F225CB0A8CA4C132E57F70BF7C5302C12BD3B792629C1BFD3177DBC8F5796FB871CE0D570CD20A9B48494949D50F4F2B53024EEA28BD7BF75603060C50DDBB7757717171AA55AB56EAF0E1C3AAB0B050E5E6E6AACF3FFF5C6DD8B04195959579DF3648BFEFDF696969B758B5D5005312E2B8FDF18F7F4C3F72E4C8BCBBEEBA2B72F8F0E1754E08980D1D3A54CD983123521F84F3EEBEFBEE3F125DA076A45FADF7AE59FFFEFD5BD6E733E4625906EA2A2E2E5E3261C2846B9AE8AB076B129B675CD89A4B017B1B1C9727F4B85C6B542ACD651331759BA0CBD220EB2519304B1DDF748EAB8DCABEBF122CC131DCD8772B54F5160480551302C31D0EC7ABDE8480D44FA49E3277EE5C75CF3DF7A85FFFFAD7EEEECD9210102D5AB4509D3A7552E79F7FBE9C1FD4534F3DA57CEA35B12E97EB557D0E9A405200F03169D2A49B0A0B0B9FCFC8C888F8C52F7ED1209FD9B56B57356BD6ACF0A2A2A2D9D3A74FBF9D2803355F24CBC8DBD2AFB6AE77CD7C49AB9D69D3A6459495952D6D840A885C080F342E48A5C89DB373FC6CE7BD93156E6C23EFDB622C5BAAFCDF8503382EEB47EEFCCBC082E946394D05BE132D4D67638D6353C6F7F0B6E4913BDC05368F69821187CD35245BA42BC09026FE73F4EE2FE92A20AD40AE30BE2F60D58440AAC3E178DBF8DB7757F61F79E4111964D0DD7DB956172C7171EEEDE57D923CF072B95C2FE873D17524050083F4D1397CF8F05353A64C89A8ED01565BF279FA473F7CDFBE7D7FD6075E4FA20DF827CD68E522599AC3D6B65F6D4D8CE6B5E1FA62397BDCB8715734E0D7952677EFA8A37717E729FFCD947B1AEB65FA41692D2077B61E312A2372D12D03795DC5DE07C7658390E34BA6F9CC34CA4C7574BA41DFE35296CB5820322E88DC7596D941A4C9BAF47797A6E9836C1CD37055BB81049F5547A70C6C0CDEB15BCCDFEB1E557D404919F36081B14F01CBD54F1C0EC7D3DEE3A0478F1E2A2323A35AC5BE2EE47DF27E395F9812030BAC563F614C01D45B870E1D560C193224BAA15A08F892160323478E8C7EF7DD77FFA65FFE828803C75E241BFD6A23CE3DF75CF745B2F487BBE5965B8ED9F6E1871F56DDBA75ABB66CEFDEBDEE2672BEE6CF9FEFBD588E983367CE5BFA62F99A458B16FDBD01BE72819FDFA081C6639469B95434EE549EBB6AE54605C4FB5AB2F3D9BA4C362A250C8E058ECBFAF1B689F5D7F2A6BF71BC9A8FCB5B7599641C8FDE81069F338E5FEF71395779EE9417DA30A6E6C117938CB824AA6307652C57C74ED928950BB9732F2DA7028DE7D0DF48BC04232D3706189FBFD6F8DCFE46B2A7D0E73B5CAFCB0BC6FEBC977329ACC2E170BCA02BEDEE2E03D242401FDF555D04EA4BBA16C839449203BB76ED9245D295408E9F0BAD12375A0AA05EF40FE7B5FA07FA341903A031C9E7C7C4C49C728346D481632F92274F9E5C666E462BCDDDE487AB73E7CED5B67FF2C9278FF90CE9576776C61967A8F4F474F7F4A1C218A93B52FFF0BD3576ECD82B8FE3EB06AA20C885E91AE3C279A9E9627AB1F1FC4D5DA61817AE8F294F5F5CEFB4597772110B8ECBE33A2E2B82ACDB6C54F4DF37555ABD9565797CC0382EE59894E9F73A1B95DA9BFC5478ED1453AF5CE3FC76810ADE9DC04BBA47496B8BB6419202EB54E0B104BC455A03DC602404BA1B4982D7FC242694B19FD224649C4B611532EDA03E8EDDDD73642C0039471C6F42C09C1898346992798C814156EA46405200F5D2A64D9B07478F1E1D1E1111D1140988287D20DE7722FE9FA9A9A933E404939C9C4CAB1A84CCDF9179A0ADF3CE3BEF24DFF532A26EEBD6AD557CFCD1D9AE7EF8E107F5B7BFFDADEAF5CA952BBDD96E37C9A6575454A8C1830757FB2CE9773B7DFA74B958CE96417BEAF9956B9AA6EC35D38570AEE9B93C6618150DB9D095BB59329D571EC726382E8FFBB8CC08B24E926F0FAAA3D3DB49A5D5DBE45D2A9C334DC7E59DC6EB2D3AA6F7E8380CB7714C7D1303D294A1B6632D1419716CA85616DB54F05924BCC74012E75158E8DC7CABF789CC8656DF2E0381C8E7C9E0835EFA7C3191A4006C6BCC983189656565DDE407B4294806DFE170241AF38C36B507F401FF764242C24FFADF971147878D1C393296BF02D4E7EFA843870E3F1EEFDF91BC571F0F6FD434D0D6EDB7DFAE4A4B4BCD3F5CEAF5D75F774FB92353EC646565A9CACA4AF73AC97ACB7A698AEB2FD127C7A0FEF7A2232323DF907FDF6A3105C725C725310DE198721E852DCFCD75BDF696FA897E5FB2F75897A4406318366C98F9FC31E804D54F1A5C187F77A8ABBE7DFB8E1F3060C0B0FEFDFB375952E9E79F7F76E6E5E5FDB471E3C68F9BF2FFDABB77EF0CE3A9F4AB3C5B97EB9C4EE72D7A794F7DF150A26390A7BF53C0A99BC68E1D9B21632334A58F3EFA48454747ABD858CFF9B3BCBC5CAD59E319336AC78E1DEE9298787460E9254B96B8FB5FEAFF97BB98BDFBFFDBBB13E0A8AA7C8FE3B7431216111414D1A194529E8368F9401128F77A023AD6B82142322CA2284F7D8E069FE55225A5965A328348C01571612D8304105FD85D42817161C01883884140098BC312845040E8A4DFF9DDDC1B6E9A04B2F49EEFA7EA5677924E134EDF73EE39FFF33FE77EF289959C9C5C9562595A5A6A4D9E3CD99E9DD1FB7A5FAFAFD7AF5F6F75E8D0A1DA7BE8774A4A4AACEFBFFFDEEE8CFDF1C71F55C7E79F7F6EA763290D3412F47F9F3163C6F391AE33EE79643AB82D3CE7D128F3FD6E75398F5C4AA33517BAB9EA249F6CA32D9D03EA08EFDEBDDBFE0C445F171515D9E788D6D8BA14F9EED3A78FD5AB57AF5ADFCF741A753FDFE4AFBFFEFAF68B2EBAE88775EBD6FD1CCD76A831651A8D7AD9E09ED10B2FD83398FA3CBD755CF5499B27B9AFD1F774141414D8753FB81EC632EA25F592328DA9CFEBBFCDF72F8AD53E4E7DAC59B3C65AB0608175C5155754F553D46FD17212F54BB4A9B5FA38DEBECCB061C3ECC75DBB76D96DD3071F7C609D7DF6D9D68F3FFE68FDF2CB2F567676B675D55557D19646BEEFFDC0C9CECB6EDDBA0D37E7B23D8DDFA3470FAB6FDFF0DCE4436D8ECA7ADBB66DEEB7B6151616E6C57BB99329807A6BD3A6CD005329231A5032153DC90C1E6F8B9122500AE30833C05D7CF8F06145313F88853466757CD448B56FDFDEBEE0E9F9E38F3F6E6FC6A4C1BD6810AEC1847B717CEBADB7EC8BDB2BAFBC62FFBE3BB0708F2953A65475B2DC20C1CD37DF5C35D8D7FBB9AF7DEDB5D7ACB7DFAEDCDC58FFE6FBEFBF6FCFC6E8DFD0DFB378F162FB67C5C5C5D6BC79F3ECE77979794DB51A05ACCAFBE6BAE7D1AE939D47EEBA5AA5D1D675E7EDDB6EBB4D4B7DAC534E39762BEF0D1B36583FFF7CAC8FABB45B7588EEB8E38E93BE9FB32157EB9494948F42945E1B6AF52AD378F0E28B2FDA0134AF152B56544B8FF6BE469FEDB5D75E6BD74D502F634019651A77DA274A3BFAEDB7DF5ADA924AE7C237DF7C633FAABFA2FE8BFA32DA34CEDB0F511041B3CB0AAE2AD8A163CF9E3D76A048CF9B376F5E2D408B886AE7392F77D7745EFA7CBEEBDCE7270AFC8542D0FB5F970805CC1A22D4DBC183072F8C746458D17DD3887789C1E268E53452233A76ECB8D73450CBCCD7D3CC852377EAD4A98723F9872855EAB3CF3EB36EB8E1067B303E76EC58AB5FBF7EF6054C9D257D668A888F1A35AAB2F29BE7BAF0DD7FFFFDF645539B35056FD83463C60C2B7899C805175C608D1B37CEFE1DEF9ACC458B16D9F77215CDFCDF7BEFBDD6575F7DA5544CFB7B9ACD74CF1B45DBF5DCFDBB9A205FD040A4B5E73CDA6DCEA34FBDE791DB49CEC8C8A8A8EFBDB9478E1C699F0BA6DEDA5FBB69B45E9A19F16C9C73423A1F9E78E28996FFFCE73F679BCEF2E0D9B367E7C46819D75AA689784269F323B72EA9E3AA94E9E035D3A05E46815B2E1594695CF27E5E7BCCE7B53C5A7D9C86D0048502036EBBA83ECEB265CBAAFA21575E79A5269DAA5EAF9FA92DD54486DB9E2AEB4A7D1A37A351BF87A83BA5A6BEB7F9BA87FB82F3CF3F3FAC7F40E7CE9DBD5F7627288026A9ACACECB448A57BBBB473E8D1A347DBA4A5A53D17C345D3CE344869E631EDF0E1C396E9436C54FA59A46816448D9452284D67CA6E10070C1850F5736502040FC0B5E19282037519986BD0AF74653D6A30EF2E4F707FA6E0436D1174652568F3A7E9D3A7DB517777F646418948D2EC400C9E435503112DAFF0F97C6778CF23F3F76E379DD8D3478F1EDDACBE9D6437A0D6BF7F7FBBB3B377EFDE6A3F534AA45269BD9DA2BA70D6DD36379DE58FCCC5789EF97B37C678B355AD4CE7CC9963D797FAFEBFA345D9355EC19903C75DD84D9DD6112FA8974DA25E0667A65604D74BCA34E6B58F661FA7BE9411A0197E5190F4E1871FB6B322758E6CD9B2C54EFD56BF283333D3CEB6523FE5F5D75FB7FB4D478E1CB17FDF6D4FDDEC02BDE664ED6FB4A8EFB776ED5A2BC6FBC961ED7B7BBF19EE714AD0FB9F4150004D92691453239D3EE5AC195478FFD9782927D389ECA208F59D77DE19917F4FD16BA54EEAE2A50BB622E24AE977670B9536D7989943FD5F2EBCF042FBBD9505E00E3A9492A78BD1534F3D653DF3CC33D62DB7DC62EF39A00080FE26377B40D1F6E1C387DBCB1A94FEEC3E8F242718F16C0C9F33357DFB9C366DDA044C27D9D7D0F7D54EB9CB972F3FEEFB870E1DAAB68B6E7D5C7AE9A5CD3A77EEDCC27CC643E2AD0DDBBF7FBFBDCE345E82029ADDF40EF2D529BDF5D65BABBD46F550F5E9A79F7EB2337C14A88B17D4CB26592F9328D3F816E93E4E03FAAA765F45598A5AC628CA16D0F22A1DC1D4665E76D965F6E487FB3AF1BE56EFE959471E5356AE5C697DF7DD7731DD964652A86E43581BED87E51DA610144093643AA747CCC0B0792403031A889A0B903F1008BC14E1FF6E831B57F3F76EEAD9B3E7F991FC633B76EC58951DE06E26E8AEB1D485CDDD13A021B3885A7BA7FD08DC6508FA4CB437809E6B802F8AB66B2F01ED53E02E1F78FAE9A7ED9F69B9414D99024AEF8B54E689821AE6A2198D4D781A731EFD5E5A5A7A8629FB660DBDE387D26535F3114C3B73076F2E59573FFCF0836EF3556E7E3FBBA2A262433C95A96E6116AB1DD99A7CF1C517D5B279D4C9FDEDB7DFAABD46335C6E7060FEFCF956A4EE0E43BDA45E52A671EFD9067E5E9BBA77EF7E7EACFEA7BC83794D8A6830AFA525EA87B8D41751E68028AB407D28715FA740AB6E5F79EEB9E76AF3496BE3C68D76D0499907B1E69A6BAEB1FFDE28B5A5513927CD9820E0AB256A7BE0C081B00606747713EF3085A0009AA4949494123390EBE8369E91A0CA9D9A9ABA7FDAB469CF45F2FF9A9696F66C5D1B23F3E53EF3E5A7E698D5BC79F3255A6F6706C68148FDAD5AEBAF81BB771D956614B53ECEA54C010DDADD7D05EA431BF06873B34B2FBDD41EA0E8F3D712020DE8156CD0A366281F78E081E37E57D1756511E86FF4660A5C77DD7511DDB4477F6F5656D67391AE33273A8F6A38AF8E3B8FB4CE76FCF8F18B323232523493515FEAC0045DC06CEA3CEBD65D6E50A73E9D64F3F7F84D9D1C6C3A4EF3A2D10E35A64CEFBAEBAE431A882612D53DD54BED27A276401D62EF129F5846BDA45E52A6D153D7CF2CDA7D9CFAD2248606F70AA06A998026303449E23D07DC2502A20CC777DF7DD77E1EFC3AF57F14A852D0551998B1484BE254679E7CF2C9E712FC9CD4D2A3242730E5F39E97E6F92BEA0EEB679A700A675040EFEFB19BA0009AA466CD9A7D6F0676110D0A6CDDBA55C1881FA2FD7FF706029C476DCDBFC41CB35BB66CF9A9B948EE8BE6DFA748B80604A2C1B7361E0CEE7C7B6FCF545F5A93A70B8FD6D6E9BDDC8D0935733966CC981A53F2146DD7C05FE78BFEBE9D3B77DAD1795D8CB561A166389BE866835E273C8F4C67F653D359BE79E2C489398F3DF658F3FACCA26DDFBEDD5E635BD3A65B0AD6E873B8FAEAABEBBC298F3A5A13264CF09BFA38D874A062A6935CC38C41AD653A6448E26601ABC3AADDB3151CD0ADB4E2696F01EA65E2D54BCA34B1EB402CD3DE4AA24908B76FA22502B5650AD444FD25ED3FA0090D77EF24F5811071558100E7B1C6F3322D2D6D881B14D8B46993BDCF48B8E8BCF0C827288026E9C0810339F9F9F9D7F4EEDDBB55A4FECDC2C2C24366201AF59D7F3D81806C732C3417889C58DE81D73B2050BABF287DBFA11758ED11A04DDAB4E6EE44FB13E8427ADF7DF7D9B77ED2DA676511E8DF77EFEDAAE7B5ADEB6B629DAD3A9F474E67F9AFE3C78FFFBF8C8C8C16759D459B346952D5672F4A9D572AADD6D88A6652DE78E30DCD869DF4BD7491359DF523E6EF1D3A79F2E498EA24C75BDD0C679D9F3973A67D5F6EEDF3A18DB540BDA44C13AE4C63E6F38A754AFF5736A3FA2227CA14F072371AD4048866849545A05B34D39E464D525DCECB4020B0C2740506EAB9F6BB50366AB8B877B570AC20288026C9743A3F5EB366CD4B6A68EB7A6B9FC6CACBCB2B731A83A8507A9279C84D4A4A726FC51393D172CDC2BB17393DF766056840AFD44AEF1D096AA381BBB20034BBE25206823A5C5A8E107CEB426FE041D9008AAA6B96D21B51AF6D99C0BA75EBAC8B2FBEB849D49DC69E47EA2CA7A7A7DF3161C28479A6B39C7AF9E5979FB002CE9D3BB7DAA648DA3C49BB696BFCBC7AF5EAAAB5B70A146567675B03070EACF5BD94466B3A44E5292929C34C27393B51CA34D669FDAABB83B64B9D5AEFE027F8357AAEFD3CB87516F5328A65AA2DDABFA04C9B461D88556A279519A0CD5AEBC3BBD1A0FA410A2A68CF242D83D4A32646107BE7A5C627666C32414F95E9A3BB90B46BD72EE47F970245BAD3834742B4130405506FB366CD2ABEF7DE7BD7E5E7E7F73AD9853A140A0A0ACACBCACA366565656D89C27F778CE9546C3103DAEC788896EB9EBB6E2ABE1E1525D59D01347BA881B72E665EBA4D604D34805754DC7B2B34CD3A7A07F6EFBCF34ED5D7CA04D08557176075BE1438700302EAA82D5DBAB42A6B41AFD15E077ABD1E95BEA73B14C4CBFAE7689F471F7EF84720084500000CFE49444154E192418306DD9A9999B960F4E8D1AD6A9B45D3454BE98EDEC04ECB962DADBBEFBE5B4B71EC8EAFDB51D6A33E239D2F679E79666D9DE432F37B43DF7BEFBD398956A6B1ACA66C9AE0E53635BD4681BBDA8277A05E52A67155A661653EAF6189DA8EAA8FA2BD90345111DCE7F9F2CB2FB53CC41A3B76EC71E793FB3AF55FB48F80364F56B055CB1D75270377292562AB1DD1F8243D3D3D371008F4D5C4E5E2C58BC3B25C70C99225761692635594C627A16F0B38EFD010A6D2DDDEBE7DFB0FCCC5FAB470670B3CFAE8A3BB8CC74C076166BC95D3F2E5CB034D3C453EA6288BA25FBF7EBE04A98337252727CF31F5A3654DC139CD686CDEBCB96A7DAD822E43870EAD4AA7534747811D77532EEDCCADF577C11D2445DB5F7DF55565EA0C9A3E7DFA8244283BEA25F5927A499936E532A52DAD9902023A7FE2752F96446A4B1B333E090402F3F55CE3134D3A85726F01ED71A6BB6A29E8600FA47DBE61F1383EA94992053480A9001FEFDFBF7F7D4E4ECEA170FE3B0B172E2C2D2929D9BC63C78E2C4A1DA8560797F8FDFEBB3233338FE4E7E7977B7FA6B56EA6CE547592D509D62C87777D9DD64876EDDAB5EA365D7AADA9D3F6EDEF5C9A355327F9D4534F4DA3930C502F29532432653DB2396BFC8F4FCC43AE9E6BE06EDA0DFB0E66A1A0C0A236F3750302C6AA441A9F10144083959595FD6DEEDCB9878B8A8ACAC3F1FE5AD7FED1471F99BE80FFEEDCDC5C3F250E1CDF5936F5F0B6F1E3C71F59B3668D66B8EC990EA5447A6FCBA54EF0430F3D74DCEF8F1C39B2DA4EDD252525F68C9AD6E169D64C69B43E9F6FC01B6FBC319FD206A89794298038708FE5DC26507725D1E6A28D0D0CA89D51804199028E52D366DC9F48E313960FA051060F1E9CD6BA75EB375F7EF9E5D36B5A9FD750BB76ED527ACE3E5309FF1ECF6939A429C796444DADD3BDBD939393E78F1E3D3AB967CF9E2D1AFB7EEA244F9C38B1AC59B366E989782B2EEA25F5927A499952A6B4A5B4A5893D3E3183F61996B37FDE39E79C63656464346829810201CA10F00404126AD9808B4C0134CAECD9B3B30E1E3CF89806F045454521794F650898F72B292D2DFD47A25538201CB453B7DFEFD74EDD4757AF5EBDBF31EFE5A6D1D24906A897942980781D9F9887FBCD61CFE42B63407B01CC9A35CBCE32AA0BBD2E2B2BCBFE3D6F402010083C9D88E313820268345361A69A01FC83CF3FFFFC1FF3E7CF2FF1ACB5A9B79C9C9CBD63C68CD9AB4083A9D063295DA0EE9D6573A11A949999E95BBB766D4943DEC39B464B2719A05E52A600E2797C62DA8A61CEAD0DEDBD00CC38C3BE7BC4B871E3AC152B56D8837D776981960828789097976767068C1E3DDA5AB06081770F815273DC93A8E31376D340482822979696F6F5BC79F33E58B66C59B751A3469DD2A3478F53EA71813E642ECCBBF7EDDBB7DD54BE11A622FF44A902F5A375B7E9E9E9834C6777764646C6EE5EBD7AD5F99E49EEAC993AC9D3A64D5B486902D44BCA1440228C4F4C7D9FA25B15BAC181B56BD7DA473DACD21E02A6ED49D8F149334E17844A6161E1BE828282695DBA74D9F2CD37DFFC69D1A2456D7FF9E5977F2727279FD2CCD08EAE3A749F7A6DF253545454F6F1C71F174F9E3CD9BF72E5CA0DA5A5A5E3B66FDF9E919393F3EF442993E1C3873F177C4F71448F96A6CC9831E3F904AF871BBB75EBF6AFD5AB570FE9D4A9D35E739C5A974EF2F8F1E3FD2D5BB6FCDB7BEFBD97F03B6F532FA997D44BCA9432A52DA52D6D3AE31373CCB8E4924BD699817D3BF3AD73ADBA67CBAF32C7B33B77EEFCDF441A9FD4844C01845C565656B679C81E3264482773B11E688EAB9392927A57545474080402A9A6429699AFF79AE76BCDF7744FA06CF33B5B28392034945E3B68D0A00113274E9CFBC8238F14F7E9D3A7536DAFDDB46993D268CB5BB56A35ECEDB7DFCEA6F400EA25650A2091C72766FC31D08C43AE325FF73447477368E3D2C356E55D0BF2CDB1A2A98D4F080A206C66CD9A556C1E329D0340843BCBE9E9E983274D9A94EDF3F98A7AF7EEFD1FC1AF7176DE3E623AC9234C27398B5203A897942900C6274D0F1B0D024082D2BADBF2F2F2DB3333333BE4E5E555BB3D88BBAED6FC7C309D64807A499902004101004002D22C9AD2E45E7BEDB5AACEB2B3AEF6686A6A6AFAF4E9D359570B502F2953004D49EB3ABCE634AB7269014101208C92ADE397AFB4A05880F07696DF7CF3CD627592535252D2B8151740BDA44C012438DD752023E87B8F9B63E0497EAFBB3986068D5D5A276A21111440A8B4762ADDF5351C3799638E39CE08AA681382DE638639FA509440783ACB3E9F2F6DE5CA959D52535307D24906A89794298026401B90BE6E554E3EBA6393F39C41FE4067FC215D83C62F1AABF83D5F2B40701F4101E0C44ACD916B8E2DE6E8EC3CCF752AD11273DC6555EEE8E90D0ACCB28E6507E8EBEFCDF1B545C60010165A77DBA2458BD3A74C99F209A501502F295300094EE9FF854E60E02DCFF8E45767CCA13B120C735EFB9373AC725E93EF1CB9CE6BF5B384DD9C90BB0F2094FCF5ACA433CD31C51C4F9B63B039DC7BABF6712AF06E8A1408ADA953A7EEA31400EA25650AA009F81F73EC31477B73FCDD19FB7AC72B9DADCA6CE742E76B650B74778201DD83C62D5D9DE00041012004E79B96108C732AE008E751157683559996E366093C698EBF5064000000001AE01FE6B8C41C3BADCAAC663DEF695566365FEFBC66A727286059C7B2035CB94EF020A13399090A2054E7519A53A934E8FFB3A7A29DE73C5765BADCAA8CD23D688EAB9D4AF6672720A0CAB9D11CC5CEEF6D74DE8B6C01000000000D19A3681CF22FEB588680C62B879DE76738630E973202FED319B78C74C6256E40E0304101E0C454C9663ACFAF7606F2B9CED7D77B9E4F751E7B5AC7F61B98EB5448650C74710E553CA5EC2CA168010000003480C61CCA0250DABF3205FA5AD52721DD9FBBB29C43D9CBDA5B609B553971999BE805C5468308B52E9E8A561BADF31B6155EE1DA04A7A9A5321739D431B79ECA4280100000034D0A7566596803BEEB09C71CA16E7D044667006C00867ACB2D43AB6C799BE97D093E9640A20D42EB68E650DD426DF79D4BE019750640000000042EC0573FCEE8C4D34D0EFEA04073A3B3FD732E65CE7B92636FF6A55DE91408183EB9DEF173A8103DDBA708D5599F99C70CB9B090A20945491B41CE06477215066C04DE6B8C71C195665564027CFCF3B39AF01000000808678C9AA9E09A03147BE752C23D9DD2B40E30E2D650EBEE56047E7514B0ED29D314A42EE77465000A1E2EE25107CAB0E45E5BC1B06EA9CD37A9E579CE0C158AB72DD8E3790506C55DFF40300000000EA237869C092137C9D1FF4B3DC1ADEAF38510B8AA0004265552DDF0F8EB869F09F1DF4BD99141F00000000441E1B0D0261E4F3F98E565454501031C0F91CF83040BDA45E02A02DA52D05080A0091919C9CBCFEC0810314440C282D2DD5E7B1819200F5927A0920048388A4A41F684B63AA2D2DA22440500088417EBF3FA7A4A4643F25117DE67338585E5EBE989200F5927A09A0F14CDD5D445B1A536DE9424A02040580185451513167E7CE9D562010A030A2CC7C0E87CDE730879200F5927A09A0F14CDD9DBB63C78E006D694CB4A547684B4150008851FDFBF7CF2F2F2F5FBB6DDBB6239446F4141717EF2F2B2B2BE8D7AFDFD79406A897D44B00A1694BFD7EFFB7A62EEFA334A2C75CCB8E1AEB684B4150008861A6A17E70CB962D87F6EF27C32E1A0E1E3C6899F2AF3083C047280D502FA99700424775F8D75F7FB54C5B5A4E6944A72DDDBC79F341BFDFFF10A581C668461100E13573E6CCDDC3870F5FB367CF9E9BDBB66DDBDC201817C18B654141C1AE8A8A8A11FDFBF75F4589807A49BD041096B6F42FA62D6D415B1AF1B674B7694BEFA62D054101200E4C9F3E7DD3D0A143BFFBFDF7DF6FF7F97CA56DDAB469651E299830DABA75EB8EF5EBD7EB7649F7F4EDDB37871201F5927A09206C6D69BEDA52F3E59EB66DDBB6A12D0D7B5BBACBB4A547145CA52D4528506381085ABA7469D7A4A4A4CC9494942BCE3AEBAC3FDAB56BF72733104935DFA3701A49F7E82D2D2D2DDBBB77EFD61D3B76B4F2FBFDEBCBCBCB1FBDF1C61B0B291D502FA9970022D79676E8D0614FFBF6EDCFA32DA52D05410100B558B66C59779FCF77A739FE2B1008F434DF4AA5541AADDC94E7F7A63C3F37CFE7B2E10EA897D44B00B4A5B4A50000000000000000000000000000000000000000000000000000000000000000000000000000000000000000000000000000000000000000000000000000000000000000000000000000000000000000000000000000000000000000000000000000000000000000000000000000000000000000000000000000000000000000000000000000000000000000000000000000000000000000000000000000000000000000000000000000000000000000000000000000000000000000000000000000000000000000000000000000000000000000000000000000000000000000000000000000000000000000000000000000000000000000000000000000000000000000000000000000000000000000000000000000000000000000000000000000000000001EFF0F13EE8A7A1D1550890000000049454E44AE426082, null);

-- ----------------------------
-- Table structure for act_ge_property
-- ----------------------------
DROP TABLE IF EXISTS `act_ge_property`;
CREATE TABLE `act_ge_property` (
  `NAME_` varchar(64) COLLATE utf8_bin NOT NULL DEFAULT '',
  `VALUE_` varchar(300) COLLATE utf8_bin DEFAULT NULL,
  `REV_` int(11) DEFAULT NULL,
  PRIMARY KEY (`NAME_`)
) ENGINE=InnoDB DEFAULT CHARSET=utf8 COLLATE=utf8_bin;

-- ----------------------------
-- Records of act_ge_property
-- ----------------------------
INSERT INTO `act_ge_property` VALUES ('next.dbid', '187501', '76');
INSERT INTO `act_ge_property` VALUES ('schema.history', 'create(5.21.0.0) upgrade(5.21.0.0->5.23.0.0)', '2');
INSERT INTO `act_ge_property` VALUES ('schema.version', '5.23.0.0', '2');

-- ----------------------------
-- Table structure for act_hi_actinst
-- ----------------------------
DROP TABLE IF EXISTS `act_hi_actinst`;
CREATE TABLE `act_hi_actinst` (
  `ID_` varchar(64) COLLATE utf8_bin NOT NULL,
  `PROC_DEF_ID_` varchar(64) COLLATE utf8_bin NOT NULL,
  `PROC_INST_ID_` varchar(64) COLLATE utf8_bin NOT NULL,
  `EXECUTION_ID_` varchar(64) COLLATE utf8_bin NOT NULL,
  `ACT_ID_` varchar(255) COLLATE utf8_bin NOT NULL,
  `TASK_ID_` varchar(64) COLLATE utf8_bin DEFAULT NULL,
  `CALL_PROC_INST_ID_` varchar(64) COLLATE utf8_bin DEFAULT NULL,
  `ACT_NAME_` varchar(255) COLLATE utf8_bin DEFAULT NULL,
  `ACT_TYPE_` varchar(255) COLLATE utf8_bin NOT NULL,
  `ASSIGNEE_` varchar(255) COLLATE utf8_bin DEFAULT NULL,
  `START_TIME_` datetime NOT NULL,
  `END_TIME_` datetime DEFAULT NULL,
  `DURATION_` bigint(20) DEFAULT NULL,
  `TENANT_ID_` varchar(255) COLLATE utf8_bin DEFAULT '',
  PRIMARY KEY (`ID_`),
  KEY `ACT_IDX_HI_ACT_INST_START` (`START_TIME_`) USING BTREE,
  KEY `ACT_IDX_HI_ACT_INST_END` (`END_TIME_`) USING BTREE,
  KEY `ACT_IDX_HI_ACT_INST_PROCINST` (`PROC_INST_ID_`,`ACT_ID_`) USING BTREE,
  KEY `ACT_IDX_HI_ACT_INST_EXEC` (`EXECUTION_ID_`,`ACT_ID_`) USING BTREE
) ENGINE=InnoDB DEFAULT CHARSET=utf8 COLLATE=utf8_bin;

-- ----------------------------
-- Records of act_hi_actinst
-- ----------------------------
INSERT INTO `act_hi_actinst` VALUES ('182513', 'leave:1:182508', '182509', '182509', 'start', null, null, '开始', 'startEvent', null, '2021-06-25 22:46:44', '2021-06-25 22:46:44', '7', '');
INSERT INTO `act_hi_actinst` VALUES ('182516', 'leave:1:182508', '182509', '182509', 'deptAudit', '182517', null, '部门经理', 'userTask', 'system', '2021-06-25 22:46:44', '2021-06-25 22:47:39', '54624', '');
INSERT INTO `act_hi_actinst` VALUES ('182524', 'leave:1:182508', '182509', '182509', 'exclusivegateway1', null, null, null, 'exclusiveGateway', null, '2021-06-25 22:47:39', '2021-06-25 22:47:39', '17', '');
INSERT INTO `act_hi_actinst` VALUES ('182525', 'leave:1:182508', '182509', '182509', 'HRAudit', '182526', null, 'HR', 'userTask', 'dlsdys', '2021-06-25 22:47:39', '2021-06-25 22:48:03', '23985', '');
INSERT INTO `act_hi_actinst` VALUES ('182533', 'leave:1:182508', '182509', '182509', 'exclusivegateway2', null, null, null, 'exclusiveGateway', null, '2021-06-25 22:48:03', '2021-06-25 22:48:03', '0', '');
INSERT INTO `act_hi_actinst` VALUES ('182534', 'leave:1:182508', '182509', '182509', 'exclusivegateway3', null, null, null, 'exclusiveGateway', null, '2021-06-25 22:48:03', '2021-06-25 22:48:03', '1', '');
INSERT INTO `act_hi_actinst` VALUES ('182535', 'leave:1:182508', '182509', '182509', 'xiaojia', '182536', null, '销假', 'userTask', 'system', '2021-06-25 22:48:03', '2021-06-25 22:48:19', '15831', '');
INSERT INTO `act_hi_actinst` VALUES ('182539', 'leave:1:182508', '182509', '182509', 'end', null, null, '结束', 'endEvent', null, '2021-06-25 22:48:19', '2021-06-25 22:48:19', '0', '');
INSERT INTO `act_hi_actinst` VALUES ('182544', 'leave:1:182508', '182540', '182540', 'start', null, null, '开始', 'startEvent', null, '2021-06-25 22:49:13', '2021-06-25 22:49:13', '4', '');
INSERT INTO `act_hi_actinst` VALUES ('182547', 'leave:1:182508', '182540', '182540', 'deptAudit', '182548', null, '部门经理', 'userTask', 'system', '2021-06-25 22:49:13', '2021-06-25 22:49:24', '10693', '');
INSERT INTO `act_hi_actinst` VALUES ('182555', 'leave:1:182508', '182540', '182540', 'exclusivegateway1', null, null, null, 'exclusiveGateway', null, '2021-06-25 22:49:24', '2021-06-25 22:49:24', '1', '');
INSERT INTO `act_hi_actinst` VALUES ('182556', 'leave:1:182508', '182540', '182540', 'HRAudit', '182557', null, 'HR', 'userTask', 'dlsdys', '2021-06-25 22:49:24', '2021-06-25 22:49:51', '27027', '');
INSERT INTO `act_hi_actinst` VALUES ('182564', 'leave:1:182508', '182540', '182540', 'exclusivegateway2', null, null, null, 'exclusiveGateway', null, '2021-06-25 22:49:51', '2021-06-25 22:49:51', '0', '');
INSERT INTO `act_hi_actinst` VALUES ('182565', 'leave:1:182508', '182540', '182540', 'exclusivegateway3', null, null, null, 'exclusiveGateway', null, '2021-06-25 22:49:51', '2021-06-25 22:49:51', '0', '');
INSERT INTO `act_hi_actinst` VALUES ('182566', 'leave:1:182508', '182540', '182540', 'ceoAudit', '182567', null, '总经理', 'userTask', 'ylsnq', '2021-06-25 22:49:51', '2021-06-25 22:50:16', '24979', '');
INSERT INTO `act_hi_actinst` VALUES ('182572', 'leave:1:182508', '182540', '182540', 'exclusivegateway5', null, null, null, 'exclusiveGateway', null, '2021-06-25 22:50:16', '2021-06-25 22:50:16', '0', '');
INSERT INTO `act_hi_actinst` VALUES ('182573', 'leave:1:182508', '182540', '182540', 'modifyApply', '182574', null, '调整审请', 'userTask', 'system', '2021-06-25 22:50:16', '2021-06-25 22:51:01', '44995', '');
INSERT INTO `act_hi_actinst` VALUES ('182578', 'leave:1:182508', '182540', '182540', 'exclusivegateway4', null, null, null, 'exclusiveGateway', null, '2021-06-25 22:51:01', '2021-06-25 22:51:01', '0', '');
INSERT INTO `act_hi_actinst` VALUES ('182579', 'leave:1:182508', '182540', '182540', 'deptAudit', '182580', null, '部门经理', 'userTask', 'system', '2021-06-25 22:51:01', '2021-06-25 22:51:09', '7835', '');
INSERT INTO `act_hi_actinst` VALUES ('182585', 'leave:1:182508', '182540', '182540', 'exclusivegateway1', null, null, null, 'exclusiveGateway', null, '2021-06-25 22:51:09', '2021-06-25 22:51:09', '0', '');
INSERT INTO `act_hi_actinst` VALUES ('182586', 'leave:1:182508', '182540', '182540', 'HRAudit', '182587', null, 'HR', 'userTask', 'dlsdys', '2021-06-25 22:51:09', '2021-06-25 22:51:30', '20852', '');
INSERT INTO `act_hi_actinst` VALUES ('182592', 'leave:1:182508', '182540', '182540', 'exclusivegateway2', null, null, null, 'exclusiveGateway', null, '2021-06-25 22:51:30', '2021-06-25 22:51:30', '0', '');
INSERT INTO `act_hi_actinst` VALUES ('182593', 'leave:1:182508', '182540', '182540', 'exclusivegateway3', null, null, null, 'exclusiveGateway', null, '2021-06-25 22:51:30', '2021-06-25 22:51:30', '0', '');
INSERT INTO `act_hi_actinst` VALUES ('182594', 'leave:1:182508', '182540', '182540', 'ceoAudit', '182595', null, '总经理', 'userTask', 'ylsnq', '2021-06-25 22:51:30', '2021-06-25 22:52:01', '30710', '');
INSERT INTO `act_hi_actinst` VALUES ('182599', 'leave:1:182508', '182540', '182540', 'exclusivegateway5', null, null, null, 'exclusiveGateway', null, '2021-06-25 22:52:01', '2021-06-25 22:52:01', '1', '');
INSERT INTO `act_hi_actinst` VALUES ('182600', 'leave:1:182508', '182540', '182540', 'xiaojia', '182601', null, '销假', 'userTask', 'system', '2021-06-25 22:52:01', '2021-06-25 22:52:16', '15395', '');
INSERT INTO `act_hi_actinst` VALUES ('182604', 'leave:1:182508', '182540', '182540', 'end', null, null, '结束', 'endEvent', null, '2021-06-25 22:52:16', '2021-06-25 22:52:16', '0', '');
INSERT INTO `act_hi_actinst` VALUES ('182609', 'leave:1:182508', '182605', '182605', 'start', null, null, '开始', 'startEvent', null, '2021-06-25 22:56:32', '2021-06-25 22:56:32', '3', '');
INSERT INTO `act_hi_actinst` VALUES ('182612', 'leave:1:182508', '182605', '182605', 'deptAudit', '182613', null, '部门经理', 'userTask', 'system', '2021-06-25 22:56:32', null, null, '');
INSERT INTO `act_hi_actinst` VALUES ('185005', 'leave:1:182508', '185001', '185001', 'start', null, null, '开始', 'startEvent', null, '2021-07-04 22:14:14', '2021-07-04 22:14:14', '17', '');
INSERT INTO `act_hi_actinst` VALUES ('185008', 'leave:1:182508', '185001', '185001', 'deptAudit', '185009', null, '部门经理', 'userTask', 'system', '2021-07-04 22:14:14', '2021-07-04 22:16:16', '122263', '');
INSERT INTO `act_hi_actinst` VALUES ('185017', 'leave:1:182508', '185001', '185001', 'exclusivegateway1', null, null, null, 'exclusiveGateway', null, '2021-07-04 22:16:16', '2021-07-04 22:16:16', '13', '');
INSERT INTO `act_hi_actinst` VALUES ('185018', 'leave:1:182508', '185001', '185001', 'HRAudit', '185019', null, 'HR', 'userTask', 'dlsdys', '2021-07-04 22:16:16', null, null, '');
INSERT INTO `act_hi_actinst` VALUES ('185026', 'leave:1:182508', '185022', '185022', 'start', null, null, '开始', 'startEvent', null, '2021-07-04 22:20:33', '2021-07-04 22:20:33', '6', '');
INSERT INTO `act_hi_actinst` VALUES ('185029', 'leave:1:182508', '185022', '185022', 'deptAudit', '185030', null, '部门经理', 'userTask', 'system', '2021-07-04 22:20:33', '2021-07-04 22:20:54', '21210', '');
INSERT INTO `act_hi_actinst` VALUES ('185038', 'leave:1:182508', '185022', '185022', 'exclusivegateway1', null, null, null, 'exclusiveGateway', null, '2021-07-04 22:20:54', '2021-07-04 22:20:54', '0', '');
INSERT INTO `act_hi_actinst` VALUES ('185039', 'leave:1:182508', '185022', '185022', 'HRAudit', '185040', null, 'HR', 'userTask', 'dlsdys', '2021-07-04 22:20:54', '2021-07-04 22:21:17', '23023', '');
INSERT INTO `act_hi_actinst` VALUES ('185047', 'leave:1:182508', '185022', '185022', 'exclusivegateway2', null, null, null, 'exclusiveGateway', null, '2021-07-04 22:21:17', '2021-07-04 22:21:17', '0', '');
INSERT INTO `act_hi_actinst` VALUES ('185048', 'leave:1:182508', '185022', '185022', 'exclusivegateway3', null, null, null, 'exclusiveGateway', null, '2021-07-04 22:21:17', '2021-07-04 22:21:17', '1', '');
INSERT INTO `act_hi_actinst` VALUES ('185049', 'leave:1:182508', '185022', '185022', 'ceoAudit', '185050', null, '总经理', 'userTask', null, '2021-07-04 22:21:17', null, null, '');

-- ----------------------------
-- Table structure for act_hi_attachment
-- ----------------------------
DROP TABLE IF EXISTS `act_hi_attachment`;
CREATE TABLE `act_hi_attachment` (
  `ID_` varchar(64) COLLATE utf8_bin NOT NULL,
  `REV_` int(11) DEFAULT NULL,
  `USER_ID_` varchar(255) COLLATE utf8_bin DEFAULT NULL,
  `NAME_` varchar(255) COLLATE utf8_bin DEFAULT NULL,
  `DESCRIPTION_` varchar(4000) COLLATE utf8_bin DEFAULT NULL,
  `TYPE_` varchar(255) COLLATE utf8_bin DEFAULT NULL,
  `TASK_ID_` varchar(64) COLLATE utf8_bin DEFAULT NULL,
  `PROC_INST_ID_` varchar(64) COLLATE utf8_bin DEFAULT NULL,
  `URL_` varchar(4000) COLLATE utf8_bin DEFAULT NULL,
  `CONTENT_ID_` varchar(64) COLLATE utf8_bin DEFAULT NULL,
  `TIME_` datetime DEFAULT NULL,
  PRIMARY KEY (`ID_`)
) ENGINE=InnoDB DEFAULT CHARSET=utf8 COLLATE=utf8_bin;

-- ----------------------------
-- Records of act_hi_attachment
-- ----------------------------

-- ----------------------------
-- Table structure for act_hi_comment
-- ----------------------------
DROP TABLE IF EXISTS `act_hi_comment`;
CREATE TABLE `act_hi_comment` (
  `ID_` varchar(64) COLLATE utf8_bin NOT NULL,
  `TYPE_` varchar(255) COLLATE utf8_bin DEFAULT NULL,
  `TIME_` datetime NOT NULL,
  `USER_ID_` varchar(255) COLLATE utf8_bin DEFAULT NULL,
  `TASK_ID_` varchar(64) COLLATE utf8_bin DEFAULT NULL,
  `PROC_INST_ID_` varchar(64) COLLATE utf8_bin DEFAULT NULL,
  `ACTION_` varchar(255) COLLATE utf8_bin DEFAULT NULL,
  `MESSAGE_` varchar(4000) COLLATE utf8_bin DEFAULT NULL,
  `FULL_MSG_` longblob,
  PRIMARY KEY (`ID_`)
) ENGINE=InnoDB DEFAULT CHARSET=utf8 COLLATE=utf8_bin;

-- ----------------------------
-- Records of act_hi_comment
-- ----------------------------
INSERT INTO `act_hi_comment` VALUES ('182521', 'comment', '2021-06-25 22:47:39', null, '182517', '182509', 'AddComment', '[同意] 同意', 0x5BE5908CE6848F5D20E5908CE6848F);
INSERT INTO `act_hi_comment` VALUES ('182529', 'comment', '2021-06-25 22:48:03', null, '182526', '182509', 'AddComment', '[同意] 同意', 0x5BE5908CE6848F5D20E5908CE6848F);
INSERT INTO `act_hi_comment` VALUES ('182537', 'comment', '2021-06-25 22:48:19', null, '182536', '182509', 'AddComment', '[同意]', 0x5BE5908CE6848F5D);
INSERT INTO `act_hi_comment` VALUES ('182552', 'comment', '2021-06-25 22:49:24', null, '182548', '182540', 'AddComment', '[同意] 同意', 0x5BE5908CE6848F5D20E5908CE6848F);
INSERT INTO `act_hi_comment` VALUES ('182560', 'comment', '2021-06-25 22:49:51', null, '182557', '182540', 'AddComment', '[同意] 同意', 0x5BE5908CE6848F5D20E5908CE6848F);
INSERT INTO `act_hi_comment` VALUES ('182570', 'comment', '2021-06-25 22:50:16', null, '182567', '182540', 'AddComment', '[驳回] 不同意', 0x5BE9A9B3E59B9E5D20E4B88DE5908CE6848F);
INSERT INTO `act_hi_comment` VALUES ('182575', 'comment', '2021-06-25 22:51:01', null, '182574', '182540', 'AddComment', '[重申] ', 0x5BE9878DE794B35D20);
INSERT INTO `act_hi_comment` VALUES ('182583', 'comment', '2021-06-25 22:51:09', null, '182580', '182540', 'AddComment', '[同意] 同意', 0x5BE5908CE6848F5D20E5908CE6848F);
INSERT INTO `act_hi_comment` VALUES ('182589', 'comment', '2021-06-25 22:51:30', 'system', '182587', '182540', 'AddComment', '[同意] 同意', 0x5BE5908CE6848F5D20E5908CE6848F);
INSERT INTO `act_hi_comment` VALUES ('182597', 'comment', '2021-06-25 22:52:01', null, '182595', '182540', 'AddComment', '[同意] 同意', 0x5BE5908CE6848F5D20E5908CE6848F);
INSERT INTO `act_hi_comment` VALUES ('182602', 'comment', '2021-06-25 22:52:16', null, '182601', '182540', 'AddComment', '[同意]', 0x5BE5908CE6848F5D);
INSERT INTO `act_hi_comment` VALUES ('185014', 'comment', '2021-07-04 22:16:16', null, '185009', '185001', 'AddComment', '[同意] 同意', 0x5BE5908CE6848F5D20E5908CE6848F);
INSERT INTO `act_hi_comment` VALUES ('185035', 'comment', '2021-07-04 22:20:54', null, '185030', '185022', 'AddComment', '[同意] 同意', 0x5BE5908CE6848F5D20E5908CE6848F);
INSERT INTO `act_hi_comment` VALUES ('185043', 'comment', '2021-07-04 22:21:17', null, '185040', '185022', 'AddComment', '[同意] 同意', 0x5BE5908CE6848F5D20E5908CE6848F);

-- ----------------------------
-- Table structure for act_hi_detail
-- ----------------------------
DROP TABLE IF EXISTS `act_hi_detail`;
CREATE TABLE `act_hi_detail` (
  `ID_` varchar(64) COLLATE utf8_bin NOT NULL,
  `TYPE_` varchar(255) COLLATE utf8_bin NOT NULL,
  `PROC_INST_ID_` varchar(64) COLLATE utf8_bin DEFAULT NULL,
  `EXECUTION_ID_` varchar(64) COLLATE utf8_bin DEFAULT NULL,
  `TASK_ID_` varchar(64) COLLATE utf8_bin DEFAULT NULL,
  `ACT_INST_ID_` varchar(64) COLLATE utf8_bin DEFAULT NULL,
  `NAME_` varchar(255) COLLATE utf8_bin NOT NULL,
  `VAR_TYPE_` varchar(255) COLLATE utf8_bin DEFAULT NULL,
  `REV_` int(11) DEFAULT NULL,
  `TIME_` datetime NOT NULL,
  `BYTEARRAY_ID_` varchar(64) COLLATE utf8_bin DEFAULT NULL,
  `DOUBLE_` double DEFAULT NULL,
  `LONG_` bigint(20) DEFAULT NULL,
  `TEXT_` varchar(4000) COLLATE utf8_bin DEFAULT NULL,
  `TEXT2_` varchar(4000) COLLATE utf8_bin DEFAULT NULL,
  PRIMARY KEY (`ID_`),
  KEY `ACT_IDX_HI_DETAIL_PROC_INST` (`PROC_INST_ID_`) USING BTREE,
  KEY `ACT_IDX_HI_DETAIL_ACT_INST` (`ACT_INST_ID_`) USING BTREE,
  KEY `ACT_IDX_HI_DETAIL_TIME` (`TIME_`) USING BTREE,
  KEY `ACT_IDX_HI_DETAIL_NAME` (`NAME_`) USING BTREE,
  KEY `ACT_IDX_HI_DETAIL_TASK_ID` (`TASK_ID_`) USING BTREE
) ENGINE=InnoDB DEFAULT CHARSET=utf8 COLLATE=utf8_bin;

-- ----------------------------
-- Records of act_hi_detail
-- ----------------------------
INSERT INTO `act_hi_detail` VALUES ('182511', 'VariableUpdate', '182509', '182509', null, null, 'apply', 'string', '0', '2021-06-25 22:46:44', null, null, null, 'system', null);
INSERT INTO `act_hi_detail` VALUES ('182515', 'VariableUpdate', '182509', '182509', null, '182513', 'title', 'string', '0', '2021-06-25 22:46:44', null, null, null, '测试请假审批流程', null);
INSERT INTO `act_hi_detail` VALUES ('182523', 'VariableUpdate', '182509', '182509', null, '182516', 'flag', 'string', '0', '2021-06-25 22:47:39', null, null, null, '1', null);
INSERT INTO `act_hi_detail` VALUES ('182530', 'VariableUpdate', '182509', '182509', null, '182525', 'flag', 'string', '1', '2021-06-25 22:48:03', null, null, null, '1', null);
INSERT INTO `act_hi_detail` VALUES ('182532', 'VariableUpdate', '182509', '182509', null, '182525', 'day', 'long', '0', '2021-06-25 22:48:03', null, null, '1', '1', null);
INSERT INTO `act_hi_detail` VALUES ('182538', 'VariableUpdate', '182509', '182509', null, '182535', 'flag', 'string', '1', '2021-06-25 22:48:19', null, null, null, '1', null);
INSERT INTO `act_hi_detail` VALUES ('182542', 'VariableUpdate', '182540', '182540', null, null, 'apply', 'string', '0', '2021-06-25 22:49:13', null, null, null, 'system', null);
INSERT INTO `act_hi_detail` VALUES ('182546', 'VariableUpdate', '182540', '182540', null, '182544', 'title', 'string', '0', '2021-06-25 22:49:13', null, null, null, '测试请假大于三天的审批流程', null);
INSERT INTO `act_hi_detail` VALUES ('182554', 'VariableUpdate', '182540', '182540', null, '182547', 'flag', 'string', '0', '2021-06-25 22:49:24', null, null, null, '1', null);
INSERT INTO `act_hi_detail` VALUES ('182561', 'VariableUpdate', '182540', '182540', null, '182556', 'flag', 'string', '1', '2021-06-25 22:49:51', null, null, null, '1', null);
INSERT INTO `act_hi_detail` VALUES ('182563', 'VariableUpdate', '182540', '182540', null, '182556', 'day', 'long', '0', '2021-06-25 22:49:51', null, null, '3', '3', null);
INSERT INTO `act_hi_detail` VALUES ('182571', 'VariableUpdate', '182540', '182540', null, '182566', 'flag', 'string', '1', '2021-06-25 22:50:16', null, null, null, '0', null);
INSERT INTO `act_hi_detail` VALUES ('182576', 'VariableUpdate', '182540', '182540', null, '182573', 'flag', 'string', '2', '2021-06-25 22:51:01', null, null, null, '1', null);
INSERT INTO `act_hi_detail` VALUES ('182577', 'VariableUpdate', '182540', '182540', null, '182573', 'title', 'string', '1', '2021-06-25 22:51:01', null, null, null, '测试请假大于三天的审批流程', null);
INSERT INTO `act_hi_detail` VALUES ('182584', 'VariableUpdate', '182540', '182540', null, '182579', 'flag', 'string', '3', '2021-06-25 22:51:09', null, null, null, '1', null);
INSERT INTO `act_hi_detail` VALUES ('182590', 'VariableUpdate', '182540', '182540', null, '182586', 'flag', 'string', '3', '2021-06-25 22:51:30', null, null, null, '1', null);
INSERT INTO `act_hi_detail` VALUES ('182591', 'VariableUpdate', '182540', '182540', null, '182586', 'day', 'long', '1', '2021-06-25 22:51:30', null, null, '3', '3', null);
INSERT INTO `act_hi_detail` VALUES ('182598', 'VariableUpdate', '182540', '182540', null, '182594', 'flag', 'string', '3', '2021-06-25 22:52:01', null, null, null, '1', null);
INSERT INTO `act_hi_detail` VALUES ('182603', 'VariableUpdate', '182540', '182540', null, '182600', 'flag', 'string', '3', '2021-06-25 22:52:16', null, null, null, '1', null);
INSERT INTO `act_hi_detail` VALUES ('182607', 'VariableUpdate', '182605', '182605', null, null, 'apply', 'string', '0', '2021-06-25 22:56:32', null, null, null, 'system', null);
INSERT INTO `act_hi_detail` VALUES ('182611', 'VariableUpdate', '182605', '182605', null, '182609', 'title', 'string', '0', '2021-06-25 22:56:32', null, null, null, '测试', null);
INSERT INTO `act_hi_detail` VALUES ('185003', 'VariableUpdate', '185001', '185001', null, null, 'apply', 'string', '0', '2021-07-04 22:14:14', null, null, null, 'test1', null);
INSERT INTO `act_hi_detail` VALUES ('185007', 'VariableUpdate', '185001', '185001', null, '185005', 'title', 'string', '0', '2021-07-04 22:14:14', null, null, null, '测试', null);
INSERT INTO `act_hi_detail` VALUES ('185016', 'VariableUpdate', '185001', '185001', null, '185008', 'flag', 'string', '0', '2021-07-04 22:16:16', null, null, null, '1', null);
INSERT INTO `act_hi_detail` VALUES ('185024', 'VariableUpdate', '185022', '185022', null, null, 'apply', 'string', '0', '2021-07-04 22:20:33', null, null, null, 'test2', null);
INSERT INTO `act_hi_detail` VALUES ('185028', 'VariableUpdate', '185022', '185022', null, '185026', 'title', 'string', '0', '2021-07-04 22:20:33', null, null, null, '测试2', null);
INSERT INTO `act_hi_detail` VALUES ('185037', 'VariableUpdate', '185022', '185022', null, '185029', 'flag', 'string', '0', '2021-07-04 22:20:54', null, null, null, '1', null);
INSERT INTO `act_hi_detail` VALUES ('185044', 'VariableUpdate', '185022', '185022', null, '185039', 'flag', 'string', '1', '2021-07-04 22:21:17', null, null, null, '1', null);
INSERT INTO `act_hi_detail` VALUES ('185046', 'VariableUpdate', '185022', '185022', null, '185039', 'day', 'long', '0', '2021-07-04 22:21:17', null, null, '4', '4', null);

-- ----------------------------
-- Table structure for act_hi_identitylink
-- ----------------------------
DROP TABLE IF EXISTS `act_hi_identitylink`;
CREATE TABLE `act_hi_identitylink` (
  `ID_` varchar(64) COLLATE utf8_bin NOT NULL DEFAULT '',
  `GROUP_ID_` varchar(255) COLLATE utf8_bin DEFAULT NULL,
  `TYPE_` varchar(255) COLLATE utf8_bin DEFAULT NULL,
  `USER_ID_` varchar(255) COLLATE utf8_bin DEFAULT NULL,
  `TASK_ID_` varchar(64) COLLATE utf8_bin DEFAULT NULL,
  `PROC_INST_ID_` varchar(64) COLLATE utf8_bin DEFAULT NULL,
  PRIMARY KEY (`ID_`),
  KEY `ACT_IDX_HI_IDENT_LNK_USER` (`USER_ID_`) USING BTREE,
  KEY `ACT_IDX_HI_IDENT_LNK_TASK` (`TASK_ID_`) USING BTREE,
  KEY `ACT_IDX_HI_IDENT_LNK_PROCINST` (`PROC_INST_ID_`) USING BTREE
) ENGINE=InnoDB DEFAULT CHARSET=utf8 COLLATE=utf8_bin;

-- ----------------------------
-- Records of act_hi_identitylink
-- ----------------------------
INSERT INTO `act_hi_identitylink` VALUES ('182512', null, 'starter', 'system', null, '182509');
INSERT INTO `act_hi_identitylink` VALUES ('182518', 'deptAdmin', 'candidate', null, '182517', null);
INSERT INTO `act_hi_identitylink` VALUES ('182519', null, 'candidate', 'admin', '182517', null);
INSERT INTO `act_hi_identitylink` VALUES ('182520', null, 'participant', 'admin', null, '182509');
INSERT INTO `act_hi_identitylink` VALUES ('182527', 'hr', 'candidate', null, '182526', null);
INSERT INTO `act_hi_identitylink` VALUES ('182528', null, 'participant', 'dlsdys', null, '182509');
INSERT INTO `act_hi_identitylink` VALUES ('182543', null, 'starter', 'system', null, '182540');
INSERT INTO `act_hi_identitylink` VALUES ('182549', 'deptAdmin', 'candidate', null, '182548', null);
INSERT INTO `act_hi_identitylink` VALUES ('182550', null, 'candidate', 'admin', '182548', null);
INSERT INTO `act_hi_identitylink` VALUES ('182551', null, 'participant', 'admin', null, '182540');
INSERT INTO `act_hi_identitylink` VALUES ('182558', 'hr', 'candidate', null, '182557', null);
INSERT INTO `act_hi_identitylink` VALUES ('182559', null, 'participant', 'dlsdys', null, '182540');
INSERT INTO `act_hi_identitylink` VALUES ('182568', 'ceo', 'candidate', null, '182567', null);
INSERT INTO `act_hi_identitylink` VALUES ('182569', null, 'participant', 'ylsnq', null, '182540');
INSERT INTO `act_hi_identitylink` VALUES ('182581', 'deptAdmin', 'candidate', null, '182580', null);
INSERT INTO `act_hi_identitylink` VALUES ('182582', null, 'candidate', 'admin', '182580', null);
INSERT INTO `act_hi_identitylink` VALUES ('182588', 'hr', 'candidate', null, '182587', null);
INSERT INTO `act_hi_identitylink` VALUES ('182596', 'ceo', 'candidate', null, '182595', null);
INSERT INTO `act_hi_identitylink` VALUES ('182608', null, 'starter', 'system', null, '182605');
INSERT INTO `act_hi_identitylink` VALUES ('182614', 'deptAdmin', 'candidate', null, '182613', null);
INSERT INTO `act_hi_identitylink` VALUES ('182615', null, 'candidate', 'admin', '182613', null);
INSERT INTO `act_hi_identitylink` VALUES ('182616', null, 'participant', 'admin', null, '182605');
INSERT INTO `act_hi_identitylink` VALUES ('185004', null, 'starter', 'test1', null, '185001');
INSERT INTO `act_hi_identitylink` VALUES ('185010', null, 'participant', 'system', null, '185001');
INSERT INTO `act_hi_identitylink` VALUES ('185011', 'deptAdmin', 'candidate', null, '185009', null);
INSERT INTO `act_hi_identitylink` VALUES ('185012', null, 'candidate', 'admin', '185009', null);
INSERT INTO `act_hi_identitylink` VALUES ('185013', null, 'participant', 'admin', null, '185001');
INSERT INTO `act_hi_identitylink` VALUES ('185020', 'hr', 'candidate', null, '185019', null);
INSERT INTO `act_hi_identitylink` VALUES ('185021', null, 'participant', 'dlsdys', null, '185001');
INSERT INTO `act_hi_identitylink` VALUES ('185025', null, 'starter', 'test2', null, '185022');
INSERT INTO `act_hi_identitylink` VALUES ('185031', null, 'participant', 'system', null, '185022');
INSERT INTO `act_hi_identitylink` VALUES ('185032', 'deptAdmin', 'candidate', null, '185030', null);
INSERT INTO `act_hi_identitylink` VALUES ('185033', null, 'candidate', 'admin', '185030', null);
INSERT INTO `act_hi_identitylink` VALUES ('185034', null, 'participant', 'admin', null, '185022');
INSERT INTO `act_hi_identitylink` VALUES ('185041', 'hr', 'candidate', null, '185040', null);
INSERT INTO `act_hi_identitylink` VALUES ('185042', null, 'participant', 'dlsdys', null, '185022');
INSERT INTO `act_hi_identitylink` VALUES ('185051', 'ceo', 'candidate', null, '185050', null);

-- ----------------------------
-- Table structure for act_hi_procinst
-- ----------------------------
DROP TABLE IF EXISTS `act_hi_procinst`;
CREATE TABLE `act_hi_procinst` (
  `ID_` varchar(64) COLLATE utf8_bin NOT NULL,
  `PROC_INST_ID_` varchar(64) COLLATE utf8_bin NOT NULL,
  `BUSINESS_KEY_` varchar(255) COLLATE utf8_bin DEFAULT NULL,
  `PROC_DEF_ID_` varchar(64) COLLATE utf8_bin NOT NULL,
  `START_TIME_` datetime NOT NULL,
  `END_TIME_` datetime DEFAULT NULL,
  `DURATION_` bigint(20) DEFAULT NULL,
  `START_USER_ID_` varchar(255) COLLATE utf8_bin DEFAULT NULL,
  `START_ACT_ID_` varchar(255) COLLATE utf8_bin DEFAULT NULL,
  `END_ACT_ID_` varchar(255) COLLATE utf8_bin DEFAULT NULL,
  `SUPER_PROCESS_INSTANCE_ID_` varchar(64) COLLATE utf8_bin DEFAULT NULL,
  `DELETE_REASON_` varchar(4000) COLLATE utf8_bin DEFAULT NULL,
  `TENANT_ID_` varchar(255) COLLATE utf8_bin DEFAULT '',
  `NAME_` varchar(255) COLLATE utf8_bin DEFAULT NULL,
  PRIMARY KEY (`ID_`),
  UNIQUE KEY `PROC_INST_ID_` (`PROC_INST_ID_`) USING BTREE,
  KEY `ACT_IDX_HI_PRO_INST_END` (`END_TIME_`) USING BTREE,
  KEY `ACT_IDX_HI_PRO_I_BUSKEY` (`BUSINESS_KEY_`) USING BTREE
) ENGINE=InnoDB DEFAULT CHARSET=utf8 COLLATE=utf8_bin;

-- ----------------------------
-- Records of act_hi_procinst
-- ----------------------------
INSERT INTO `act_hi_procinst` VALUES ('182509', '182509', 'oa_leave:44b653708c264242b9149394ee579f94', 'leave:1:182508', '2021-06-25 22:46:44', '2021-06-25 22:48:19', '94837', 'system', 'start', 'end', null, null, '', null);
INSERT INTO `act_hi_procinst` VALUES ('182540', '182540', 'oa_leave:a1da955fd533434581e66c04cc11334b', 'leave:1:182508', '2021-06-25 22:49:13', '2021-06-25 22:52:16', '183397', 'system', 'start', 'end', null, null, '', null);
INSERT INTO `act_hi_procinst` VALUES ('182605', '182605', 'oa_leave:7ac5428a44954768896469866d955dae', 'leave:1:182508', '2021-06-25 22:56:32', null, null, 'system', 'start', null, null, null, '', null);
INSERT INTO `act_hi_procinst` VALUES ('185001', '185001', 'oa_leave:f254988945f34190b52592524192fb5c', 'leave:1:182508', '2021-07-04 22:14:14', null, null, 'test1', 'start', null, null, null, '', null);
INSERT INTO `act_hi_procinst` VALUES ('185022', '185022', 'oa_leave:52b6ba2ffe4e403387e9f7167774b189', 'leave:1:182508', '2021-07-04 22:20:33', null, null, 'test2', 'start', null, null, null, '', null);

-- ----------------------------
-- Table structure for act_hi_taskinst
-- ----------------------------
DROP TABLE IF EXISTS `act_hi_taskinst`;
CREATE TABLE `act_hi_taskinst` (
  `ID_` varchar(64) COLLATE utf8_bin NOT NULL,
  `PROC_DEF_ID_` varchar(64) COLLATE utf8_bin DEFAULT NULL,
  `TASK_DEF_KEY_` varchar(255) COLLATE utf8_bin DEFAULT NULL,
  `PROC_INST_ID_` varchar(64) COLLATE utf8_bin DEFAULT NULL,
  `EXECUTION_ID_` varchar(64) COLLATE utf8_bin DEFAULT NULL,
  `NAME_` varchar(255) COLLATE utf8_bin DEFAULT NULL,
  `PARENT_TASK_ID_` varchar(64) COLLATE utf8_bin DEFAULT NULL,
  `DESCRIPTION_` varchar(4000) COLLATE utf8_bin DEFAULT NULL,
  `OWNER_` varchar(255) COLLATE utf8_bin DEFAULT NULL,
  `ASSIGNEE_` varchar(255) COLLATE utf8_bin DEFAULT NULL,
  `START_TIME_` datetime NOT NULL,
  `CLAIM_TIME_` datetime DEFAULT NULL,
  `END_TIME_` datetime DEFAULT NULL,
  `DURATION_` bigint(20) DEFAULT NULL,
  `DELETE_REASON_` varchar(4000) COLLATE utf8_bin DEFAULT NULL,
  `PRIORITY_` int(11) DEFAULT NULL,
  `DUE_DATE_` datetime DEFAULT NULL,
  `FORM_KEY_` varchar(255) COLLATE utf8_bin DEFAULT NULL,
  `CATEGORY_` varchar(255) COLLATE utf8_bin DEFAULT NULL,
  `TENANT_ID_` varchar(255) COLLATE utf8_bin DEFAULT '',
  PRIMARY KEY (`ID_`),
  KEY `ACT_IDX_HI_TASK_INST_PROCINST` (`PROC_INST_ID_`) USING BTREE
) ENGINE=InnoDB DEFAULT CHARSET=utf8 COLLATE=utf8_bin;

-- ----------------------------
-- Records of act_hi_taskinst
-- ----------------------------
INSERT INTO `act_hi_taskinst` VALUES ('182517', 'leave:1:182508', 'deptAudit', '182509', '182509', '部门经理', null, null, null, 'system', '2021-06-25 22:46:44', null, '2021-06-25 22:47:39', '54622', 'completed', '50', null, null, null, '');
INSERT INTO `act_hi_taskinst` VALUES ('182526', 'leave:1:182508', 'HRAudit', '182509', '182509', 'HR', null, null, null, 'dlsdys', '2021-06-25 22:47:39', '2021-06-25 22:47:53', '2021-06-25 22:48:03', '23983', 'completed', '50', null, null, null, '');
INSERT INTO `act_hi_taskinst` VALUES ('182536', 'leave:1:182508', 'xiaojia', '182509', '182509', '销假', null, null, null, 'system', '2021-06-25 22:48:03', null, '2021-06-25 22:48:19', '15828', 'completed', '50', null, null, null, '');
INSERT INTO `act_hi_taskinst` VALUES ('182548', 'leave:1:182508', 'deptAudit', '182540', '182540', '部门经理', null, null, null, 'system', '2021-06-25 22:49:13', null, '2021-06-25 22:49:24', '10692', 'completed', '50', null, null, null, '');
INSERT INTO `act_hi_taskinst` VALUES ('182557', 'leave:1:182508', 'HRAudit', '182540', '182540', 'HR', null, null, null, 'dlsdys', '2021-06-25 22:49:24', '2021-06-25 22:49:35', '2021-06-25 22:49:51', '27025', 'completed', '50', null, null, null, '');
INSERT INTO `act_hi_taskinst` VALUES ('182567', 'leave:1:182508', 'ceoAudit', '182540', '182540', '总经理', null, null, null, 'ylsnq', '2021-06-25 22:49:51', '2021-06-25 22:50:07', '2021-06-25 22:50:16', '24977', 'completed', '50', null, null, null, '');
INSERT INTO `act_hi_taskinst` VALUES ('182574', 'leave:1:182508', 'modifyApply', '182540', '182540', '调整审请', null, null, null, 'system', '2021-06-25 22:50:16', null, '2021-06-25 22:51:01', '44994', 'completed', '50', null, null, null, '');
INSERT INTO `act_hi_taskinst` VALUES ('182580', 'leave:1:182508', 'deptAudit', '182540', '182540', '部门经理', null, null, null, 'system', '2021-06-25 22:51:01', null, '2021-06-25 22:51:09', '7834', 'completed', '50', null, null, null, '');
INSERT INTO `act_hi_taskinst` VALUES ('182587', 'leave:1:182508', 'HRAudit', '182540', '182540', 'HR', null, null, null, 'dlsdys', '2021-06-25 22:51:09', '2021-06-25 22:51:22', '2021-06-25 22:51:30', '20851', 'completed', '50', null, null, null, '');
INSERT INTO `act_hi_taskinst` VALUES ('182595', 'leave:1:182508', 'ceoAudit', '182540', '182540', '总经理', null, null, null, 'ylsnq', '2021-06-25 22:51:30', '2021-06-25 22:51:50', '2021-06-25 22:52:01', '30709', 'completed', '50', null, null, null, '');
INSERT INTO `act_hi_taskinst` VALUES ('182601', 'leave:1:182508', 'xiaojia', '182540', '182540', '销假', null, null, null, 'system', '2021-06-25 22:52:01', null, '2021-06-25 22:52:16', '15392', 'completed', '50', null, null, null, '');
INSERT INTO `act_hi_taskinst` VALUES ('182613', 'leave:1:182508', 'deptAudit', '182605', '182605', '部门经理', null, null, null, 'system', '2021-06-25 22:56:32', null, null, null, null, '50', null, null, null, '');
INSERT INTO `act_hi_taskinst` VALUES ('185009', 'leave:1:182508', 'deptAudit', '185001', '185001', '部门经理', null, null, null, 'system', '2021-07-04 22:14:14', null, '2021-07-04 22:16:16', '122261', 'completed', '50', null, null, null, '');
INSERT INTO `act_hi_taskinst` VALUES ('185019', 'leave:1:182508', 'HRAudit', '185001', '185001', 'HR', null, null, null, 'dlsdys', '2021-07-04 22:16:16', '2021-07-04 22:18:48', null, null, null, '50', null, null, null, '');
INSERT INTO `act_hi_taskinst` VALUES ('185030', 'leave:1:182508', 'deptAudit', '185022', '185022', '部门经理', null, null, null, 'system', '2021-07-04 22:20:33', null, '2021-07-04 22:20:54', '21205', 'completed', '50', null, null, null, '');
INSERT INTO `act_hi_taskinst` VALUES ('185040', 'leave:1:182508', 'HRAudit', '185022', '185022', 'HR', null, null, null, 'dlsdys', '2021-07-04 22:20:54', '2021-07-04 22:21:08', '2021-07-04 22:21:17', '23021', 'completed', '50', null, null, null, '');
INSERT INTO `act_hi_taskinst` VALUES ('185050', 'leave:1:182508', 'ceoAudit', '185022', '185022', '总经理', null, null, null, null, '2021-07-04 22:21:17', null, null, null, null, '50', null, null, null, '');

-- ----------------------------
-- Table structure for act_hi_varinst
-- ----------------------------
DROP TABLE IF EXISTS `act_hi_varinst`;
CREATE TABLE `act_hi_varinst` (
  `ID_` varchar(64) COLLATE utf8_bin NOT NULL,
  `PROC_INST_ID_` varchar(64) COLLATE utf8_bin DEFAULT NULL,
  `EXECUTION_ID_` varchar(64) COLLATE utf8_bin DEFAULT NULL,
  `TASK_ID_` varchar(64) COLLATE utf8_bin DEFAULT NULL,
  `NAME_` varchar(255) COLLATE utf8_bin NOT NULL,
  `VAR_TYPE_` varchar(100) COLLATE utf8_bin DEFAULT NULL,
  `REV_` int(11) DEFAULT NULL,
  `BYTEARRAY_ID_` varchar(64) COLLATE utf8_bin DEFAULT NULL,
  `DOUBLE_` double DEFAULT NULL,
  `LONG_` bigint(20) DEFAULT NULL,
  `TEXT_` varchar(4000) COLLATE utf8_bin DEFAULT NULL,
  `TEXT2_` varchar(4000) COLLATE utf8_bin DEFAULT NULL,
  `CREATE_TIME_` datetime DEFAULT NULL,
  `LAST_UPDATED_TIME_` datetime DEFAULT NULL,
  PRIMARY KEY (`ID_`),
  KEY `ACT_IDX_HI_PROCVAR_PROC_INST` (`PROC_INST_ID_`) USING BTREE,
  KEY `ACT_IDX_HI_PROCVAR_NAME_TYPE` (`NAME_`,`VAR_TYPE_`) USING BTREE,
  KEY `ACT_IDX_HI_PROCVAR_TASK_ID` (`TASK_ID_`) USING BTREE
) ENGINE=InnoDB DEFAULT CHARSET=utf8 COLLATE=utf8_bin;

-- ----------------------------
-- Records of act_hi_varinst
-- ----------------------------
INSERT INTO `act_hi_varinst` VALUES ('182510', '182509', '182509', null, 'apply', 'string', '1', null, null, null, 'system', null, '2021-06-25 22:46:44', '2021-06-25 22:48:19');
INSERT INTO `act_hi_varinst` VALUES ('182514', '182509', '182509', null, 'title', 'string', '1', null, null, null, '测试请假审批流程', null, '2021-06-25 22:46:44', '2021-06-25 22:48:19');
INSERT INTO `act_hi_varinst` VALUES ('182522', '182509', '182509', null, 'flag', 'string', '2', null, null, null, '1', null, '2021-06-25 22:47:39', '2021-06-25 22:48:19');
INSERT INTO `act_hi_varinst` VALUES ('182531', '182509', '182509', null, 'day', 'long', '1', null, null, '1', '1', null, '2021-06-25 22:48:03', '2021-06-25 22:48:19');
INSERT INTO `act_hi_varinst` VALUES ('182541', '182540', '182540', null, 'apply', 'string', '1', null, null, null, 'system', null, '2021-06-25 22:49:13', '2021-06-25 22:52:16');
INSERT INTO `act_hi_varinst` VALUES ('182545', '182540', '182540', null, 'title', 'string', '2', null, null, null, '测试请假大于三天的审批流程', null, '2021-06-25 22:49:13', '2021-06-25 22:52:16');
INSERT INTO `act_hi_varinst` VALUES ('182553', '182540', '182540', null, 'flag', 'string', '7', null, null, null, '1', null, '2021-06-25 22:49:24', '2021-06-25 22:52:16');
INSERT INTO `act_hi_varinst` VALUES ('182562', '182540', '182540', null, 'day', 'long', '2', null, null, '3', '3', null, '2021-06-25 22:49:51', '2021-06-25 22:52:16');
INSERT INTO `act_hi_varinst` VALUES ('182606', '182605', '182605', null, 'apply', 'string', '0', null, null, null, 'system', null, '2021-06-25 22:56:32', '2021-06-25 22:56:32');
INSERT INTO `act_hi_varinst` VALUES ('182610', '182605', '182605', null, 'title', 'string', '0', null, null, null, '测试', null, '2021-06-25 22:56:32', '2021-06-25 22:56:32');
INSERT INTO `act_hi_varinst` VALUES ('185002', '185001', '185001', null, 'apply', 'string', '0', null, null, null, 'test1', null, '2021-07-04 22:14:14', '2021-07-04 22:14:14');
INSERT INTO `act_hi_varinst` VALUES ('185006', '185001', '185001', null, 'title', 'string', '0', null, null, null, '测试', null, '2021-07-04 22:14:14', '2021-07-04 22:14:14');
INSERT INTO `act_hi_varinst` VALUES ('185015', '185001', '185001', null, 'flag', 'string', '0', null, null, null, '1', null, '2021-07-04 22:16:16', '2021-07-04 22:16:16');
INSERT INTO `act_hi_varinst` VALUES ('185023', '185022', '185022', null, 'apply', 'string', '0', null, null, null, 'test2', null, '2021-07-04 22:20:33', '2021-07-04 22:20:33');
INSERT INTO `act_hi_varinst` VALUES ('185027', '185022', '185022', null, 'title', 'string', '0', null, null, null, '测试2', null, '2021-07-04 22:20:33', '2021-07-04 22:20:33');
INSERT INTO `act_hi_varinst` VALUES ('185036', '185022', '185022', null, 'flag', 'string', '1', null, null, null, '1', null, '2021-07-04 22:20:54', '2021-07-04 22:21:17');
INSERT INTO `act_hi_varinst` VALUES ('185045', '185022', '185022', null, 'day', 'long', '0', null, null, '4', '4', null, '2021-07-04 22:21:17', '2021-07-04 22:21:17');

-- ----------------------------
-- Table structure for act_id_group
-- ----------------------------
DROP TABLE IF EXISTS `act_id_group`;
CREATE TABLE `act_id_group` (
  `ID_` varchar(64) COLLATE utf8_bin NOT NULL DEFAULT '',
  `REV_` int(11) DEFAULT NULL,
  `NAME_` varchar(255) COLLATE utf8_bin DEFAULT NULL,
  `TYPE_` varchar(255) COLLATE utf8_bin DEFAULT NULL,
  PRIMARY KEY (`ID_`)
) ENGINE=InnoDB DEFAULT CHARSET=utf8 COLLATE=utf8_bin;

-- ----------------------------
-- Records of act_id_group
-- ----------------------------

-- ----------------------------
-- Table structure for act_id_info
-- ----------------------------
DROP TABLE IF EXISTS `act_id_info`;
CREATE TABLE `act_id_info` (
  `ID_` varchar(64) COLLATE utf8_bin NOT NULL DEFAULT '',
  `REV_` int(11) DEFAULT NULL,
  `USER_ID_` varchar(64) COLLATE utf8_bin DEFAULT NULL,
  `TYPE_` varchar(64) COLLATE utf8_bin DEFAULT NULL,
  `KEY_` varchar(255) COLLATE utf8_bin DEFAULT NULL,
  `VALUE_` varchar(255) COLLATE utf8_bin DEFAULT NULL,
  `PASSWORD_` longblob,
  `PARENT_ID_` varchar(255) COLLATE utf8_bin DEFAULT NULL,
  PRIMARY KEY (`ID_`)
) ENGINE=InnoDB DEFAULT CHARSET=utf8 COLLATE=utf8_bin;

-- ----------------------------
-- Records of act_id_info
-- ----------------------------

-- ----------------------------
-- Table structure for act_id_membership
-- ----------------------------
DROP TABLE IF EXISTS `act_id_membership`;
CREATE TABLE `act_id_membership` (
  `USER_ID_` varchar(64) COLLATE utf8_bin NOT NULL DEFAULT '',
  `GROUP_ID_` varchar(64) COLLATE utf8_bin NOT NULL DEFAULT '',
  PRIMARY KEY (`USER_ID_`,`GROUP_ID_`),
  KEY `ACT_FK_MEMB_GROUP` (`GROUP_ID_`) USING BTREE,
  CONSTRAINT `act_id_membership_ibfk_1` FOREIGN KEY (`GROUP_ID_`) REFERENCES `act_id_group` (`ID_`),
  CONSTRAINT `act_id_membership_ibfk_2` FOREIGN KEY (`USER_ID_`) REFERENCES `act_id_user` (`ID_`)
) ENGINE=InnoDB DEFAULT CHARSET=utf8 COLLATE=utf8_bin;

-- ----------------------------
-- Records of act_id_membership
-- ----------------------------

-- ----------------------------
-- Table structure for act_id_user
-- ----------------------------
DROP TABLE IF EXISTS `act_id_user`;
CREATE TABLE `act_id_user` (
  `ID_` varchar(64) COLLATE utf8_bin NOT NULL DEFAULT '',
  `REV_` int(11) DEFAULT NULL,
  `FIRST_` varchar(255) COLLATE utf8_bin DEFAULT NULL,
  `LAST_` varchar(255) COLLATE utf8_bin DEFAULT NULL,
  `EMAIL_` varchar(255) COLLATE utf8_bin DEFAULT NULL,
  `PWD_` varchar(255) COLLATE utf8_bin DEFAULT NULL,
  `PICTURE_ID_` varchar(64) COLLATE utf8_bin DEFAULT NULL,
  PRIMARY KEY (`ID_`)
) ENGINE=InnoDB DEFAULT CHARSET=utf8 COLLATE=utf8_bin;

-- ----------------------------
-- Records of act_id_user
-- ----------------------------

-- ----------------------------
-- Table structure for act_procdef_info
-- ----------------------------
DROP TABLE IF EXISTS `act_procdef_info`;
CREATE TABLE `act_procdef_info` (
  `ID_` varchar(64) COLLATE utf8_bin NOT NULL,
  `PROC_DEF_ID_` varchar(64) COLLATE utf8_bin NOT NULL,
  `REV_` int(11) DEFAULT NULL,
  `INFO_JSON_ID_` varchar(64) COLLATE utf8_bin DEFAULT NULL,
  PRIMARY KEY (`ID_`),
  UNIQUE KEY `ACT_UNIQ_INFO_PROCDEF` (`PROC_DEF_ID_`) USING BTREE,
  KEY `ACT_IDX_INFO_PROCDEF` (`PROC_DEF_ID_`) USING BTREE,
  KEY `ACT_FK_INFO_JSON_BA` (`INFO_JSON_ID_`) USING BTREE,
  CONSTRAINT `act_procdef_info_ibfk_1` FOREIGN KEY (`INFO_JSON_ID_`) REFERENCES `act_ge_bytearray` (`ID_`),
  CONSTRAINT `act_procdef_info_ibfk_2` FOREIGN KEY (`PROC_DEF_ID_`) REFERENCES `act_re_procdef` (`ID_`)
) ENGINE=InnoDB DEFAULT CHARSET=utf8 COLLATE=utf8_bin;

-- ----------------------------
-- Records of act_procdef_info
-- ----------------------------

-- ----------------------------
-- Table structure for act_re_deployment
-- ----------------------------
DROP TABLE IF EXISTS `act_re_deployment`;
CREATE TABLE `act_re_deployment` (
  `ID_` varchar(64) COLLATE utf8_bin NOT NULL DEFAULT '',
  `NAME_` varchar(255) COLLATE utf8_bin DEFAULT NULL,
  `CATEGORY_` varchar(255) COLLATE utf8_bin DEFAULT NULL,
  `TENANT_ID_` varchar(255) COLLATE utf8_bin DEFAULT '',
  `DEPLOY_TIME_` timestamp NULL DEFAULT NULL,
  PRIMARY KEY (`ID_`)
) ENGINE=InnoDB DEFAULT CHARSET=utf8 COLLATE=utf8_bin;

-- ----------------------------
-- Records of act_re_deployment
-- ----------------------------
INSERT INTO `act_re_deployment` VALUES ('182505', '请假审批流程', null, '', '2021-06-25 22:45:22');

-- ----------------------------
-- Table structure for act_re_model
-- ----------------------------
DROP TABLE IF EXISTS `act_re_model`;
CREATE TABLE `act_re_model` (
  `ID_` varchar(64) COLLATE utf8_bin NOT NULL,
  `REV_` int(11) DEFAULT NULL,
  `NAME_` varchar(255) COLLATE utf8_bin DEFAULT NULL,
  `KEY_` varchar(255) COLLATE utf8_bin DEFAULT NULL,
  `CATEGORY_` varchar(255) COLLATE utf8_bin DEFAULT NULL,
  `CREATE_TIME_` timestamp NULL DEFAULT NULL,
  `LAST_UPDATE_TIME_` timestamp NULL DEFAULT NULL,
  `VERSION_` int(11) DEFAULT NULL,
  `META_INFO_` varchar(4000) COLLATE utf8_bin DEFAULT NULL,
  `DEPLOYMENT_ID_` varchar(64) COLLATE utf8_bin DEFAULT NULL,
  `EDITOR_SOURCE_VALUE_ID_` varchar(64) COLLATE utf8_bin DEFAULT NULL,
  `EDITOR_SOURCE_EXTRA_VALUE_ID_` varchar(64) COLLATE utf8_bin DEFAULT NULL,
  `TENANT_ID_` varchar(255) COLLATE utf8_bin DEFAULT '',
  PRIMARY KEY (`ID_`),
  KEY `ACT_FK_MODEL_SOURCE` (`EDITOR_SOURCE_VALUE_ID_`) USING BTREE,
  KEY `ACT_FK_MODEL_SOURCE_EXTRA` (`EDITOR_SOURCE_EXTRA_VALUE_ID_`) USING BTREE,
  KEY `ACT_FK_MODEL_DEPLOYMENT` (`DEPLOYMENT_ID_`) USING BTREE,
  CONSTRAINT `act_re_model_ibfk_1` FOREIGN KEY (`DEPLOYMENT_ID_`) REFERENCES `act_re_deployment` (`ID_`),
  CONSTRAINT `act_re_model_ibfk_2` FOREIGN KEY (`EDITOR_SOURCE_VALUE_ID_`) REFERENCES `act_ge_bytearray` (`ID_`),
  CONSTRAINT `act_re_model_ibfk_3` FOREIGN KEY (`EDITOR_SOURCE_EXTRA_VALUE_ID_`) REFERENCES `act_ge_bytearray` (`ID_`)
) ENGINE=InnoDB DEFAULT CHARSET=utf8 COLLATE=utf8_bin;

-- ----------------------------
-- Records of act_re_model
-- ----------------------------
INSERT INTO `act_re_model` VALUES ('180001', '2', '出差审批流程', 'business_trip', '1', '2021-06-25 22:20:52', '2021-06-25 22:20:52', '1', '{\"name\":\"出差审批流程\",\"revision\":1,\"description\":\"出差审批流程\"}', null, '180002', null, '');
INSERT INTO `act_re_model` VALUES ('80003', '17', '请假审批流程', 'leave', '1', '2019-10-17 21:01:36', '2021-06-25 22:43:51', '1', '{\"name\":\"请假审批流程\",\"revision\":1,\"description\":\"请假审批流程\"}', null, '80004', '80005', '');

-- ----------------------------
-- Table structure for act_re_procdef
-- ----------------------------
DROP TABLE IF EXISTS `act_re_procdef`;
CREATE TABLE `act_re_procdef` (
  `ID_` varchar(64) COLLATE utf8_bin NOT NULL COMMENT '主键',
  `REV_` int(11) DEFAULT NULL COMMENT '乐观锁(默认值 NULL，version版本)',
  `CATEGORY_` varchar(255) COLLATE utf8_bin DEFAULT NULL COMMENT '类别(流程定义的Namespace就是类别)',
  `NAME_` varchar(255) COLLATE utf8_bin DEFAULT NULL COMMENT '名称',
  `KEY_` varchar(255) COLLATE utf8_bin NOT NULL COMMENT '流程定义的ID',
  `VERSION_` int(11) NOT NULL COMMENT '版本',
  `DEPLOYMENT_ID_` varchar(64) COLLATE utf8_bin DEFAULT NULL COMMENT '部署表ID',
  `RESOURCE_NAME_` varchar(4000) COLLATE utf8_bin DEFAULT NULL COMMENT 'bpmn文件名称',
  `DGRM_RESOURCE_NAME_` varchar(4000) COLLATE utf8_bin DEFAULT NULL COMMENT 'png图片名称',
  `DESCRIPTION_` varchar(4000) COLLATE utf8_bin DEFAULT NULL COMMENT '描述',
  `HAS_START_FORM_KEY_` tinyint(4) DEFAULT NULL COMMENT '是否存在开始节点formKey(start节点是否存在formKey（0：否、1：是）)',
  `HAS_GRAPHICAL_NOTATION_` tinyint(4) DEFAULT NULL,
  `SUSPENSION_STATE_` int(11) DEFAULT NULL COMMENT '是否挂起(1 激活 2挂起)',
  `TENANT_ID_` varchar(255) COLLATE utf8_bin DEFAULT '' COMMENT '租户ID',
  PRIMARY KEY (`ID_`),
  UNIQUE KEY `ACT_UNIQ_PROCDEF` (`KEY_`,`VERSION_`,`TENANT_ID_`) USING BTREE
) ENGINE=InnoDB DEFAULT CHARSET=utf8 COLLATE=utf8_bin;

-- ----------------------------
-- Records of act_re_procdef
-- ----------------------------
INSERT INTO `act_re_procdef` VALUES ('leave:1:182508', '2', '1', '请假审批流程', 'leave', '1', '182505', '请假审批流程.bpmn20.xml', '请假审批流程.leave.png', null, '1', '1', '1', '');

-- ----------------------------
-- Table structure for act_ru_event_subscr
-- ----------------------------
DROP TABLE IF EXISTS `act_ru_event_subscr`;
CREATE TABLE `act_ru_event_subscr` (
  `ID_` varchar(64) COLLATE utf8_bin NOT NULL,
  `REV_` int(11) DEFAULT NULL,
  `EVENT_TYPE_` varchar(255) COLLATE utf8_bin NOT NULL,
  `EVENT_NAME_` varchar(255) COLLATE utf8_bin DEFAULT NULL,
  `EXECUTION_ID_` varchar(64) COLLATE utf8_bin DEFAULT NULL,
  `PROC_INST_ID_` varchar(64) COLLATE utf8_bin DEFAULT NULL,
  `ACTIVITY_ID_` varchar(64) COLLATE utf8_bin DEFAULT NULL,
  `CONFIGURATION_` varchar(255) COLLATE utf8_bin DEFAULT NULL,
  `CREATED_` timestamp NOT NULL DEFAULT CURRENT_TIMESTAMP,
  `PROC_DEF_ID_` varchar(64) COLLATE utf8_bin DEFAULT NULL,
  `TENANT_ID_` varchar(255) COLLATE utf8_bin DEFAULT '',
  PRIMARY KEY (`ID_`),
  KEY `ACT_IDX_EVENT_SUBSCR_CONFIG_` (`CONFIGURATION_`) USING BTREE,
  KEY `ACT_FK_EVENT_EXEC` (`EXECUTION_ID_`) USING BTREE,
  CONSTRAINT `act_ru_event_subscr_ibfk_1` FOREIGN KEY (`EXECUTION_ID_`) REFERENCES `act_ru_execution` (`ID_`)
) ENGINE=InnoDB DEFAULT CHARSET=utf8 COLLATE=utf8_bin;

-- ----------------------------
-- Records of act_ru_event_subscr
-- ----------------------------

-- ----------------------------
-- Table structure for act_ru_execution
-- ----------------------------
DROP TABLE IF EXISTS `act_ru_execution`;
CREATE TABLE `act_ru_execution` (
  `ID_` varchar(64) COLLATE utf8_bin NOT NULL DEFAULT '',
  `REV_` int(11) DEFAULT NULL,
  `PROC_INST_ID_` varchar(64) COLLATE utf8_bin DEFAULT NULL,
  `BUSINESS_KEY_` varchar(255) COLLATE utf8_bin DEFAULT NULL,
  `PARENT_ID_` varchar(64) COLLATE utf8_bin DEFAULT NULL,
  `PROC_DEF_ID_` varchar(64) COLLATE utf8_bin DEFAULT NULL,
  `SUPER_EXEC_` varchar(64) COLLATE utf8_bin DEFAULT NULL,
  `ACT_ID_` varchar(255) COLLATE utf8_bin DEFAULT NULL,
  `IS_ACTIVE_` tinyint(4) DEFAULT NULL,
  `IS_CONCURRENT_` tinyint(4) DEFAULT NULL,
  `IS_SCOPE_` tinyint(4) DEFAULT NULL,
  `IS_EVENT_SCOPE_` tinyint(4) DEFAULT NULL,
  `SUSPENSION_STATE_` int(11) DEFAULT NULL,
  `CACHED_ENT_STATE_` int(11) DEFAULT NULL,
  `TENANT_ID_` varchar(255) COLLATE utf8_bin DEFAULT '',
  `NAME_` varchar(255) COLLATE utf8_bin DEFAULT NULL,
  `LOCK_TIME_` timestamp NULL DEFAULT NULL,
  PRIMARY KEY (`ID_`),
  KEY `ACT_IDX_EXEC_BUSKEY` (`BUSINESS_KEY_`) USING BTREE,
  KEY `ACT_FK_EXE_PROCINST` (`PROC_INST_ID_`) USING BTREE,
  KEY `ACT_FK_EXE_PARENT` (`PARENT_ID_`) USING BTREE,
  KEY `ACT_FK_EXE_SUPER` (`SUPER_EXEC_`) USING BTREE,
  KEY `ACT_FK_EXE_PROCDEF` (`PROC_DEF_ID_`) USING BTREE,
  CONSTRAINT `act_ru_execution_ibfk_1` FOREIGN KEY (`PARENT_ID_`) REFERENCES `act_ru_execution` (`ID_`),
  CONSTRAINT `act_ru_execution_ibfk_2` FOREIGN KEY (`PROC_DEF_ID_`) REFERENCES `act_re_procdef` (`ID_`),
  CONSTRAINT `act_ru_execution_ibfk_3` FOREIGN KEY (`PROC_INST_ID_`) REFERENCES `act_ru_execution` (`ID_`) ON DELETE CASCADE ON UPDATE CASCADE,
  CONSTRAINT `act_ru_execution_ibfk_4` FOREIGN KEY (`SUPER_EXEC_`) REFERENCES `act_ru_execution` (`ID_`)
) ENGINE=InnoDB DEFAULT CHARSET=utf8 COLLATE=utf8_bin;

-- ----------------------------
-- Records of act_ru_execution
-- ----------------------------
INSERT INTO `act_ru_execution` VALUES ('182605', '1', '182605', 'oa_leave:7ac5428a44954768896469866d955dae', null, 'leave:1:182508', null, 'deptAudit', '1', '0', '1', '0', '1', '2', '', null, null);
INSERT INTO `act_ru_execution` VALUES ('185001', '2', '185001', 'oa_leave:f254988945f34190b52592524192fb5c', null, 'leave:1:182508', null, 'HRAudit', '1', '0', '1', '0', '1', '2', '', null, null);
INSERT INTO `act_ru_execution` VALUES ('185022', '3', '185022', 'oa_leave:52b6ba2ffe4e403387e9f7167774b189', null, 'leave:1:182508', null, 'ceoAudit', '1', '0', '1', '0', '1', '2', '', null, null);

-- ----------------------------
-- Table structure for act_ru_identitylink
-- ----------------------------
DROP TABLE IF EXISTS `act_ru_identitylink`;
CREATE TABLE `act_ru_identitylink` (
  `ID_` varchar(64) COLLATE utf8_bin NOT NULL DEFAULT '',
  `REV_` int(11) DEFAULT NULL,
  `GROUP_ID_` varchar(255) COLLATE utf8_bin DEFAULT NULL,
  `TYPE_` varchar(255) COLLATE utf8_bin DEFAULT NULL,
  `USER_ID_` varchar(255) COLLATE utf8_bin DEFAULT NULL,
  `TASK_ID_` varchar(64) COLLATE utf8_bin DEFAULT NULL,
  `PROC_INST_ID_` varchar(64) COLLATE utf8_bin DEFAULT NULL,
  `PROC_DEF_ID_` varchar(64) COLLATE utf8_bin DEFAULT NULL,
  PRIMARY KEY (`ID_`),
  KEY `ACT_IDX_IDENT_LNK_USER` (`USER_ID_`) USING BTREE,
  KEY `ACT_IDX_IDENT_LNK_GROUP` (`GROUP_ID_`) USING BTREE,
  KEY `ACT_IDX_ATHRZ_PROCEDEF` (`PROC_DEF_ID_`) USING BTREE,
  KEY `ACT_FK_TSKASS_TASK` (`TASK_ID_`) USING BTREE,
  KEY `ACT_FK_IDL_PROCINST` (`PROC_INST_ID_`) USING BTREE,
  CONSTRAINT `act_ru_identitylink_ibfk_1` FOREIGN KEY (`PROC_DEF_ID_`) REFERENCES `act_re_procdef` (`ID_`),
  CONSTRAINT `act_ru_identitylink_ibfk_2` FOREIGN KEY (`PROC_INST_ID_`) REFERENCES `act_ru_execution` (`ID_`),
  CONSTRAINT `act_ru_identitylink_ibfk_3` FOREIGN KEY (`TASK_ID_`) REFERENCES `act_ru_task` (`ID_`)
) ENGINE=InnoDB DEFAULT CHARSET=utf8 COLLATE=utf8_bin;

-- ----------------------------
-- Records of act_ru_identitylink
-- ----------------------------
INSERT INTO `act_ru_identitylink` VALUES ('182608', '1', null, 'starter', 'system', null, '182605', null);
INSERT INTO `act_ru_identitylink` VALUES ('182614', '1', 'deptAdmin', 'candidate', null, '182613', null, null);
INSERT INTO `act_ru_identitylink` VALUES ('182615', '1', null, 'candidate', 'admin', '182613', null, null);
INSERT INTO `act_ru_identitylink` VALUES ('182616', '1', null, 'participant', 'admin', null, '182605', null);
INSERT INTO `act_ru_identitylink` VALUES ('185004', '1', null, 'starter', 'test1', null, '185001', null);
INSERT INTO `act_ru_identitylink` VALUES ('185010', '1', null, 'participant', 'system', null, '185001', null);
INSERT INTO `act_ru_identitylink` VALUES ('185013', '1', null, 'participant', 'admin', null, '185001', null);
INSERT INTO `act_ru_identitylink` VALUES ('185020', '1', 'hr', 'candidate', null, '185019', null, null);
INSERT INTO `act_ru_identitylink` VALUES ('185021', '1', null, 'participant', 'dlsdys', null, '185001', null);
INSERT INTO `act_ru_identitylink` VALUES ('185025', '1', null, 'starter', 'test2', null, '185022', null);
INSERT INTO `act_ru_identitylink` VALUES ('185031', '1', null, 'participant', 'system', null, '185022', null);
INSERT INTO `act_ru_identitylink` VALUES ('185034', '1', null, 'participant', 'admin', null, '185022', null);
INSERT INTO `act_ru_identitylink` VALUES ('185042', '1', null, 'participant', 'dlsdys', null, '185022', null);
INSERT INTO `act_ru_identitylink` VALUES ('185051', '1', 'ceo', 'candidate', null, '185050', null, null);

-- ----------------------------
-- Table structure for act_ru_job
-- ----------------------------
DROP TABLE IF EXISTS `act_ru_job`;
CREATE TABLE `act_ru_job` (
  `ID_` varchar(64) COLLATE utf8_bin NOT NULL,
  `REV_` int(11) DEFAULT NULL,
  `TYPE_` varchar(255) COLLATE utf8_bin NOT NULL,
  `LOCK_EXP_TIME_` timestamp NULL DEFAULT NULL,
  `LOCK_OWNER_` varchar(255) COLLATE utf8_bin DEFAULT NULL,
  `EXCLUSIVE_` tinyint(1) DEFAULT NULL,
  `EXECUTION_ID_` varchar(64) COLLATE utf8_bin DEFAULT NULL,
  `PROCESS_INSTANCE_ID_` varchar(64) COLLATE utf8_bin DEFAULT NULL,
  `PROC_DEF_ID_` varchar(64) COLLATE utf8_bin DEFAULT NULL,
  `RETRIES_` int(11) DEFAULT NULL,
  `EXCEPTION_STACK_ID_` varchar(64) COLLATE utf8_bin DEFAULT NULL,
  `EXCEPTION_MSG_` varchar(4000) COLLATE utf8_bin DEFAULT NULL,
  `DUEDATE_` timestamp NULL DEFAULT NULL,
  `REPEAT_` varchar(255) COLLATE utf8_bin DEFAULT NULL,
  `HANDLER_TYPE_` varchar(255) COLLATE utf8_bin DEFAULT NULL,
  `HANDLER_CFG_` varchar(4000) COLLATE utf8_bin DEFAULT NULL,
  `TENANT_ID_` varchar(255) COLLATE utf8_bin DEFAULT '',
  PRIMARY KEY (`ID_`),
  KEY `ACT_FK_JOB_EXCEPTION` (`EXCEPTION_STACK_ID_`) USING BTREE,
  CONSTRAINT `act_ru_job_ibfk_1` FOREIGN KEY (`EXCEPTION_STACK_ID_`) REFERENCES `act_ge_bytearray` (`ID_`)
) ENGINE=InnoDB DEFAULT CHARSET=utf8 COLLATE=utf8_bin;

-- ----------------------------
-- Records of act_ru_job
-- ----------------------------

-- ----------------------------
-- Table structure for act_ru_task
-- ----------------------------
DROP TABLE IF EXISTS `act_ru_task`;
CREATE TABLE `act_ru_task` (
  `ID_` varchar(64) COLLATE utf8_bin NOT NULL DEFAULT '',
  `REV_` int(11) DEFAULT NULL,
  `EXECUTION_ID_` varchar(64) COLLATE utf8_bin DEFAULT NULL,
  `PROC_INST_ID_` varchar(64) COLLATE utf8_bin DEFAULT NULL,
  `PROC_DEF_ID_` varchar(64) COLLATE utf8_bin DEFAULT NULL,
  `NAME_` varchar(255) COLLATE utf8_bin DEFAULT NULL,
  `PARENT_TASK_ID_` varchar(64) COLLATE utf8_bin DEFAULT NULL,
  `DESCRIPTION_` varchar(4000) COLLATE utf8_bin DEFAULT NULL,
  `TASK_DEF_KEY_` varchar(255) COLLATE utf8_bin DEFAULT NULL,
  `OWNER_` varchar(255) COLLATE utf8_bin DEFAULT NULL,
  `ASSIGNEE_` varchar(255) COLLATE utf8_bin DEFAULT NULL,
  `DELEGATION_` varchar(64) COLLATE utf8_bin DEFAULT NULL,
  `PRIORITY_` int(11) DEFAULT NULL,
  `CREATE_TIME_` timestamp NULL DEFAULT NULL,
  `DUE_DATE_` datetime DEFAULT NULL,
  `CATEGORY_` varchar(255) COLLATE utf8_bin DEFAULT NULL,
  `SUSPENSION_STATE_` int(11) DEFAULT NULL,
  `TENANT_ID_` varchar(255) COLLATE utf8_bin DEFAULT '',
  `FORM_KEY_` varchar(255) COLLATE utf8_bin DEFAULT NULL,
  PRIMARY KEY (`ID_`),
  KEY `ACT_IDX_TASK_CREATE` (`CREATE_TIME_`) USING BTREE,
  KEY `ACT_FK_TASK_EXE` (`EXECUTION_ID_`) USING BTREE,
  KEY `ACT_FK_TASK_PROCINST` (`PROC_INST_ID_`) USING BTREE,
  KEY `ACT_FK_TASK_PROCDEF` (`PROC_DEF_ID_`) USING BTREE,
  CONSTRAINT `act_ru_task_ibfk_1` FOREIGN KEY (`EXECUTION_ID_`) REFERENCES `act_ru_execution` (`ID_`),
  CONSTRAINT `act_ru_task_ibfk_2` FOREIGN KEY (`PROC_DEF_ID_`) REFERENCES `act_re_procdef` (`ID_`),
  CONSTRAINT `act_ru_task_ibfk_3` FOREIGN KEY (`PROC_INST_ID_`) REFERENCES `act_ru_execution` (`ID_`)
) ENGINE=InnoDB DEFAULT CHARSET=utf8 COLLATE=utf8_bin;

-- ----------------------------
-- Records of act_ru_task
-- ----------------------------
INSERT INTO `act_ru_task` VALUES ('182613', '1', '182605', '182605', 'leave:1:182508', '部门经理', null, null, 'deptAudit', null, 'system', null, '50', '2021-06-25 22:56:32', null, null, '1', '', null);
INSERT INTO `act_ru_task` VALUES ('185019', '2', '185001', '185001', 'leave:1:182508', 'HR', null, null, 'HRAudit', null, 'dlsdys', null, '50', '2021-07-04 22:16:16', null, null, '1', '', null);
INSERT INTO `act_ru_task` VALUES ('185050', '1', '185022', '185022', 'leave:1:182508', '总经理', null, null, 'ceoAudit', null, null, null, '50', '2021-07-04 22:21:17', null, null, '1', '', null);

-- ----------------------------
-- Table structure for act_ru_variable
-- ----------------------------
DROP TABLE IF EXISTS `act_ru_variable`;
CREATE TABLE `act_ru_variable` (
  `ID_` varchar(64) COLLATE utf8_bin NOT NULL,
  `REV_` int(11) DEFAULT NULL,
  `TYPE_` varchar(255) COLLATE utf8_bin NOT NULL,
  `NAME_` varchar(255) COLLATE utf8_bin NOT NULL,
  `EXECUTION_ID_` varchar(64) COLLATE utf8_bin DEFAULT NULL,
  `PROC_INST_ID_` varchar(64) COLLATE utf8_bin DEFAULT NULL,
  `TASK_ID_` varchar(64) COLLATE utf8_bin DEFAULT NULL,
  `BYTEARRAY_ID_` varchar(64) COLLATE utf8_bin DEFAULT NULL,
  `DOUBLE_` double DEFAULT NULL,
  `LONG_` bigint(20) DEFAULT NULL,
  `TEXT_` varchar(4000) COLLATE utf8_bin DEFAULT NULL,
  `TEXT2_` varchar(4000) COLLATE utf8_bin DEFAULT NULL,
  PRIMARY KEY (`ID_`),
  KEY `ACT_IDX_VARIABLE_TASK_ID` (`TASK_ID_`) USING BTREE,
  KEY `ACT_FK_VAR_EXE` (`EXECUTION_ID_`) USING BTREE,
  KEY `ACT_FK_VAR_PROCINST` (`PROC_INST_ID_`) USING BTREE,
  KEY `ACT_FK_VAR_BYTEARRAY` (`BYTEARRAY_ID_`) USING BTREE,
  CONSTRAINT `act_ru_variable_ibfk_1` FOREIGN KEY (`BYTEARRAY_ID_`) REFERENCES `act_ge_bytearray` (`ID_`),
  CONSTRAINT `act_ru_variable_ibfk_2` FOREIGN KEY (`EXECUTION_ID_`) REFERENCES `act_ru_execution` (`ID_`),
  CONSTRAINT `act_ru_variable_ibfk_3` FOREIGN KEY (`PROC_INST_ID_`) REFERENCES `act_ru_execution` (`ID_`)
) ENGINE=InnoDB DEFAULT CHARSET=utf8 COLLATE=utf8_bin;

-- ----------------------------
-- Records of act_ru_variable
-- ----------------------------
INSERT INTO `act_ru_variable` VALUES ('182606', '1', 'string', 'apply', '182605', '182605', null, null, null, null, 'system', null);
INSERT INTO `act_ru_variable` VALUES ('182610', '1', 'string', 'title', '182605', '182605', null, null, null, null, '测试', null);
INSERT INTO `act_ru_variable` VALUES ('185002', '1', 'string', 'apply', '185001', '185001', null, null, null, null, 'test1', null);
INSERT INTO `act_ru_variable` VALUES ('185006', '1', 'string', 'title', '185001', '185001', null, null, null, null, '测试', null);
INSERT INTO `act_ru_variable` VALUES ('185015', '1', 'string', 'flag', '185001', '185001', null, null, null, null, '1', null);
INSERT INTO `act_ru_variable` VALUES ('185023', '1', 'string', 'apply', '185022', '185022', null, null, null, null, 'test2', null);
INSERT INTO `act_ru_variable` VALUES ('185027', '1', 'string', 'title', '185022', '185022', null, null, null, null, '测试2', null);
INSERT INTO `act_ru_variable` VALUES ('185036', '1', 'string', 'flag', '185022', '185022', null, null, null, null, '1', null);
INSERT INTO `act_ru_variable` VALUES ('185045', '1', 'long', 'day', '185022', '185022', null, null, null, '4', '4', null);

-- ----------------------------
-- Table structure for cms_advertising
-- ----------------------------
DROP TABLE IF EXISTS `cms_advertising`;
CREATE TABLE `cms_advertising` (
  `id` varchar(40) NOT NULL COMMENT '主键id',
  `site_id` varchar(40) DEFAULT '' COMMENT '站点编号',
  `title` varchar(50) DEFAULT NULL COMMENT '广告标题',
  `content` text COMMENT '广告内容',
  `name` varchar(100) DEFAULT '' COMMENT '图片名称',
  `image_url` varchar(150) DEFAULT '' COMMENT '图片地址',
  `jump_url` varchar(150) DEFAULT '' COMMENT '图片跳转的链接地址',
  `sort` int(10) DEFAULT '0' COMMENT '排序',
  `status` char(1) DEFAULT '0' COMMENT '0.启用、1.停用',
  `create_by` varchar(20) DEFAULT '' COMMENT '创建人',
  `create_time` datetime DEFAULT NULL COMMENT '创建时间',
  `update_by` varchar(20) DEFAULT '' COMMENT '更新人',
  `update_time` datetime DEFAULT NULL COMMENT '更新时间',
  `remark` varchar(255) DEFAULT '' COMMENT '备注',
  PRIMARY KEY (`id`)
) ENGINE=InnoDB DEFAULT CHARSET=utf8mb4;

-- ----------------------------
-- Records of cms_advertising
-- ----------------------------
INSERT INTO `cms_advertising` VALUES ('5cfd370fec874805b16fa44879bcc947', '292cba294f8b4a0eba62452aa21b6ef5', '曙', '我们的目的是活得更好，而不是战胜别人；没有一个足够宽容的心，就看不到春光明媚的世界！', '1609054640101.jpg', '/zhglxt/userfiles/system/images/cms/ADImages/1609054640101.jpg', 'https://www.runoob.com/mysql/mysql-tutorial.html', '20', '0', 'system', '2019-12-16 21:52:44', 'system', '2021-06-25 20:40:13', '官网首页轮播图001');
INSERT INTO `cms_advertising` VALUES ('b925e7b8bfb44452b3a377a0b21629cd', '292cba294f8b4a0eba62452aa21b6ef5', '天', '叫醒我们的是梦想，而不是闹钟。每一个清晨，给自己一个微笑，通过自己的努力换取成功，活出真正的自我！', '1609054640886.jpg', '/zhglxt/userfiles/system/images/cms/ADImages/1609054640886.jpg', 'https://www.w3school.com.cn/', '50', '0', 'system', '2019-12-16 22:27:31', 'system', '2021-06-25 20:40:23', '官网首页轮播图003');
INSERT INTO `cms_advertising` VALUES ('fb1d48c8cf364e18811ed9b43522ac13', '292cba294f8b4a0eba62452aa21b6ef5', '辰', '世界很小，请带着梦想一起奔跑；世界很大，请带着坚持努力成长。不走心的努力，都是在敷衍自己，每一个努力过的脚印都是相连的，它一步一步带你到达远方。', '1609054640648.jpg', '/zhglxt/userfiles/system/images/cms/ADImages/1609054640648.jpg', 'https://www.runoob.com/bootstrap/bootstrap-tutorial.html', '10', '0', 'system', '2019-12-16 22:27:12', 'system', '2021-07-05 22:55:28', '官网首页轮播图002');

-- ----------------------------
-- Table structure for cms_article
-- ----------------------------
DROP TABLE IF EXISTS `cms_article`;
CREATE TABLE `cms_article` (
  `id` varchar(40) NOT NULL COMMENT '主键id',
  `site_id` varchar(64) NOT NULL COMMENT '站点id',
  `column_id` varchar(40) DEFAULT NULL COMMENT '栏目id',
  `title` varchar(255) DEFAULT NULL COMMENT '标题',
  `title_color` varchar(50) DEFAULT NULL COMMENT '标题颜色',
  `link` varchar(255) DEFAULT NULL COMMENT '文章链接',
  `image` varchar(255) DEFAULT NULL COMMENT '文章图片',
  `keywords` varchar(255) DEFAULT NULL COMMENT '关键字',
  `sort` int(5) DEFAULT NULL,
  `description` varchar(500) DEFAULT NULL COMMENT '描述、摘要',
  `weight` int(11) DEFAULT NULL COMMENT '权重，越大越靠前',
  `weight_time` datetime DEFAULT NULL COMMENT '权重期限',
  `hits` int(11) DEFAULT NULL COMMENT '点击数',
  `posid` varchar(10) DEFAULT NULL COMMENT '推荐位，多选',
  `status` char(1) DEFAULT '0' COMMENT '0.显示、1.隐藏',
  `create_by` varchar(64) DEFAULT NULL COMMENT '创建者',
  `create_time` datetime DEFAULT NULL COMMENT '创建时间',
  `update_by` varchar(64) DEFAULT NULL COMMENT '更新者',
  `update_time` datetime DEFAULT NULL COMMENT '更新时间',
  `remark` varchar(255) DEFAULT NULL COMMENT '备注信息',
  PRIMARY KEY (`id`)
) ENGINE=InnoDB DEFAULT CHARSET=utf8mb4 COMMENT='文章表';

-- ----------------------------
-- Records of cms_article
-- ----------------------------
INSERT INTO `cms_article` VALUES ('0461d49f0fb8442b8855277ef5987a52', '292cba294f8b4a0eba62452aa21b6ef5', '26615be24f8040f18bf7c086c9676408', '2019.08.08', null, null, '', null, '30', 'xx集团成立', null, null, null, null, '0', 'system', '2021-03-30 16:26:52', 'system', '2021-06-30 19:59:47', '');
INSERT INTO `cms_article` VALUES ('1829d3c253eb42bfa1e228d4aa1894cf', '292cba294f8b4a0eba62452aa21b6ef5', '65c7cbe937cd4b688b48b9a5cccc0450', '跨出你的第一步', null, null, '/zhglxt/userfiles/system/images/cms/solution/1608998213442.jpg', null, '50', '碰上自己想做的事情就去做、想达成的目标就去冲，不要给自己太多理由来逃避，或许会担心害怕，毕竟是自己从来没面对过这些问题，但重点是你敢不敢跨出第一步，当你用着必死...', null, null, null, null, '0', 'system', '2020-12-26 23:58:08', 'system', '2020-12-27 18:57:21', '跨出你的第一步');
INSERT INTO `cms_article` VALUES ('1cd8420837cd457bb5273549215685fc', '292cba294f8b4a0eba62452aa21b6ef5', '65c7cbe937cd4b688b48b9a5cccc0450', '目标不同美丽不同', null, null, '/zhglxt/userfiles/system/images/cms/solution/1608998631872.jpg', null, '30', '如你所说，每个人目标不同，选择方向都不同，你有美丽的风景，而我的景色也不差，只是当我们走过这些景点的时候，要确信自己的心血是值得的，不是跟着别人而走的，但话说回...', null, null, null, null, '0', 'system', '2020-12-26 22:16:03', 'system', '2020-12-27 18:56:54', '目标不同美丽不同');
INSERT INTO `cms_article` VALUES ('290ee3960c16499a82131e760b448610', '292cba294f8b4a0eba62452aa21b6ef5', 'd792ede14a5e4ba9816c6ac6becc03cc', '联系我们', null, null, '/zhglxt/userfiles/system/images/cms/contact/1609059459536.jpg', null, '10', '联系我们', null, null, null, null, '0', 'system', '2020-12-27 16:32:31', 'system', '2021-01-06 19:09:27', '联系我们');
INSERT INTO `cms_article` VALUES ('3a2db050ac3a4433a5f233b32767a437', '292cba294f8b4a0eba62452aa21b6ef5', '26615be24f8040f18bf7c086c9676408', '2021.03.30', null, null, '', null, '10', '荣获xx省“xxx”企业称号', null, null, null, null, '0', 'system', '2021-03-30 16:35:04', 'system', '2021-06-25 20:42:10', '');
INSERT INTO `cms_article` VALUES ('3f757e65b304439b82a76f028b82a914', '292cba294f8b4a0eba62452aa21b6ef5', '22be2c4656ed47388c2a6f2160a87879', '面对人生微笑着苦中作乐', null, null, '/zhglxt/userfiles/system/images/cms/news/1608999471724.jpg', null, '30', '我不喜欢把自己的人生看成是悲剧，人生苦短，快乐不多，而且常常还得面临不同人带来的许多的痛苦跟伤害，但是你能做的有很多，行为可以带来美好、心态也行，别人给的伤害或...', null, null, null, null, '0', 'system', '2020-12-27 00:19:43', 'system', '2020-12-29 16:15:14', '面对人生微笑着苦中作乐');
INSERT INTO `cms_article` VALUES ('43598709c98648e5b9124139040bd500', '292cba294f8b4a0eba62452aa21b6ef5', 'b00a3e03c0f548f0815fcc04634c315c', '关于我们', null, null, '/zhglxt/userfiles/system/images/cms/about/1609058741059.jpg', null, '10', '关于我们', null, null, null, null, '0', 'system', '2020-12-27 16:45:44', 'system', '2021-07-07 15:06:47', '关于我们');
INSERT INTO `cms_article` VALUES ('4e000d5edb5e48e4bbf7d04ef9d8f616', '292cba294f8b4a0eba62452aa21b6ef5', '22be2c4656ed47388c2a6f2160a87879', '不能决定未来那就决定当下', null, null, '/zhglxt/userfiles/system/images/cms/news/1609159061895.jpg', null, '40', '不管过去你做了多少选择跟决定，你无法预料下一秒到底会发生什么事情，就算你步步为营的经营着人生，同样的风风雨雨还是可能会在你无意中来袭，这些突发状况可能好、可能不...', null, null, null, null, '0', 'system', '2020-12-28 20:30:01', 'system', '2020-12-28 20:47:45', '不能决定未来那就决定当下');
INSERT INTO `cms_article` VALUES ('7752d4a2a6db478ead2b88e24593866c', '292cba294f8b4a0eba62452aa21b6ef5', '65c7cbe937cd4b688b48b9a5cccc0450', '自我提高的方法', null, null, '/zhglxt/userfiles/system/images/cms/solution/1608998213555.jpg', null, '60', '在成长生活中，我一直在寻找能够提升自我的方法途径。我已经找到了14个最好的技巧可以帮助你更好的提升自我。其中有一些简单方法步骤你可以立即开始去做，还有一些更大的计...', null, null, null, null, '0', 'system', '2020-12-26 23:59:29', 'system', '2020-12-27 18:57:30', '自我提高的方法');
INSERT INTO `cms_article` VALUES ('8d9861ed2e294d2793ad912e346e168f', '292cba294f8b4a0eba62452aa21b6ef5', '26615be24f8040f18bf7c086c9676408', '2020.08.08', null, null, '', null, '20', '荣获xxx颁发的“技术创新先进企业\"', null, null, null, null, '0', 'system', '2021-03-30 16:33:21', 'system', '2021-06-25 20:42:41', '');
INSERT INTO `cms_article` VALUES ('ad1e4af494624d0791643c9f0ddbd124', '292cba294f8b4a0eba62452aa21b6ef5', '22be2c4656ed47388c2a6f2160a87879', '踏出梦想第一步', null, null, '/zhglxt/userfiles/system/images/cms/news/1608999471455.jpg', null, '10', '一件事情，没有踏出第一步（开个头），那你就永远没有前进的机会，可能许许多多因素让你顾虑、担心，这都是一定会有的现象，但是你会不会因为...', null, null, null, null, '0', 'system', '2020-12-27 00:18:06', 'system', '2021-01-04 21:14:33', '踏出梦想第一步');
INSERT INTO `cms_article` VALUES ('af97301ee4f1448e98b6ef61e667106e', '292cba294f8b4a0eba62452aa21b6ef5', '65c7cbe937cd4b688b48b9a5cccc0450', '海伦.凯勒带给我们的启示', null, null, '/zhglxt/userfiles/system/images/cms/solution/1608998631617.jpg', null, '20', '如果你耳朵听不见、眼睛看不到，要怎样有勇气活下去？就是有人活下去了，那个人就是海伦．凯勒。 海伦．凯勒一出生就听不见、看不到，所以学习对她来说是非常困难的，但是...', null, null, null, null, '0', 'system', '2020-12-26 22:15:25', 'system', '2020-12-27 18:56:43', '海伦.凯勒带给我们的启示');
INSERT INTO `cms_article` VALUES ('c0635501f7ac45d7b66255d287c3193a', '292cba294f8b4a0eba62452aa21b6ef5', '22be2c4656ed47388c2a6f2160a87879', '不要说从头我们该看以后', null, null, '/zhglxt/userfiles/system/images/cms/news/1608999471597.jpg', null, '20', '面对到不同的问题，我们无法做到尽善尽美，有时候选择错一个方法，有时候踏错了一步伐，这些都会发生，不过人生嘛，总是在错误中学习成长的，你没有用错方法、踏错步伐，你...', null, null, null, null, '0', 'system', '2020-12-27 00:19:00', 'system', '2020-12-29 16:15:04', '不要说从头我们该看以后');
INSERT INTO `cms_article` VALUES ('c1c66a2fee6347f5a4021ce953b89694', '292cba294f8b4a0eba62452aa21b6ef5', '65c7cbe937cd4b688b48b9a5cccc0450', '尽力而为的美好', null, null, '/zhglxt/userfiles/system/images/cms/solution/1608998213295.jpg', null, '40', '决定一个目标就该去冲、去闯，但内心请记得保持着一种态度，那就是尽力而为的态度，或许能顺利的达成目标，那就可喜可贺，但若没达成目标，请也给自己一些掌声，因为你尽力...', null, null, null, null, '0', 'system', '2020-12-26 23:39:42', 'system', '2020-12-27 18:57:10', '尽力而为的美好');
INSERT INTO `cms_article` VALUES ('f88b9abdcf414b2cb9afea4d0f11f39f', '292cba294f8b4a0eba62452aa21b6ef5', '65c7cbe937cd4b688b48b9a5cccc0450', '失败不是一种过错', null, null, '/zhglxt/userfiles/system/images/cms/solution/1609159002670.jpg', null, '70', '失败不是自己的错，不要把自己打入十八层地狱，可能方法错、选择错、观念错，但是失败只是还没成功而已，不需要认为自己是个失败者，失败的是还没达成（或错过）你要达成的...', null, null, null, null, '0', 'system', '2020-12-28 20:28:24', 'system', '2020-12-28 20:47:38', '失败不是一种过错');
INSERT INTO `cms_article` VALUES ('fb2367bb887c4a5192f26c268df2a6ca', '292cba294f8b4a0eba62452aa21b6ef5', '65c7cbe937cd4b688b48b9a5cccc0450', '超越自我，才是真我风采', null, null, '/zhglxt/userfiles/system/images/cms/solution/1608998631474.jpg', null, '10', '在城市的高速发展路上，社会上有了方方面面的变化，从以前的农耕社会进步到现在资本社会，人的生活方式上也发生了改变，改变的背后还有一股股的压力，这些压力一方面在推动社会的前进，同时不知不觉中把人...', null, null, null, null, '0', 'system', '2021-01-04 20:40:16', 'system', '2021-01-04 21:05:04', '超越自我，才是真我风采');

-- ----------------------------
-- Table structure for cms_article_data
-- ----------------------------
DROP TABLE IF EXISTS `cms_article_data`;
CREATE TABLE `cms_article_data` (
  `id` varchar(64) NOT NULL COMMENT '主键id',
  `article_id` varchar(64) DEFAULT NULL COMMENT '文章id',
  `content` longtext COMMENT '文章内容',
  `copyfrom` varchar(255) DEFAULT NULL COMMENT '文章来源',
  `relation` varchar(255) DEFAULT NULL COMMENT '相关文章',
  `allow_comment` char(1) DEFAULT NULL COMMENT '是否允许评论',
  PRIMARY KEY (`id`)
) ENGINE=InnoDB DEFAULT CHARSET=utf8mb4 COMMENT='文章详细表';

-- ----------------------------
-- Records of cms_article_data
-- ----------------------------
INSERT INTO `cms_article_data` VALUES ('04c05db767384618a66165b18b743d88', 'ad1e4af494624d0791643c9f0ddbd124', '<h1 style=\"margin-top: 0px; margin-bottom: 0px; padding: 0px; font-weight: bold; font-family: 微软雅黑, Arial, sans-serif; font-size: 24px; text-align: center; color: rgb(53, 53, 53); height: 60px; line-height: 60px;\">踏出梦想第一步</h1><div class=\"articleads2\" style=\"float: right; color: rgb(68, 68, 68); font-family: &quot;Microsoft YaHei&quot;; font-size: 12px; margin-left: 6px !important;\"></div><div class=\"articleContent\" style=\"margin: 10px 0px 12px; line-height: 2; font-size: 14px; font-family: &quot;Microsoft YaHei&quot;; height: auto !important;\">一件事情，没有踏出第一步（开个头），那你就永远没有前进的机会，可能许许多多因素让你顾虑、担心，这都是一定会有的现象，但是你会不会因为这些担心的事情而把自己绑再原地而不愿意前进呢？一个目标，你必须踏出第一步，才有可能到达目的地，也才有机会去完成你要完成的事情，没有第一步，以后几千几万步都是空谈的天马行空。<br><br>一个目标、一个想法无论过程会有什么挑战，前提是你要自己把第一步跨出去，路途是好是坏是辛苦是甜美都无法预料，你认为会很辛苦、很难熬的路程，它同样有让你回味无穷的山林美景；一段你认为很美好很平稳的旅途，它也可能会有突然的暴风雨甚至下大雪的可能，你不需要担心东担心西，把工具准备好、心态调适好，然后就出发吧，你该有的不是担心，而是勇气。</div>', null, null, null);
INSERT INTO `cms_article_data` VALUES ('07615c6f67cf4e48a15f210d6dd12519', '0461d49f0fb8442b8855277ef5987a52', '<p>注册成立xx集团</p>', null, null, null);
INSERT INTO `cms_article_data` VALUES ('1487fb94018f47f0a75c35a2f7314fcd', '1829d3c253eb42bfa1e228d4aa1894cf', '<h1 style=\"margin-top: 0px; margin-bottom: 0px; padding: 0px; font-weight: bold; font-family: 微软雅黑, Arial, sans-serif; font-size: 24px; text-align: center; color: rgb(53, 53, 53); height: 60px; line-height: 60px;\">跨出你的第一步</h1><div class=\"articleads2\" style=\"float: right; color: rgb(68, 68, 68); font-family: &quot;Microsoft YaHei&quot;; font-size: 12px; margin-left: 6px !important;\"></div><div class=\"articleContent\" style=\"margin: 10px 0px 12px; line-height: 2; font-size: 14px; font-family: &quot;Microsoft YaHei&quot;; height: auto !important;\">碰上自己想做的事情就去做、想达成的目标就去冲，不要给自己太多理由来逃避，或许会担心害怕，毕竟是自己从来没面对过这些问题，但重点是你敢不敢跨出第一步，当你用着必死的决心，豁达的走出这条路的第一步，那其实问题也已经减少一半，怕就怕许多人都把各种理由当成可以逃避的借口，连第一步都不愿意给自己机会，随时都想着用理由来让自己放弃第一步的跨出。<br><br>我们毕竟都是会担心害怕，怕遇上无法预料的问题、怕遇上没处理过的事情，但这些问题在你未跨出第一步的时候，其实根本都不会发生，只是你用来逃避问题的理由罢了，然而当你跨出第一步了，那你也不需要担心任何问题，因为船到桥头自然直啊！你有勇气跨出第一步，就也会有勇气解决以后的任何<a href=\"https://www.51flash.com/zheligushi/17495.html\" style=\"color: rgb(19, 110, 194);\">问题</a>，可是你必须给自己机会挑战新的道路跟方向。</div>', null, null, null);
INSERT INTO `cms_article_data` VALUES ('2412fb8814aa46f8bac6907b4b6a2609', 'f88b9abdcf414b2cb9afea4d0f11f39f', '<h1 style=\"margin-top: 0px; margin-bottom: 0px; padding: 0px; font-weight: bold; font-family: 微软雅黑, Arial, sans-serif; font-size: 24px; text-align: center; color: rgb(53, 53, 53); height: 60px; line-height: 60px;\">失败不是一种过错</h1><div class=\"articleads2\" style=\"float: right; color: rgb(68, 68, 68); font-family: &quot;Microsoft YaHei&quot;; font-size: 12px; margin-left: 6px !important;\"></div><div class=\"articleContent\" style=\"margin: 10px 0px 12px; line-height: 2; font-size: 14px; font-family: &quot;Microsoft YaHei&quot;; height: auto !important;\">失败不是自己的错，不要把自己打入十八层地狱，可能方法错、选择错、观念错，但是失败只是还没成功而已，不需要认为自己是个失败者，失败的是还没达成（或错过）你要达成的目标（事情），不是你自己本身是个失败，若将自己人生套上失败的紧箍咒，让负面情绪持续影响着你，以后将会导致更多的失败而已。<br><br>失败不是自己的错，这点一定要记住，不要事情已经失败还把自己的信心都赔上去，思考一下到底是选择错误的方式所造成的，还是因为自己的观念错误而导致，改变过去错误的方法，但不要消灭自己的自信，许多人失败就把自己认定为失败者，可是你的失败只是面对这件事情而失败，不是你的人生都失败。</div>', null, null, null);
INSERT INTO `cms_article_data` VALUES ('3d3f80519bef469e88c47da207f9e954', '4e000d5edb5e48e4bbf7d04ef9d8f616', '<h1 style=\"margin-top: 0px; margin-bottom: 0px; padding: 0px; font-weight: bold; font-family: 微软雅黑, Arial, sans-serif; font-size: 24px; text-align: center; color: rgb(53, 53, 53); height: 60px; line-height: 60px;\">不能决定未来那就决定当下</h1><div class=\"articleads2\" style=\"float: right; color: rgb(68, 68, 68); font-family: &quot;Microsoft YaHei&quot;; font-size: 12px; margin-left: 6px !important;\"></div><div class=\"articleContent\" style=\"margin: 10px 0px 12px; line-height: 2; font-size: 14px; font-family: &quot;Microsoft YaHei&quot;; height: auto !important;\">不管过去你做了多少选择跟决定，你无法预料下一秒到底会发生什么事情，就算你步步为营的经营着人生，同样的风风雨雨还是可能会在你无意中来袭，这些突发状况可能好、可能不好，有时候你表面以为是倒楣的事情，却可能在背后替你挡下大灾难，也可能表面看上去是好事，结果实际上失去的远比得到的还要多；只是不管以后，你要管的只有现在。<br><br>你无法知道你的选择或决定对未来会产生什么影响，但是每个选择总有好坏之分，你选择好的方向，虽然过程可能会很辛苦，但结果还有对于以后的影响，一定是有帮助的；但若只因为想要轻松愉快甚至想自私的得到不该有的富有，或许当下轻松了、能享受了，但以后肯定会由盛转衰，毕竟你已经享受了美好的结果，那以后只剩下辛苦的耕耘。</div>', null, null, null);
INSERT INTO `cms_article_data` VALUES ('4163a2dc75bb4a1b86c0b1828bf0941a', '290ee3960c16499a82131e760b448610', '<h3 style=\"font-family: 微软雅黑; font-weight: bold; color: rgb(51, 51, 51); margin-right: 0px; margin-bottom: 0px; margin-left: 0px; font-size: 16px; text-align: center; padding: 0px; border: 0px; outline: 0px; vertical-align: baseline; background-image: initial; background-position: initial; background-size: initial; background-repeat: initial; background-attachment: initial; background-origin: initial; background-clip: initial;\"><dt style=\"line-height: 1.42857; font-weight: 400; list-style-position: outside; list-style-type: none; margin: 0px; padding: 5px 0px 20px 50px; border: 0px; background: url(&quot;https://file.caixin.com/images/channel/aboutus/images/add.gif&quot;) no-repeat rgb(248, 248, 248); height: 40px; color: rgb(40, 40, 40); font-size: 14px; text-align: start;\">地址：xx市xx区xx路xx号xx楼xx层，邮政编码：xxxxx</dt><dd style=\"line-height: 26px; margin-top: 0px; margin-right: 0px; margin-bottom: 0px; list-style-position: outside; list-style-type: none; padding: 5px 0px 0px 50px; border: 0px; background: url(&quot;https://file.caixin.com/images/channel/aboutus/images/ico_04.jpg&quot;) no-repeat rgb(248, 248, 248); color: rgb(40, 40, 40); font-size: 14px; font-weight: 400; text-align: start;\"><p style=\"margin-bottom: 0px; padding: 0px; border: 0px;\">总机：010-8590-xxx/xxx</p><p style=\"margin-bottom: 0px; padding: 0px; border: 0px;\">传真：010-8590-xxx</p><p style=\"margin-bottom: 0px; padding: 0px; border: 0px;\">&nbsp;</p><p style=\"margin-bottom: 0px; padding: 0px; border: 0px;\">客服热线：400-696-0110/010-xxxxxx</p><p style=\"margin-bottom: 0px; padding: 0px; border: 0px;\">&nbsp;</p><p style=\"margin-bottom: 0px; padding: 0px; border: 0px;\">网站广告热线：010-8590-xxxx</p><p style=\"margin-bottom: 0px; padding: 0px; border: 0px;\">杂志广告热线：010-8590-xxxx/xxxx</p><p style=\"margin-bottom: 0px; padding: 0px; border: 0px;\">&nbsp;</p><p style=\"margin-bottom: 0px; padding: 0px; border: 0px;\">网站市场热线：010-8590-xxxx</p><p style=\"margin-bottom: 0px; padding: 0px; border: 0px;\">会议合作热线：010-8590-xxxx</p><p style=\"margin-bottom: 0px; padding: 0px; border: 0px;\">培训合作热线：010-8590-xxxx/xxxx</p><p style=\"margin-bottom: 0px; padding: 0px; border: 0px;\">媒体合作热线：010-8590-xxxx</p><p style=\"margin-bottom: 0px; padding: 0px; border: 0px;\">渠道合作热线：010-8564-xxxx</p></dd></h3>', null, null, null);
INSERT INTO `cms_article_data` VALUES ('4d3d8984f4814a7e86f676d1dbc0f0ea', 'c1c66a2fee6347f5a4021ce953b89694', '<h1 style=\"margin-top: 0px; margin-bottom: 0px; padding: 0px; font-weight: bold; font-family: 微软雅黑, Arial, sans-serif; font-size: 24px; text-align: center; color: rgb(53, 53, 53); height: 60px; line-height: 60px;\">尽力而为的美好</h1><div class=\"articleads2\" style=\"float: right; color: rgb(68, 68, 68); font-family: &quot;Microsoft YaHei&quot;; font-size: 12px; margin-left: 6px !important;\"></div><div class=\"articleContent\" style=\"margin: 10px 0px 12px; line-height: 2; font-size: 14px; font-family: &quot;Microsoft YaHei&quot;; height: auto !important;\">决定一个目标就该去冲、去闯，但内心请记得保持着一种态度，那就是尽力而为的态度，或许能顺利的达成目标，那就可喜可贺，但若没达成目标，请也给自己一些掌声，因为你尽力了，可能是环境不对、心态不对或是方法任何因素的问题，但你自己知道你已经尽力在当下用最极限的努力去迈向目标，只是还没成功而已。<br><br>还没成功不代表失败，只是我们还在成功的路上尚未到达终点，不要因此把自己的自信抹灭掉，也不需要认为自己输掉什么或失去什么，这次或许没达到目标，但肯定的是我们离成功又再靠近许多，或许看着别人成功会羡慕、或许压力会变大，只是已经尽力的自己也该值得鼓励，没成功不需要把自己打入十八层地狱。</div>', null, null, null);
INSERT INTO `cms_article_data` VALUES ('6f89661448d44cf5b6ac0f5fc54f9d47', '3a2db050ac3a4433a5f233b32767a437', '<p>荣获xx省“xxx”企业称号<br></p>', null, null, null);
INSERT INTO `cms_article_data` VALUES ('7d361f38ab364a439ca945e51cb55363', '7752d4a2a6db478ead2b88e24593866c', '<h1 style=\"margin-top: 0px; margin-bottom: 0px; padding: 0px; font-weight: bold; font-family: 微软雅黑, Arial, sans-serif; font-size: 24px; text-align: center; color: rgb(53, 53, 53); height: 60px; line-height: 60px;\">自我提高的方法</h1><div class=\"articleads2\" style=\"float: right; color: rgb(68, 68, 68); font-family: &quot;Microsoft YaHei&quot;; font-size: 12px; margin-left: 6px !important;\"></div><div class=\"articleContent\" style=\"margin: 10px 0px 12px; line-height: 2; font-size: 14px; font-family: &quot;Microsoft YaHei&quot;;\">在成长生活中，我一直在寻找能够提升自我的方法途径。我已经找到了14个最好的技巧可以帮助你更好的提升自我。其中有一些简单方法步骤你可以立即开始去做，还有一些更大的计划你需要更多的努力去完成。<br><br><strong>1.每天读书。</strong><br><br>书是智慧的源泉。你读的书越多，你就会变得更加有智慧。都有什么书可以让你提高自己呢？我看过的《正能量》、《高效能人士的7个习惯》、《从优秀到卓越》等等都是很好的<a href=\"https://www.51flash.com/lizhi/lizhishuji/\" style=\"color: rgb(19, 110, 194);\">励志书籍</a>，可以帮助你认识自己，同时<a href=\"https://www.51flash.com/lizhi/lizhishuji/94.html\" style=\"color: rgb(19, 110, 194);\">正确认识自己是一种能力</a>。<br><br><strong>2.学习新的语言。</strong><br><br>学习一门新的语言是一项挑战，你可以通过学习语言来了解不同的文化背景，丰富自己的知识。前一阵俄罗斯大选时，我就学习了俄语的一些基本语句，很有意思。你还在苦苦学习英语么？为什么不去学习新的语言呢，也许有更适合你的语言等着你去发掘。<br><br><strong>3.打造你的灵感空间。</strong><br><br>你的生活环境会影响你的情绪，如果你生活在一个充满灵感的环境中，你每天都会富有创造力和激情。如果你的房间还是一团糟的话，是时候改造它了。从小事做起，先整理你的桌面吧。<br><br><strong>4.战胜你的恐惧。</strong><br><br>不得不说的是，每个人都有他害怕的东西。有人害怕在众人面前演讲，害怕成功，害怕冒险，害怕鬼怪，甚至是害怕毛毛虫。你也有害怕的东西吧？为什么不花时间去战胜你的恐惧呢？这会帮助你成长的。<br><br><strong>5.升级你的技能。</strong><br><br>如果你玩过角色扮演游戏的话，你应该了解升级的概念——通过增加经验值，你会变得更加强壮，更加厉害。我们的生活就好似一场真实的角色扮演游戏，只不过你不能任意存档或者读档（这就是现实与虚拟的区别）。我总是在学习新的知识，不断升级我的技能，在过去的一年里，我为自己增添了很多技能。这些新技能也是战胜强大“Boss”（生活中的困难）的最大资本。你会为自己升级哪些技能呢？ 可以看看这篇<a href=\"https://www.51flash.com/lizhi/xuexifangfa/379.html\" style=\"color: rgb(19, 110, 194);\">激发创造力的三个小练习</a>。<br><br><strong>6.给未来的自己写一封信。</strong><br><br>5年后的自己会是什么样的呢？你可以写一封信给5年后的自己，我想你一定有很多话要说：“告诉自己要好好学习，珍惜时间……不要做浪费时间的事情”亦或是“珍惜身边的朋友，亲人……” 好吧，既然这样，为什么不从现在开始珍惜生活呢？要知道，现在的每一步都在书写自己的历史。我想5年后的自己应该不仅仅是身体上的成长，思想与心灵也应该更加成熟。<br><br><strong>7.承认自己的缺点。</strong><br><br>每个人都有缺点，但重点是了解它们，承认它们，并且重视它们。你的缺点是什么呢？不用告诉我，用自己的行动去改掉吧！<br><br><strong>8.立即行动。</strong><br><br>我承认天枰座的我确实有时会变得非常犹豫，不知道该怎么选择。<a href=\"https://www.51flash.com/lizhi/lizhiwenzhang/\" target=\"_blank\" style=\"color: rgb(19, 110, 194);\">励志文章</a>&nbsp;<a href=\"https://www.51flash.com/\" target=\"_blank\" style=\"color: rgb(19, 110, 194);\">www.51fLash.com</a>&nbsp;后来，我找到了克服犹豫的秘诀——立即行动。通常一件事我会在60秒内果断下决定，然后立即执行。这样我就不会给自己任何时间去犹豫不决。自从我养成了立即行动的习惯，我的效率变得更高了，我节省了一大笔时间去做事情，而不是去想，去犹豫。我认为，<a href=\"https://www.51flash.com/lizhi/lizhigushi/397.html\" style=\"color: rgb(19, 110, 194);\">立即行动</a>的习惯是每个人都应该努力培养的，这会给你的生活带来巨大的改变。<br><br><strong>9.向你佩服的人学习。</strong><br><br>每个人在生活中都有自己佩服的人，他们可以是伟大人物，也可以是你的朋友，你的亲人，甚至是一个陌生人。我在参加运动会的时候，非常佩服5000米比赛的第一名，每一次他从我身边跑过，我为他坚定地眼神所折服。尽管他大口喘着粗气，汗流浃背，但是他还是没有放慢脚步。我想，这种坚毅的眼神正是我所缺少的，我要向他学习。你也有佩服的人吧？你之所以佩服那个人，是因为他们身上拥有某种你没有的东西，而这种东西正是你所缺少的。所以，向你佩服的人学习，从他们身上获得新的能力。<br><br><strong>10.减少在QQ上的时间。</strong><br><br>我已经认识到自己养成了一个不好的习惯，那就是每次打开电脑第一件事就是挂上QQ，我的很多朋友也有这个习惯。当你挂着QQ的时候，你会不时的收到聊天信息，打断你正在进行的工作。每当你停下手头工作去查看QQ消息的时候，你的时间被浪费了，而重新进行工作又需要一定的“转换时间”。<br><br><strong>11.培养一个新的习惯。</strong><br><br>30天可以培养一个新的习惯，我在用Any.Do这个软件管理时间时，我设定了培养新习惯的计划。将一个任务设定成每日重复，每天只需完成这个任务，这样30天后我就养成了新的习惯。现在，我通过每日习惯计划已经养成了每天做50个俯卧撑；每天早上读一个小时英语；每天听写VOA英语；每天6：30起床…… 习惯一旦养成，就很容易做到了。<br><br><strong>12.让过去的过去。</strong><br><br>你是否曾经有过一些不愉快的事情呢？如果有的话，是时候让它们随风而去了。记着那些事情只会阻挡你前进的步伐。你是否有时会焦虑呢？不如看看这篇《如何消除焦虑情绪 》。<br><br><strong>13.送人玫瑰手有余香。</strong><br><br>你对别人好，别人也会对你好。事实上，我们很多人并不能够做到这一点。我们看到别人的缺点，总是想以一个长者的身份教育别人，但是殊不知每个人都有自己的生活，你不能将你的意志强加于别人身上。试着尊重他人的想法与生活习惯，更多的帮助他们，你会发现与人相处好其实很简单。<br><br><strong>14.好好休息。</strong><br><br>个人提升不是一朝一夕就能完成的，它需要我们持之以恒的努力与<a href=\"https://www.51flash.com/339.html\" style=\"color: rgb(19, 110, 194);\">勤奋</a>。当我们看书累了的时候，要懂得休息，听听轻音乐，舒缓心情。散散步，亲近大自然。只有休息好了，我们才能更好的前行。</div>', null, null, null);
INSERT INTO `cms_article_data` VALUES ('7da2f93f3b0b4a77a220a328b3024ee3', 'c0635501f7ac45d7b66255d287c3193a', '<h1 style=\"margin-top: 0px; margin-bottom: 0px; padding: 0px; font-weight: bold; font-family: 微软雅黑, Arial, sans-serif; font-size: 24px; text-align: center; color: rgb(53, 53, 53); height: 60px; line-height: 60px;\">不要说从头我们该看以后</h1><div class=\"articleads2\" style=\"float: right; color: rgb(68, 68, 68); font-family: &quot;Microsoft YaHei&quot;; font-size: 12px; margin-left: 6px !important;\"></div><div class=\"articleContent\" style=\"margin: 10px 0px 12px; line-height: 2; font-size: 14px; font-family: &quot;Microsoft YaHei&quot;; height: auto !important;\">面对到不同的问题，我们无法做到尽善尽美，有时候选择错一个方法，有时候踏错了一步伐，这些都会发生，不过人生嘛，总是在错误中学习成长的，你没有用错方法、踏错步伐，你又能如何知道原来还有更好的方式去处理这些问题，只是错了就错了，一直想着如果以前怎么做、怎么做就不会发生这种后果的话，你又如何能面对以后的人生。<br><br>以前的种种就放给过去吧！过去的所有请告诉自己不要后悔也不要用以后的人生来浪费，你只要能从过去的经历学得以后面对人生的经验，那过去的选择错或对，已经发生，无法改变也不可能让你重新来过，但我们必须看着以后的人生，从以前的错误选择、错误决定中得到教训，让过去的不好变成以后的好。<div class=\"google-auto-placed ap_container\" style=\"width: 625px; height: auto; clear: both; text-align: center;\"><ins data-ad-format=\"auto\" class=\"adsbygoogle adsbygoogle-noablate\" data-ad-client=\"ca-pub-8774499223795406\" data-adsbygoogle-status=\"done\" style=\"display: block; margin: auto; background-color: transparent; height: 0px;\"><ins id=\"aswift_2_expand\" tabindex=\"0\" title=\"Advertisement\" aria-label=\"Advertisement\" style=\"display: inline-table; border: none; height: 0px; margin: 0px; padding: 0px; position: relative; visibility: visible; width: 625px; background-color: transparent;\"><ins id=\"aswift_2_anchor\" style=\"display: block; border: none; height: 0px; margin: 0px; padding: 0px; position: relative; visibility: visible; width: 625px; background-color: transparent; overflow: hidden; opacity: 0;\"><iframe id=\"aswift_2\" name=\"aswift_2\" sandbox=\"allow-forms allow-popups allow-popups-to-escape-sandbox allow-same-origin allow-scripts allow-top-navigation-by-user-activation\" width=\"625\" height=\"280\" frameborder=\"0\" src=\"https://googleads.g.doubleclick.net/pagead/ads?guci=2.2.0.0.2.2.0.0&amp;client=ca-pub-8774499223795406&amp;output=html&amp;h=280&amp;adk=3433591129&amp;adf=2201363562&amp;pi=t.aa~a.2318691080~i.4~rp.1&amp;w=625&amp;fwrn=4&amp;fwrnh=100&amp;lmt=1595866995&amp;num_ads=1&amp;rafmt=1&amp;armr=3&amp;sem=mc&amp;pwprc=1273901384&amp;psa=1&amp;ad_type=text_image&amp;format=625x280&amp;url=https%3A%2F%2Fwww.51flash.com%2Flizhi%2Flizhiwenzhang%2F18688.html&amp;flash=0&amp;fwr=0&amp;pra=3&amp;rh=157&amp;rw=625&amp;rpe=1&amp;resp_fmts=3&amp;wgl=1&amp;fa=27&amp;adsid=NT&amp;tt_state=W3siaXNzdWVyT3JpZ2luIjoiaHR0cHM6Ly9hZHNlcnZpY2UuZ29vZ2xlLmNvbSIsInN0YXRlIjowfSx7Imlzc3Vlck9yaWdpbiI6Imh0dHBzOi8vYXR0ZXN0YXRpb24uYW5kcm9pZC5jb20iLCJzdGF0ZSI6MH1d&amp;dt=1609158713942&amp;bpp=2&amp;bdt=382&amp;idt=-M&amp;shv=r20201203&amp;cbv=r20190131&amp;ptt=9&amp;saldr=aa&amp;abxe=1&amp;cookie=ID%3Db5d8dd43eb9ff308-22ed457c57c50042%3AT%3D1608994850%3ART%3D1608994850%3AS%3DALNI_MYx013sFaO3tNHaWDu2Xkdd4gH9oA&amp;prev_fmts=0x0%2C980x280&amp;nras=2&amp;correlator=479957863216&amp;frm=20&amp;pv=1&amp;ga_vid=1081928679.1609158714&amp;ga_sid=1609158714&amp;ga_hid=1709791312&amp;ga_fc=0&amp;u_tz=480&amp;u_his=1&amp;u_java=0&amp;u_h=1080&amp;u_w=1920&amp;u_ah=1004&amp;u_aw=1920&amp;u_cd=24&amp;u_nplug=3&amp;u_nmime=4&amp;adx=484&amp;ady=916&amp;biw=1903&amp;bih=843&amp;scr_x=0&amp;scr_y=0&amp;oid=3&amp;pvsid=2262205358601054&amp;pem=291&amp;ref=https%3A%2F%2Fwww.51flash.com%2Flizhi%2Flizhiwenzhang%2Flist_2.html&amp;rx=0&amp;eae=0&amp;fc=1408&amp;brdim=0%2C0%2C0%2C0%2C1920%2C0%2C1920%2C1004%2C1920%2C843&amp;vis=1&amp;rsz=%7C%7Cs%7C&amp;abl=NS&amp;fu=8328&amp;bc=31&amp;ifi=2&amp;uci=a!2&amp;btvi=1&amp;fsb=1&amp;xpc=xoe9VZngnX&amp;p=https%3A//www.51flash.com&amp;dtd=9\" marginwidth=\"0\" marginheight=\"0\" vspace=\"0\" hspace=\"0\" allowtransparency=\"true\" scrolling=\"no\" allowfullscreen=\"true\" data-google-container-id=\"a!2\" data-google-query-id=\"CL7IuqzX8O0CFVDL3godzksGrw\" data-load-complete=\"true\" style=\"left: 0px; position: absolute; top: 0px; border-width: 0px; border-style: initial; width: 625px; height: 280px;\"></iframe></ins></ins></ins></div><br><br>我们常常都会花费很多时间在懊恼过去犯下的错，但懊恼无法改变过去已经发生的事实，只会让自己浪费更多更多时间在错误的事情上，你能选择记着过去的错误，然后一直在后悔、懊恼的回圈下让往后的人生都笼罩黑暗的色彩，但更可以亲自改变未来，用以前的经验跟教训让自己能找到更好更适合的选择来面对，只是你放下了对于过去的后悔了吗？<br><br>心里不要总想着如果可以从头再来，那有多好。因为你每想一次，就是浪费一次时间，浪费一次面对未来的机会，过去不能从头再来，但我们能把握未来，以前的已经过去，事情都过了，自己就不要还把自己的心放在过去的那些事情上，错或对搞清楚就好，接着从对的事情上累积经验，从错误的过程中学习新的体验。<br><br>自己要给自己面对未来的机会，以前的就过去了，不要跟自己过不去，虽然你不一定可以轻松的面对以前的错误，只是要记得以后的<font color=\"#136ec2\">人生</font>才是你该好好掌握的，过去不能从头开始，但以后却能从新走起。<br></div><div><br></div>', null, null, null);
INSERT INTO `cms_article_data` VALUES ('9d6b4a41303b4ad185afe894c2ade954', '8d9861ed2e294d2793ad912e346e168f', '<p><font face=\"微软雅黑\"><span style=\"font-size: 14px;\">荣获xxx颁发的“技术创新先进企业\"</span></font><br></p>', null, null, null);
INSERT INTO `cms_article_data` VALUES ('ac033eb0887548249eb1f1d433755adf', '3f757e65b304439b82a76f028b82a914', '<h1 style=\"margin-top: 0px; margin-bottom: 0px; padding: 0px; font-weight: bold; font-family: 微软雅黑, Arial, sans-serif; font-size: 24px; text-align: center; color: rgb(53, 53, 53); height: 60px; line-height: 60px;\">面对人生微笑着苦中作乐</h1><div class=\"articleads2\" style=\"float: right; color: rgb(68, 68, 68); font-family: &quot;Microsoft YaHei&quot;; font-size: 12px; margin-left: 6px !important;\"></div><div class=\"articleContent\" style=\"margin: 10px 0px 12px; line-height: 2; font-size: 14px; font-family: &quot;Microsoft YaHei&quot;; height: auto !important;\">我不喜欢把自己的人生看成是悲剧，人生苦短，快乐不多，而且常常还得面临不同人带来的许多的痛苦跟伤害，但是你能做的有很多，行为可以带来美好、心态也行，别人给的伤害或痛苦，不需要把自己的人生给陪葬了，因为别人给的好或坏，我们无法决定，可是自己是可以选择用什么方式去面对它。<br><br>逆境当然是痛苦的，我们无法避免它的不发生，只不过既然得面对，你的做法是什么？是一把鼻涕一把眼泪拖着沉重的脚步前进，然后把自己的人生都浪费殆尽，还是在逆境中也能给自己想要的快乐跟美好；环境的不美好，来不及改变也无法改变了，可是自己的心态却还来得及选择要用什么样的方式来面对。</div>', null, null, null);
INSERT INTO `cms_article_data` VALUES ('b88d426d1b3d48acb3c89f7490d7521c', 'fb2367bb887c4a5192f26c268df2a6ca', '<h1 style=\"text-align: center; margin-top: 0px; margin-bottom: 0px; padding: 0px; font-size: 28px; font-family: &quot;microsoft yahei&quot;, simsun, tahoma; color: rgb(37, 37, 37);\">超越自我，才是真我风采</h1><p style=\"margin: 25px auto 0px; padding: 0px; color: rgb(37, 37, 37); font-family: &quot;Microsoft Yahei&quot;, Arial; font-size: 16px;\"><span style=\"font-size: 14px;\">在城市的高速发展路上，社会上有了方方面面的变化，从以前的农耕社会进步到现在资本社会，人的</span><a href=\"https://www.bidushe.com/jingdian/suibi/\" style=\"color: rgb(37, 37, 37);\"><span style=\"font-size: 14px;\">生活</span></a><span style=\"font-size: 14px;\">方式上也发生了改变，改变的背后还有一股股的压力，这些压力一方面在推动社会的前进，同时不知不觉中把人们压得喘不过气来，当中尤以社会精英为甚。压力与社会发展共生，这是规律，作为现代人谁也躲不开、避不过。只有我们用自信和智勇，用一个健康的心态，积极面对，才能迎面解决掉一切这些遇到的难题。</span></p><p style=\"margin: 25px auto 0px; padding: 0px; color: rgb(37, 37, 37); font-family: &quot;Microsoft Yahei&quot;, Arial; font-size: 16px;\"><span style=\"font-size: 14px;\">失败者往往是在最后时刻未能坚持住而放弃努力，与成功失之交臂。要想拥有未来，要有勇气，要有智慧，要有耐心和毅力，许多名人就是因为靠坚持而取得最后的胜利！勾践饱受屈辱三年，回国后更有卧薪尝胆之举，总算光复越国，以报国仇。可见，能否坚持是取得胜利的最后一道障碍。在最黑暗的时刻，也就是光明就要到来的时刻，越在这样的时刻，越需要坚持，因为坚持就是胜利！只要平常遇到难题始终坚持住，往往未来就掌握在自己手里。</span></p><p style=\"margin: 25px auto 0px; padding: 0px; color: rgb(37, 37, 37); font-family: &quot;Microsoft Yahei&quot;, Arial; font-size: 16px;\"><span style=\"font-size: 14px;\">无数的故事告诉着我们，未来之路的脉搏必须自己抓住，不能把掌舵的位置让给其他人，哪怕只是一分，一秒，只有把路掌握在自己的手里才是</span><a href=\"https://www.bidushe.com/jingdian/ganwu/\" style=\"color: rgb(37, 37, 37);\"><span style=\"font-size: 14px;\">人生</span></a><span style=\"font-size: 14px;\">真正的前进，一种敢于和命运做斗争的表现，虽然一个人走会很艰难，但是，人生里所谓的路是自己的路，路是靠自己走出来的。</span></p><p style=\"margin: 25px auto 0px; padding: 0px; color: rgb(37, 37, 37); font-family: &quot;Microsoft Yahei&quot;, Arial; font-size: 16px;\"><span style=\"font-size: 14px;\">人在现实里努力打滚，往往也会积累很多的压力，化解压力是艰难的，有时甚至是痛苦的。但这只能靠自己，别人是帮不上忙的。因为，许多压力是自己争来的。比如是选某种职业，竞争了某个岗位，想把自己的工作做到最好，想人生更上一层楼，想为社会作出更大的贡献，等等，都会给自己带来莫大的压力。关键是把握好这个度，过度了自然就会使精神受损，身体受损。一个人不去努力，不想怎么超越自我，终会被社会淘汰；而工作压力过大，操劳过度则有损健康。如何在忙与闲、重与轻间把握好尺度，是人生的一大课题。在我们为未来之路而勇往直前时，我们不能对身体的健康有所疏忽，不然当我们成功之时，却没有了精力去享受我们成功的喜悦，那将是很可悲的。而且，当我们在追求自我、展示自我、超越自我之时，我们也不能忘记要去注意自己的身体。如果我们的健康系统被破坏了，我们也将难以拥有坚持不懈的力量去抵达成功。</span></p>', null, null, null);
INSERT INTO `cms_article_data` VALUES ('f20851d30fe1498ca1cf7eb90deedabc', '1cd8420837cd457bb5273549215685fc', '<h1 style=\"margin-top: 0px; margin-bottom: 0px; padding: 0px; font-weight: bold; font-family: 微软雅黑, Arial, sans-serif; font-size: 24px; text-align: center; color: rgb(53, 53, 53); height: 60px; line-height: 60px;\">目标不同美丽不同</h1><div class=\"articleads2\" style=\"float: right; color: rgb(68, 68, 68); font-family: &quot;Microsoft YaHei&quot;; font-size: 12px; margin-left: 6px !important;\"></div><div class=\"articleContent\" style=\"margin: 10px 0px 12px; line-height: 2; font-size: 14px; font-family: &quot;Microsoft YaHei&quot;; height: auto !important;\">如你所说，每个人目标不同，选择方向都不同，你有美丽的风景，而我的景色也不差，只是当我们走过这些景点的时候，要确信自己的心血是值得的，不是跟着别人而走的，但话说回来，你选择自己的路还是跟随别人的路，其实都是自己的选择，旁人、路人甚至亲人都无法帮你下决定，可是你一定得对自己人生负责。<br><br>追求什么必然会失去些什么，我选择的走一条路，必然会失去其他的道路，你也相同，不一定有什么是对跟错，只是价值观不同罢了；可是在选择的时候，我们得知道选择这条路之后，到底会失去什么，并非有目标就冲就闯，因为你要思考这个梦想或目标，值不值得你花费你的人生、精神、体力去换取，甚至还要花费其他的东西。</div>', null, null, null);
INSERT INTO `cms_article_data` VALUES ('f3a96788e53348038a8bae415db8fd01', '43598709c98648e5b9124139040bd500', '<p align=\"center\" style=\"margin-bottom: 0px; padding: 0px; list-style: none;\"><span style=\"font-size: 24px;\"><b>企业简介</b></span></p><p align=\"center\" style=\"margin-bottom: 0px; padding: 0px; list-style: none; text-indent: 2em;\"><br></p><p align=\"center\" style=\"margin-bottom: 0px; padding: 0px; list-style: none; text-indent: 2em;\"><br></p><p style=\"list-style-type: none; margin-bottom: 0px; padding: 0px; border: 0px; transition: color 0.2s ease 0s, background 0.4s ease 0s; color: rgb(102, 102, 102); font-family: &quot;microsoft yahei&quot;; font-size: 14px; text-align: justify;\"><span style=\"color: rgb(96, 96, 96); font-family: Arial, sans-serif; font-size: 12px; text-align: left;\">&nbsp;&nbsp;&nbsp;&nbsp;&nbsp;&nbsp;&nbsp;</span><span style=\"color: rgb(96, 96, 96); font-family: Arial, sans-serif; font-size: 12px; text-align: left;\">&nbsp;</span></p><p style=\"margin-bottom: 12px; padding: 0px; border: 0px; color: rgb(51, 51, 51); line-height: 30px; font-size: 15px; font-family: &quot;Microsoft YaHei&quot;;\"><img style=\"width: 25%; float: left;\" src=\"/zhglxt/profile/cms/upload/2021/07/07/af3be62b84ab4291a418cef63ff50140.jpg\" data-filename=\"/profile/cms/upload/2021/07/07/af3be62b84ab4291a418cef63ff50140.jpg\" class=\"note-float-left\">世界上美丽的东西千千万万，却没有一样比年轻更为美丽；世界上珍贵的东西数也数不清，却没有一样比青春更为宝贵。我们是多么值得骄傲多么让人羡慕啊！而我们若只是挥霍光阴，只是享受，不去奋斗拼搏，那我们真的算拥有青春吗答案是否定的，我们仅有发愤图强，努力耕耘才能做到无愧于青春，无愧于人生，才能拥有一个充实而完美的青春。</p><p style=\"margin-bottom: 12px; padding: 0px; border: 0px; color: rgb(51, 51, 51); line-height: 30px; font-size: 15px; font-family: &quot;Microsoft YaHei&quot;;\">　　奋斗的青春是完美的风景正是那千万颗在青春中奋斗的心，以及那千万双在天空中高飞的振翅，装扮着最完美最美丽最珍贵的人生季节—青春。将青春变成人生最完美生活的出发点。“恰同学少年，风华正茂，书生意气，挥斥方遒。”昭示着一代伟人奋斗的青春。他们的青春因充满奋斗和活力而洋溢着完美，而今，青春正我在我们手中，我们不能容忍青春在我们手中白白流逝，我们不能在叹息声中虚度光阴，我们不能在叹息声中了结生命，那么就让我们在青春时节奋发吧！让青春之花永远绽放在我们心中，书写一卷有声有色的人生。</p><p style=\"margin-bottom: 12px; padding: 0px; border: 0px; color: rgb(51, 51, 51); line-height: 30px; font-size: 15px; font-family: &quot;Microsoft YaHei&quot;;\">　　青春在奋斗中展现美丽，青春的美丽永远展此刻她的奋斗拼搏之中。就像雄鹰的美丽是展此刻他搏风击雨中，如苍天之魂的翱翔中，正拥有青春的我们，何不以勇锐盖过怯懦，以进取压倒苟安，扬起奋斗的帆吧！在波涛汹涌的大海中不断前行，展示我们子一代人青春的壮美与力量，让我们就像雄鹰一样搏击长空吧！让青春之歌扬出昂扬的旋律，让我们的声明发出耀眼的光芒。</p><p style=\"margin-bottom: 12px; padding: 0px; border: 0px; color: rgb(51, 51, 51); line-height: 30px; font-size: 15px; font-family: &quot;Microsoft YaHei&quot;;\">　　奋斗抒写无悔青春，在漫漫人生道路上，青春虽然只是一小段，但当你白发苍苍回首时，你会发现以往拥有的青春依然会在记忆中闪烁着动人的光彩。青春无悔该是我们每个人的追求，我们仅有把握好青春的每一天，在激流中涌进不断拼搏，我们才能够骄傲地说：“我的青春是无悔的！”</p><p style=\"margin-bottom: 12px; padding: 0px; border: 0px; color: rgb(51, 51, 51); line-height: 30px; font-size: 15px; font-family: &quot;Microsoft YaHei&quot;;\">　　雷锋说：“青春啊，永远是完美的，可是真正的青春只属于那些永远力争上游的人，永远忘我劳动的人，永远谦虚的人！”所以唯有奋斗，为自我的梦想不断前行，朝着我们自我的目标不断迈进，我们才能拥有一个真正而又无悔的青春。</p><p style=\"margin-bottom: 12px; padding: 0px; border: 0px; color: rgb(51, 51, 51); line-height: 30px; font-size: 15px; font-family: &quot;Microsoft YaHei&quot;;\">　　青春的世界里，不需要固结你的思想，仅有追寻完美的梦想，人前方荆棘丛生，我们都要持之以恒。让我们像江河一样，向着大海不断奔流吧！在漫漫的人生道路上，谱写青春的音符，留下奋斗的足迹。</p><p style=\"margin-bottom: 12px; padding: 0px; border: 0px; color: rgb(51, 51, 51); line-height: 30px; font-size: 15px; font-family: &quot;Microsoft YaHei&quot;;\">　　用我们的奋斗和梦想扬起青春的船帆，当我们努力拼搏地摇浆时，成功的闸门也会慢慢地再为我们打开，我们将享受一份青春的完美，收获一份成功的喜悦。</p>', null, null, null);
INSERT INTO `cms_article_data` VALUES ('f45cfcfebde74453af45d6af8904900a', 'af97301ee4f1448e98b6ef61e667106e', '<h1 style=\"margin-top: 0px; margin-bottom: 0px; padding: 0px; font-weight: bold; font-family: 微软雅黑, Arial, sans-serif; font-size: 24px; text-align: center; color: rgb(53, 53, 53); height: 60px; line-height: 60px;\">海伦.凯勒带给我们的启示</h1><div class=\"articleads2\" style=\"float: right; color: rgb(68, 68, 68); font-family: &quot;Microsoft YaHei&quot;; font-size: 12px; margin-left: 6px !important;\"></div><div class=\"articleContent\" style=\"margin: 10px 0px 12px; line-height: 2; font-size: 14px; font-family: &quot;Microsoft YaHei&quot;;\">如果你耳朵听不见、眼睛看不到，要怎样有勇气活下去？就是有人活下去了，那个人就是海伦．凯勒。<br><br>海伦．凯勒一出生就听不见、看不到，所以学习对她来说是非常困难的，但是她却成功了，要感谢很多在这段求学路程上帮助海伦．凯勒的人，例如：她的妈妈、她的老师、还有她自己的努力付出。<br>她勇敢活下来的精神令我非常敬佩，她坚强的毅力让我想效法学习，真令我赞叹不已！<br><br>在我们之前，已经有许多的人靠着坚强的毅力完成了令大家意想不到的好成绩，只要努力上进，不管是谁都能有<a href=\"https://www.51flash.com/lizhi/lizhimingyan/21583.html\" style=\"color: rgb(19, 110, 194);\">成功</a>的一天。<br><br>海伦．凯勒成功的原因，只有一个，那就是相信自己，努力追求理想。俗话说的好：”天下无难事，只怕有心人。”意思就是说，天下没有做不到的事，只看您有没有努力，不要光只是嘴巴说说而已。</div>', null, null, null);

-- ----------------------------
-- Table structure for cms_column
-- ----------------------------
DROP TABLE IF EXISTS `cms_column`;
CREATE TABLE `cms_column` (
  `column_id` varchar(40) NOT NULL COMMENT '栏目编号',
  `parent_id` varchar(40) DEFAULT NULL COMMENT '父id',
  `site_id` varchar(40) NOT NULL DEFAULT '' COMMENT '站点编号',
  `column_code` varchar(20) DEFAULT '' COMMENT '栏目编码',
  `column_name` varchar(50) NOT NULL DEFAULT '' COMMENT '栏目名称',
  `column_flag` varchar(50) DEFAULT '' COMMENT '栏目标识',
  `out_link` tinyint(2) DEFAULT '1' COMMENT '是否外部链接页面（0：是    1：否）',
  `href` varchar(255) DEFAULT '' COMMENT '外部链接的访问路径',
  `is_show` tinyint(2) NOT NULL DEFAULT '0' COMMENT '0:显示，1：隐藏',
  `status` tinyint(2) NOT NULL DEFAULT '0' COMMENT '状态:0：正常 1、删除',
  `sort` int(5) DEFAULT '0' COMMENT '排序',
  `create_by` varchar(20) DEFAULT '' COMMENT '创建人',
  `create_time` datetime DEFAULT NULL COMMENT '创建时间',
  `update_by` varchar(20) DEFAULT '' COMMENT '更新人',
  `update_time` datetime DEFAULT NULL COMMENT '修改时间',
  `remark` varchar(2000) DEFAULT '' COMMENT '备注',
  PRIMARY KEY (`column_id`)
) ENGINE=InnoDB DEFAULT CHARSET=utf8mb4;

-- ----------------------------
-- Records of cms_column
-- ----------------------------
INSERT INTO `cms_column` VALUES ('1', '0', '292cba294f8b4a0eba62452aa21b6ef5', '', '栏目', 'lm', '1', '', '0', '0', '0', 'system', '2019-12-11 00:02:06', '', '2019-12-11 00:02:11', '栏目根目录');
INSERT INTO `cms_column` VALUES ('1c473d9fee764604adcb338bdef32826', '8f930d24c4664e32add2be56823b2c5e', '292cba294f8b4a0eba62452aa21b6ef5', '', '系统使用文档', '', '0', '/zhglxt/cms/helpDoc/helpDocView/c411706f0a394647867e2b63042566ef', '0', '0', '3', 'system', '2021-06-22 23:50:56', 'system', '2021-06-29 23:58:37', '系统使用文档');
INSERT INTO `cms_column` VALUES ('22be2c4656ed47388c2a6f2160a87879', '1', '292cba294f8b4a0eba62452aa21b6ef5', '', '新闻动态', 'news', '1', '', '0', '0', '360', 'system', '2019-12-15 20:42:45', 'system', '2020-12-25 18:39:02', '新闻动态');
INSERT INTO `cms_column` VALUES ('26615be24f8040f18bf7c086c9676408', '1', '292cba294f8b4a0eba62452aa21b6ef5', '', '企业发展史', 'developHistory', '1', '', '0', '0', '500', 'system', '2021-03-30 16:25:01', 'system', '2021-05-06 23:23:14', '企业发展史');
INSERT INTO `cms_column` VALUES ('31e42bf1f25f4b4196dd8da9f0eb1eaa', '8f930d24c4664e32add2be56823b2c5e', '292cba294f8b4a0eba62452aa21b6ef5', '', '系统更新日志', '', '0', '/zhglxt/cms/helpDoc/helpDocView/c691f3fa8a394b4c922cd85fdb9d0779', '0', '0', '10', 'system', '2021-07-04 16:02:12', 'system', '2021-07-07 13:51:39', '系统更新日志');
INSERT INTO `cms_column` VALUES ('65c7cbe937cd4b688b48b9a5cccc0450', '1', '292cba294f8b4a0eba62452aa21b6ef5', '', '解决方案', 'solution', '1', '', '0', '0', '200', 'system', '2019-12-21 00:44:14', 'system', '2020-12-29 16:36:03', '解决方案');
INSERT INTO `cms_column` VALUES ('8f930d24c4664e32add2be56823b2c5e', '1', '292cba294f8b4a0eba62452aa21b6ef5', '', '在线文档', '', '0', '#', '0', '0', '150', 'system', '2019-12-14 03:49:47', 'system', '2021-06-29 23:58:04', '在线文档');
INSERT INTO `cms_column` VALUES ('93b8732e45c64471b918696c87d27494', '1', '292cba294f8b4a0eba62452aa21b6ef5', '', '在线演示', '', '0', '#', '1', '0', '50', 'system', '2020-06-01 23:51:45', 'system', '2021-06-23 06:49:45', '在线演示');
INSERT INTO `cms_column` VALUES ('b00a3e03c0f548f0815fcc04634c315c', '1', '292cba294f8b4a0eba62452aa21b6ef5', '', '关于我们', 'about', '1', '', '0', '0', '400', 'system', '2019-12-15 20:39:22', 'system', '2020-12-25 18:39:16', '关于我们');
INSERT INTO `cms_column` VALUES ('c55d659beeb64164a34f31f4cc2779c0', '8f930d24c4664e32add2be56823b2c5e', '292cba294f8b4a0eba62452aa21b6ef5', '', '工作流使用文档', '', '0', '/zhglxt/cms/helpDoc/helpDocView/c7f9f70921954e4e97a28802a904f282', '0', '0', '15', 'system', '2021-07-04 16:19:58', 'system', '2021-07-04 16:20:13', '工作流使用文档');
INSERT INTO `cms_column` VALUES ('d792ede14a5e4ba9816c6ac6becc03cc', '1', '292cba294f8b4a0eba62452aa21b6ef5', '', '联系我们', 'contact', '1', '', '0', '0', '380', 'system', '2019-12-15 20:40:13', 'system', '2020-12-25 18:39:10', '联系我们');
INSERT INTO `cms_column` VALUES ('e7b4c8d6ef3f403994d55869cdba19e9', '93b8732e45c64471b918696c87d27494', '292cba294f8b4a0eba62452aa21b6ef5', '', 'WEB应用系统', '', '0', '#', '0', '0', '200', 'system', '2020-06-01 23:58:16', 'system', '2021-07-07 14:17:41', 'WEB应用系统');

-- ----------------------------
-- Table structure for cms_help_doc
-- ----------------------------
DROP TABLE IF EXISTS `cms_help_doc`;
CREATE TABLE `cms_help_doc` (
  `id` varchar(46) NOT NULL COMMENT '主键id',
  `name` varchar(255) DEFAULT NULL COMMENT '名称',
  `content` longtext COMMENT '内容',
  `sort` int(5) DEFAULT NULL COMMENT '排序',
  `status` char(1) DEFAULT NULL COMMENT '状态（0：显示  1：隐藏）',
  `create_by` varchar(64) DEFAULT NULL COMMENT '创建人',
  `create_time` datetime DEFAULT NULL COMMENT '创建时间',
  `update_by` varchar(64) DEFAULT NULL COMMENT '更新人',
  `update_time` datetime DEFAULT NULL COMMENT '更新时间',
  `remark` varchar(255) DEFAULT NULL COMMENT '备注'
) ENGINE=InnoDB DEFAULT CHARSET=utf8mb4;

-- ----------------------------
-- Records of cms_help_doc
-- ----------------------------
INSERT INTO `cms_help_doc` VALUES ('c411706f0a394647867e2b63042566ef', '系统使用文档', '[TOC]\r\n# WEB应用系统\r\n## 介绍\r\n&emsp;&emsp;本系统（基于SpringBoot+MyBatis+Apache Shiro+Bootstrap+Thymeleaf）可用于开发所有的WEB应用系统。\r\n可进行深度定制开发，做出更强的企业级WEB应用系统。支持大部分主流浏览器（IE9+浏览器、Google Chrome、火狐浏览器、360浏览器等...)。  \r\n&emsp;&emsp;让开发者专于注业务逻辑的实现，从而缩短项目周期，节省开发成本，提高软件安全、质量。\r\n\r\n- 感谢[RuoYi](https://gitee.com/y_project/RuoYi \"若依\")大佬提供的框架\r\n\r\n## 主要特性\r\n1. 完全响应式布局（支持电脑、平板、手机等所有主流设备）\r\n2. 集成文件管理器（视频、音频、PDF、world、excel等多文件的上传与下载；图片、音频、视频在线预览等）\r\n3. 集成企业官网CMS内容管理系统（简单的企业官网，如需更强大的企业官网可进行二次开发或重新开发）\r\n4. 集成工作流程引擎Activiti5（支持在线设计、部署、查看、编辑流程图）\r\n5. 通知通告（重写了原系统的通知通告模块）\r\n6. 集成MarkDown在线编辑器editor.md\r\n7. WAR包方式进行部署，简单、便捷，无需修改过多的配置\r\n8. 实现全局事务处理。专注于业务逻辑的实现，只需要注意下方法命名即可)\r\n9. 集成定时任务调度框架，可用于创建简单或复杂的定时计划任务\r\n10. 完善的XSS防范及脚本过滤，彻底杜绝XSS攻击\r\n11. 完善的日志记录体系，简单注解即可实现\r\n12. 数据监控，可查看数据库版本、驱动、数据源、SQL监控、SQL防火墙、WEB应用、URL监控、session监控等信息\r\n13. 服务监控，可查看一些通用的监控，比如 CPU的使用情况、服务器内存使用情况、Java虚拟机信息、服务器的信息、磁盘状态的监控等\r\n14. 缓存监控，可查系统的缓存信息、以及对缓存的清空操作\r\n15. 对常用js插件进行二次封装，使js代码变得简洁，更加易维护\r\n16. 支持按钮级数据权限，可自定义部门数据权限\r\n17. Maven项目依赖管理，方便模块依赖版本升级、增减模块\r\n18. 支持多数据源，简单配置即可实现切换\r\n19. 集成在线表单构建器，拖拽表单元素即可生成相应的HTML代码、表单代码\r\n20. 集成swagger3.0（swagger3 + knife4j）系统接口、UI框架\r\n21. 丰富的演示示例，帮助开发者快速集成到项目中\r\n\r\n## 技术选型\r\n1. 系统环境【JDK 1.8、Tomcat 8】\r\n2. 主框架【Spring Boot 2.2.13、Spring Framework 5.0.x(支持JDK8-10)】\r\n3. 持久层【Apache MyBatis 3.5.6、Alibaba Druid 1.2.6】\r\n4. 视图层【Bootstrap 3.3、Thymeleaf 3.0】\r\n5. 安全框架【Apache Shiro 1.7.1】\r\n6. 缓存框架【shiro-ehcache 1.7.1】\r\n7. 日志框架【slf4j日志接口+Logback日志的实现（SLF4J和Logback取代Commons Logging和Log4j；始终使用SLF4J的接口写入日志，使用Logback只需要配置，不需要修改代码）】\r\n8. 任务调度框架【Quartz 2.3.2】（Quartz是一个功能强大的开源作业调度库，几乎可以集成到任何Java应用程序中-从最小的独立应用程序到最大的电子商务系统。可用于创建简单或复杂的计划，以执行数以万计的工作。任务定义为标准Java组件的作业，它可以执行您对其执行的任何编程操作。Quartz Scheduler包含许多企业级功能，例如对JTA事务和集群的支持。）\r\n9. 业务流程管理（BPM）框架【Activiti 5.23.0】\r\n10. 文件管理器【CKFinder2.6.3】\r\n11. 服务端验证【Hibernate Validation 6.0】\r\n12. 客户端验证【jQuery Validation Plugin 1.13.0】\r\n13. 树型插件 【jQuery zTree 3.5.12】\r\n14. 项目版本控制【Git(一个免费开源的分布式版本控制系统，旨在快速高效地处理从小型到大型项目的所有内容)】\r\n15. 项目管理工具【Apache Maven 3.8.1】\r\n16. JSON解析器【FastJSON 1.2.76】\r\n17. 弹出层组件【layer 3.5.0】\r\n18. 日期与时间组件【layDate 5.3.0】\r\n19. 获取系统信息组件【oshi 5.6.0】，兼容系统： Linux, Windows, Solaris, AIX, HP-UX, FreeBSD and Mac OSX\r\n20. 表格组件【BootstrapTable 1.18.2】\r\n21. 获取浏览器名称及版本号组件【bitwalker 1.21】\r\n22. 导入导出组件【Apache POI 4.1.2】\r\n23. 富文本编辑器【summernote 0.8.18】\r\n24. MarkDown在线编辑器 【editor.md 1.5.0 】\r\n\r\n## 内置功能\r\n1.  用户管理：用户是系统操作者，该功能主要完成系统用户配置\r\n2.  部门管理：配置系统组织机构（国家、城市、公司、部门），树结构展现支持数据权限\r\n3.  岗位管理：配置系统用户所属担任职务\r\n4.  菜单管理：配置系统菜单，操作权限，按钮权限标识等\r\n5.  角色管理：角色菜单权限分配、设置角色按机构进行数据范围权限划分\r\n6.  字典管理：对系统中经常使用的一些较为固定的数据进行维护\r\n7.  参数管理：对系统动态配置常用参数\r\n8.  通知公告：系统通知公告信息发布维护\r\n9.  操作日志：系统正常操作日志记录和查询；系统异常信息日志记录和查询\r\n10. 登录日志：系统登录日志记录查询包含登录异常\r\n11. 在线用户：当前系统中活跃用户状态监控\r\n12. 定时任务：在线（添加、修改、删除)任务调度包含执行结果日志\r\n13. 代码生成：前后端代码的生成（java、html、xml、sql）支持CRUD下载 \r\n14. 系统接口：根据业务代码自动生成相关的api接口文档\r\n15. 服务监控：监视当前系统CPU、内存、磁盘、堆栈等相关信息\r\n16. 在线构建器：拖动表单元素生成相应的HTML代码\r\n17. 连接池监视：监视当前系统数据库连接池状态，可进行分析SQL找出系统性能瓶颈\r\n18. CMS：企业官网【栏目管理（栏目列表）、内容管理（广告列表、文章列表）、文档管理（文档列表）】；支持多站点建站，各个站点之间数据互不影响，可随意切换站点\r\n19. 文件管理：每个用户拥有属于自己的文件管理器；支持多种格式文件（图片、视频、音频、Excel、Word、CSV等格式）的上传与下载、图片-视频-音频在线预览（播放）等功能\r\n20. 在线办公：通知公告【我的通知、通告管理】、个人办公【我的任务、请假申请】\r\n21. 工作流程管理：模型【模型管理】、流程【流程列表、运行中的流程、流程管理】\r\n22. DEMO管理：大数据（百万级）导入Demo、MarkDown在线编辑器\r\n\r\n## 客户端说明\r\n1.  支持大部分主流浏览器（如：IE9+浏览器、Google Chrome、火狐浏览器、360浏览器等等。。。)\r\n2.  支持手机、平板等主流设备\r\n\r\n## 使用教程\r\n1. 安装好系统所需的运行、开发环境（JDK1.8+、MySQL5.7+、maven3.6+、Git环境等...）\r\n2. 使用IntelliJ IDEA拉取并打开项目\r\n![](/zhglxt/userfiles/system/images/helpImages/sys/1.jpg)\r\n\r\n3. 复制项目Git地址\r\n![](/zhglxt/userfiles/system/images/helpImages/sys/2.jpg)\r\n\r\n4. 接着填入IDEA\r\n![](/zhglxt/userfiles/system/images/helpImages/sys/3.jpg)\r\n\r\n5. 拉取完毕后，Maven就会自动下载项目所有依赖包到本地中央仓库。目录结构如下\r\n![](/zhglxt/userfiles/system/images/helpImages/sys/4.jpg)\r\n\r\n6. 第一次需要install安装到本地仓库\r\n![](/zhglxt/userfiles/system/images/helpImages/sys/5.jpg)\r\n\r\n7. 导入数据文件的数据到本地数据库\r\n\r\n8. 修改MySQL数据库账号密码为自己本地的数据库的账号密码\r\n![](/zhglxt/userfiles/system/images/helpImages/sys/6.jpg)\r\n\r\n9. 所有步骤没问题之后，就可以直接运行项目了，启动文件\r\n![](/zhglxt/userfiles/system/images/helpImages/sys/7.jpg)\r\n\r\n10. 打包部署（本项目是打成war包的方式进行部署的）\r\n![](/zhglxt/userfiles/system/images/helpImages/sys/8.jpg)\r\n\r\n11. 打包完成后，到项目的目录下找到zhglxt\\zhglxt-web\\target\\zhglxt-web.war包，重命名为zhglxt.war，然后直接放到Tomcat的webapps目录下，就可以运行起来了\r\n![](/zhglxt/userfiles/system/images/helpImages/sys/9.jpg)\r\n\r\n12. 本项目不需要修改过多的配置信息，即可打包、部署、运行', '5', '0', 'system', '2021-06-24 19:36:13', 'system', '2021-07-07 16:30:03', '系统使用文档');
INSERT INTO `cms_help_doc` VALUES ('c691f3fa8a394b4c922cd85fdb9d0779', '系统更新日志', '[TOC]\r\n# 系统更新日志\r\n## v9.2.0-（2021.06.16-now）\r\n1. 修复summernote富文本插件选择上传图片、视频等文件时出现遮罩层无法选择问题\r\n2. 新增示例（多图上传）\r\n3. 企业官网管理-站点栏目管理-站点列表：删除站点逻辑优化(删除站点的同时，删除所有关联该站点的业务数据)\r\n4. 系统图片文件上传路径优化\r\n5. markdown在线编辑器页面优化\r\n6. 系统登录、注册、首页页面优化\r\n7. CKFinder文件管理器上传文件名逻辑修改\r\n8. 在线办公-个人办公-请假申请-请假列表权限优化\r\n9. 升级summernote到最新版本v0.8.18\r\n10. 防止富文本点击按钮弹框时，页面会回到顶部\r\n11. 去除多余的favicon.ico引入\r\n12. 修复企业官网管理-内容管理-文章列表：左侧栏目树点击‘刷新’按钮时,没有刷新右侧表格数据问题\r\n13. 系统版本升级到v4.6.2\r\n14. 优化表格树显示\r\n15. 修复切换主题错误问题\r\n16. 在线办公-通知通告-通告管理-新增、编辑页面：接收人树型构造逻辑优化\r\n17. 工作流代码优化\r\n18. 企业官网管理下新增-文档管理-文档列表，可在线编辑系统的使用文档并在企业官网进行查看\r\n19. 修复企业官网管理-栏目管理-栏目列表：修改上级目录无效问题\r\n20. 系统配置文件优化\r\n21. 新增MarkDown在线编辑器editor.md示例\r\n22. 修复登录页面弹窗文字不显示的问题\r\n23. 企业官网-内容管理-文章列表-栏目列表（排除外部链接）树型结构逻辑优化\r\n24. 升级pagehelper到最新版1.3.1\r\n25. 允许手动设置对称加密秘钥\r\n26. 登录页面系统名称取配置文件的系统名称\r\n27. 优化大数据(百万级)导入Demo\r\n28. 新增大数据导入Demo(EasyExcel)\r\n29. 优化表格行拖拽事件处理\r\n30. 修复示例弹层js报错\r\n31. 升级commons.fileupload到最新版本v1.4\r\n32. 升级commons.io到最新版本v2.10.0\r\n33. 新增表格示例（自定义视图分页）\r\n34. 定时任务屏蔽rmi远程调用\r\n35. 添加刷新options配置\r\n\r\n## v9.1.0-（2021.05.27-2021-06-15）\r\n1. 修复个人办公-我的任务-条件搜索查询功能\r\n2. 个人办公-我的任务-搜索日期条件限制：创建时间起、止，选择日期限制（创建日期止 不能选择小于 创建日期起）\r\n3. 个人办公-我的任务-请假申请-添加请假申请：请假开始、结束时间，选择日期限制（请假结束时间 不能选择小于 请假开始时间）\r\n4. datetimepicker日期组件-清除按钮-样式调整\r\n5. 请假申请流程-流转信息-优化\r\n6. 首页、README.md、maven优化\r\n7. 请假申请流程优化\r\n8. 修复请假驳回时的审批意见、流转信息的提交意见、任务历时无法显示问题\r\n9. 请假申请列表-新增根据请假人查询、删除、批量删除功能\r\n10. 升级spring-boot-maven-plugin插件版本到v2.5.0\r\n11. 升级maven-compiler-plugin插件版本到v3.8.1\r\n12. 升级maven-war-plugin插件版本到v3.3.1\r\n13. 升级spring-boot-maven-plugin插件版本到v2.5.0\r\n14. 升级maven-compiler-plugin插件版本到v3.8.1\r\n15. 升级maven-war-plugin插件版本到v3.3.1\r\n16. 升级spring-boot-starter-aop到最新版本v2.5.1\r\n17. 升级guava到最新版本v30.1.1-jre\r\n18. 升级easyexcel到最新版本v2.2.10\r\n19. maven依赖配置优化\r\n20. 升级oshi到最新版本v5.7.4\r\n21. 升级jna版本到v5.8.0\r\n22. 优化部门启用状态\r\n23. 新增表格参数（是否支持打印页面showPrint）\r\n24. 区分Byte[]类型防止出现死循环\r\n25. 升级knife4j版本到v2.0.6（以兼容swagger3）\r\n26. 升级swagger到最新版本v3.0.0\r\n27. 修复导出角色数据范围翻译缺少仅本人\r\n28. 导出Excel文件支持数据流下载方式\r\n29. 移除冗余文件\r\n30. 调整main路径下样式路径\r\n31. 升级bootstrap-table到最新版本v1.18.3\r\n32. IDCardUtils工具类优化\r\n33. 调整用户测试接口swagger注解\r\n34. 增加表格重置分页的参数\r\n35. 更新README.md、首页-技术选型 说明\r\n36. 增加表格重置分页的参数\r\n37. 修复表格图片预览移动端宽高无效问题\r\n38. 行拖拽重命名reorder-row-js\r\n39. 修复两处存在SQL注入漏洞问题\r\n40. 集成yuicompressor实现(CSS/JS压缩)\r\n41. 优化参数&字典缓存操作\r\n42. 修复druid最新版本数据监控页面刷新后空白问题\r\n\r\n## v9.0.0-（2021.04.08-2021.05.27）\r\n1. 新增表格参数（导出方式&导出文件类型）\r\n2. 修正mapper.java.vm模板注释\r\n3. 修复请求形参未传值记录日志异常问题\r\n4. 修正方法名单词拼写错误\r\n5. 升级fastjson到最新版1.2.76\r\n6. 升级druid到最新版本v1.2.6\r\n7. 系统用户、注册用户新增身份证号码字段\r\n8. 新增IDcard工具类\r\n9. 调整新增、编辑用户页面排版\r\n10. 关闭中文访问路径校验，以便CKFinder查看对应的中文目录下（或中文名称）的各文件（需要开启时可自行开启）\r\n11. 升级layer到最新版本v3.5.0\r\n12. 升级layui到最新版本v2.6.6\r\n13. 升级laydate到最新版本v5.3.0\r\n14. 动态生成密匙，防止默认密钥泄露\r\n15. 通知通告-选择接收人-改造为部门人员树型结构选择方式，用户体验更佳\r\n16. 系统部门树 选择逻辑修改-非部门子节点不可选择\r\n17. 修复用户管理-岗位下拉框、通知通告-接收人下拉框，在IE浏览器下不兼容问题\r\n18. 企业官网广告、文章内容缩略图样式调整\r\n19. 使用预定义的常量，避免实例化对象\r\n20. 树级结构更新子节点的anecstors字段时应把replace替换为replaceFirst\r\n21. 修复了删除操作日志时没有记录日志的bug\r\n22. 企业官网新增背景音乐（打开网站自动播放背景音乐）\r\n23. 企业官网优化（文章内容显示全部状态的数据）\r\n24. 企业官网优化（1、官网栏目逻辑代码优化,去除冗余的查询方式 2、支持多站点建站，各个站点之间数据互不影响，可随意切换站点）\r\n25. 企业官网（栏目、内容管理）的树形菜单结构，新增时自动选中\r\n26. 示例演示模块显示隐藏权限优化\r\n27. 实例演示弹框-弹层组件，增加 相册层 示例\r\n28. 主子表操作封装处理增加文本域类型\r\n29. 示例演示中弹框-弹层表格，增加 回调形式 回显到父窗体\r\n30. 调整验证码路径和代码生成模板注释\r\n31. 新增示例（表格列拖拽）\r\n32. 日志注解兼容获取json类型的参数\r\n33. 修复表单向导插件有滚动条时底部工具栏无法固定问题\r\n34. 修复表单向导示例\r\n35. 优化ExcelUtil空值处理\r\n36. 修正模板字符编码\r\n37. 升级mybatis到最新版3.5.6 阻止远程代码执行漏洞\r\n38. 修复删除用户bug\r\n39. 升级系统版本到4.6.1\r\n40. 优化代码生成导出模板名称\r\n41. 修复横向菜单无法打开页签问题\r\n42. 部门新增、主子表代码生成优化\r\n43. 代码格式化、导包格式化整理\r\n44. 新增示例（导出选择列）\r\n\r\n## v8.9.0-（2021.01.01-2021.04.07）\r\n1. 企业官网新增企业发展史时间轴\r\n2. 数据库链接配置信息修改\r\n3. 新增IE浏览器版本过低（低于IE9）提示页面\r\n4. 新增数据库密码加密配置\r\n5. 锁屏-解锁屏幕后显示之前打开的页签\r\n6. 操作日志返回参数添加非空验证\r\n7. 数据监控默认账户密码防止越权访问\r\n8. 个人中心错误问题\r\n9. velocity剔除commons-collections版本，防止3.2.1版本的反序列化漏洞\r\n10. 将控制器基类的日志设置成 this.getClass()，这样在日志里就可以记录是在哪个控制器记录的\r\n11. 文件管理系统模块优化\r\n12. 子表模板默认日期格式化\r\n13. 升级oshi到最新版本v5.6.0\r\n14. 升级jna到v5.7.0\r\n15. 代码生成预览语言根据后缀名高亮显示\r\n16. 升级SpringBoot到最新版本2.2.13\r\n17. 升级shiro到最新版1.7.1 阻止身份认证绕过漏洞\r\n18. 企业官方网站-文章内容-上传的文件路径修改为可公共访问\r\n19. 升级bootstrapTable相关组件到最新版本v1.18.2\r\n20. 升级bootstrapTable到最新版本v1.18.0\r\n21. 搜索建议选择后隐藏列表\r\n22. 主子表示例增加初始化数据\r\n23. 优化Excel导入增加空行判断\r\n24. 更新fileinput.css\r\n25. 优化更多操作按钮左侧移入内容闪现消失情况\r\n26. 修复主子表提交中列隐藏后出现列偏移问题\r\n27. 表格销毁清除记住选择数据\r\n28. 调整Map通用处理工具类中数组参数拼接\r\n29. 升级fastjson到最新版1.2.75\r\n30. 增加表格动态列Demo\r\n31. 代码生成选择主子表关联元素必填\r\n32. 修复导入数据为负浮点数时，导入结果会丢失精度问题\r\n33. 企业官网-新增站点管理\r\n34. 升级druid到最新版本v1.2.4\r\n35. 企业官网伪静态化\r\n36. 新增企业官网-解决方案-查看详情\r\n37. 新增企业官网-新闻动态-查看详情\r\n38. 修复企业官网-文章新增、编辑时，富文本编辑器无法上传图片问题\r\n39. 修改文件上传的默认路径\r\n40. 系统版本升级到4.6.0\r\n\r\n## v8.8.0-（2020.12.03-2020.12.31）\r\n1. tree根据Id和Name选中指定节点增加空判断\r\n2. 企业官网-官网首页、关于我们、联系我们代码优化\r\n3. 初始列默认字段类型\r\n4. 代码生成: 数据库文本类型生成表单文本域\r\n5. Excel注解支持Image图片导出\r\n6. 代码生成日期控件区分范围\r\n7. 新增 企业官网\r\n8. cms官网-广告管理-添加广告标题、广内容\r\n9. 防止错误页返回主页出现嵌套问题\r\n10. 新增示例（标签 & 提示）\r\n11. 添加单据打印示例\r\n12. 弹出层openOptions移动端自适应\r\n13. 通知通告 发布状态为草稿状态时：隐藏接收人 tab\r\n14. 公共方法（addFull添加信息 全屏）在无参数时没有替换url中参数字符为空的问题\r\n15. 使用widthUnit定义选项单位\r\n16. 浏览文件解决bootstrap-treetable,表头跟表格宽度不同步的问题\r\n17. 修复主子表editColumn table dataIndex循环bug\r\n18. 新增表格参数（自定义打印页面模板printPageBuilder）\r\n19. 请求返回值使用常量web_status.SUCCESS\r\n20. 新增通告通知模块功能\r\n21. 升级SpringBoot到最新版本2.2.12 提升启动速度\r\n22. 菜单新增是否刷新页面\r\n23. 新增选项卡是否刷新属性\r\n24. 系统管理-参数设置-列表页面：新增更新时间、更新人字段显示\r\n25. 流程图为中文名称时查看流程图页面错误问题修复\r\n26. 修改表格初始参数sortName默认值为undefined\r\n27. 获取属性的get方法空值验证\r\n28. 修复生成主子表外键名错误\r\n29. 修复online sessionId大小写bug\r\n30. 修复代码生成: 生成主子表代码, 子表新增数据报错\r\n31. 目录结构优化\r\n32. 去除 Maven打包时，提示dependencies.dependency.systemPath警告\r\n33. 删除用户和角色解绑关联\r\n34. 打包优化\r\n35. 新增锁定屏幕功能\r\n36. 回显数据字典防止空值\r\n37. 防止匿名访问进行过滤\r\n38. 新增密码字符范围提示\r\n39. 主子表操作添加通用addColumn方法\r\n40. 升级bitwalker到最新版本1.21\r\n41. WebUtil代码优化\r\n42. 升级poi到最新版本4.1.2\r\n43. Excel支持注解align对齐方式\r\n\r\n## v8.7.0-（2020.10.01-2020.12.02）\r\n1. 升级bootstrap-fileinput到最新版本5.1.3\r\n2. 表格树加载完成触发tooltip方法\r\n3. 升级SpringBoot到最新版本2.1.18\r\n4. 修正转换字符串的目标字符集属性\r\n5. 新增表格参数（是否显示行间隔色striped）\r\n6. 升级bootstrapTable相关组件到最新版本v1.18.0\r\n7. 升级bootstrapTable到最新版本v1.18.0\r\n8. 代码生成删除多余的数字float类型\r\n9. 修复用户详细页面用户编号格式错位\r\n10. 新增表格参数（渲染完成后执行的事件onPostBody）\r\n11. 表格树逻辑优化\r\n12. 防止未初始参数脚本导致的异常\r\n13. 修复封装类转基础数据空指针异常\r\n14. 升级oshi到最新版本v5.3.6\r\n15. 新增缓存监控功能\r\n16. session配置永不过期，不删除在线会话信息\r\n17. 树表溢出元素内容隐藏\r\n18. 系统版本升级到4.5.1\r\n19. 任意文件下载漏洞修复\r\n20. 升级shiro到最新版1.7.0 阻止权限绕过漏洞\r\n21. 新增表格行触发事件（onCheck、onUncheck、onCheckAll、onUncheckAll）\r\n22. 修复多页签关闭非当前选项出现空白问题\r\n23. 升级druid到最新版本v1.2.2\r\n24. 代码生成预览支持高亮显示\r\n25. mapperLocations配置支持分隔符\r\n26. 权限调整\r\n27. 系统版本升级到v4.5.0\r\n28. 修复代码生成模板文件上传组件缺少ctx的问题\r\n29. 格式化页面代码\r\n30. 关闭缓存统计信息\r\n31. 修正拼写错误\r\n32. 去除用户手机邮箱部门必填验证\r\n33. 注册账号设置默认用户名称及密码最后更新时间\r\n34. 添加检查密码范围支持的特殊字符包括：~!@#$%^&*()-=_+\r\n35. 账号密码支持自定义更新周期\r\n36. 初始密码支持自定义修改策略\r\n37. 用户修改新密码不能与旧密码相同\r\n38. 调整sql默认时间\r\n39. 新增日期格式化方法\r\n40. 解决代码生成没有bit类型的问题\r\n41. 树结构加载添加callBack回调方法\r\n42. 解决用户管理页面滚动返回顶部条失效\r\n43. 升级pagehelper到最新版1.3.0\r\n44. 回显数据字典（字符串数组）增加空值判断\r\n45. 升级druid到最新版本v1.2.1\r\n46. 升级fastjson到最新版1.2.74\r\n47. 修改前端密码长度校验和错误提示不符问题\r\n48. jna指定版本\r\n\r\n## v8.6.0-（2020.08.01-2020.09.30）\r\n1. 文件上传工具类代码优化\r\n2. AjaxResult重写put方法，以方便链式调用\r\n3. 增强验证码校验的语义，便于理解\r\n4. 修改session同步逻辑错误\r\n5. 添加导入数据弹出窗体自定义宽高\r\n6. 用户信息参数返回忽略掉密码字段\r\n7. 优化swaggerUI界面，新增Knife4j\r\n8. 升级oshi到最新版本v5.2.5\r\n9. 修正语义错误&删除多余方法\r\n10. 修改主子表提交示例代码\r\n11. 升级springboot到2.1.17 提升安全性\r\n12. 优化$.modal.close方法\r\n13. 导入excel整形值校验优化\r\n14. 菜单&数据权限新增（展开/折叠 全选/全不选 父子联动）\r\n15. 表单向导插件更换为jquery-smartwizard\r\n16. 新增表格列宽拖动插件\r\n17. 优化页脚显示控制的判断表达式\r\n18. 输入框组验证错误后置图标提示颜色\r\n19. 限制系统内置参数不允许删除\r\n20. 新增系统参数设置（是否开启页脚功能）\r\n21. 修复窗体大小改变后浮动提示框失效问题\r\n22. 修复点击左上角返回首页，浏览器刷新导致之前的菜单重新弹出;超出字符提示增加换行\r\n23. 修复菜单收起时当前选中菜单和展开的子菜单间存在间隔\r\n24. 新增表格参数（通过自定义函数设置标题样式headerStyle）\r\n25. 调整字符串格式化(%s )参数为空时转为空字符串\r\n26. mapper层添加@Component注解，去除Could not autowire. No beans of \'xxx\' type found提示\r\n27. Excel导出类型NUMERIC支持精度浮点类型\r\n28. 降级druid到版本v1.1.22，防止出现一些错误\r\n29. 修改页签行高\r\n30. 新增CKFidner2.x API\r\n31. 数据字典缓存空值处理\r\n32. 升级druid到最新版本v1.1.23\r\n33. 去除mini菜单窗口底部波浪线\r\n34. 生成代码补充必填样式\r\n35. 新增菜单导航显示风格（default为左侧导航菜单，topnav为顶部导航菜单）\r\n36. 更新支付Demo【更新appid、商户私钥、支付宝公钥、支付宝网关】（由于现在个人无法进行支付签约，必须要企业营业执照才能进行签约，所以无法查看完善的支付流程）\r\n37. 新增表格参数（通过自定义函数设置页脚样式footerStyle）\r\n38. 上传媒体类型添加视频格式\r\n39. 数据权限判断参数类型\r\n40. 修正数据库字符串类型nvarchar\r\n41. 优化递归子节点\r\n42. 修复多表格搜索formId无效\r\n43. 添加Ajax局部刷新demo\r\n44. 导出Excel调整targetAttr获取值方法，防止get方法不规范\r\n45. 生成页面时不忽略remark属性\r\n46. 字典数据列表页添加关闭按钮\r\n47. Excel注解支持自动统计数据总和\r\n48. 系统版本升级到4.4.0\r\n49. 同步表结构不存在时，提示错误信息\r\n50. 系统首页优化\r\n51. 修改表格行内编辑示例旧值参数\r\n52. 设置默认排序顺序\r\n53. fastjson升级为1.2.73版本（修复高危漏洞）\r\n54. shiro升级到1.6.0版本（修复高危漏洞）\r\n55. Excel注解支持设置BigDecimal精度&舍入规则\r\n56. 代码生成支持同步数据库\r\n57. 操作日志记录排除敏感属性字段\r\n58. 修复页面存在多表格，回调函数res数据不正确问题\r\n59. 修复不同浏览器附件下载中文名乱码的问题\r\n60. jquery-zTree树插件版本升级到3.5.44\r\n61. 表格树标题内容支持html语义化标签\r\n62. 主子表示例添加日期列\r\n63. 强退后立即清理登录帐号的缓存会话信息，防止强退后的用户继续进行访问操作\r\n64. 操作日志查询方式调整\r\n65. 修复更新表格插件后导致的记住我错误\r\n66. 代码生成支持富文本控件\r\n67. 菜单页签联动优化\r\n68. 修改Excel设置STRING单元格类型\r\n69. 修复更新表格插件后导致的主子表错误\r\n70. 用户密码支持自定义配置规则\r\n71. 邮箱长度限制50\r\n72. 修复多表格无法设置实例配置问题\r\n73. 添加获取当前的环境配置方法\r\n\r\n## v8.5.0-（2020.06.16-2020.07.30）\r\n1. 移除jcpfree打印插件&Demo\r\n2. 新增表格打印Demo\r\n3. 新增表格自动刷新Demo\r\n4. HTML过滤器改为将html转义\r\n5. 表格样式优化\r\n6. 新增表格参数（自定义加载文本的字体大小loadingFontSize）\r\n7. 表格请求方式method支持自定义配置\r\n8. 升级表格行编辑&移动端适应插件\r\n9. 更换表格冻结列插件\r\n10. 升级bootstrapTable到最新版本1.17.1\r\n11. 修复配置应用的访问路径首页页签重复问题\r\n12. openTab打开时滚动到当前页签\r\n13. 截取返回参数长度，防止超出异常\r\n14. 字符未使用下划线不进行驼峰式处理\r\n15. 文件名修改为uuid方式\r\n16. 添加定时任务cron表达式验证\r\n17. 拆分表格插件，按需引入\r\n18. 兼容IE浏览器对象不支持toBlob属性或方法问题\r\n19. 更换图片裁剪工具为cropper\r\n20. 角色管理-分配用户-不允许对超级系统管理员进行“取消授权”操作\r\n21. 修改切换“浅蓝”主题，首页菜单字体和主题背景颜色冲突的问题\r\n22. 用户角色操作项：对“超级管理员”角色进行优化（去除删除操作项、启用状态不可关闭）\r\n23. 规范（格式化）yml文件内容格式\r\n24. Excel支持sort导出排序\r\n25. 代码生成支持自定义路径\r\n26. 代码生成支持选择上级菜单\r\n27. 代码生成支持上传控件\r\n28. 用户分配角色不允许选择超级管理员角色\r\n29. 添加右侧冻结列示例\r\n30. 冻结列右侧自适应\r\n31. 修复表格冻结列错位问题\r\n32. 信息安全漏洞（请务必保持cipherKey密钥唯一性）\r\n33. 检查字符支持小数点&降级改成异常提醒\r\n34. openOptions函数中加入自定义maxmin属性\r\n35. 支持openOptions方法最大化\r\n36. 验证码清除，防止多次使用\r\n37. 修复验证码使用后仍可用的问题\r\n38. 支持openOptions方法多个按钮回调\r\n39. 右键页签操作实现与菜单联动\r\n40. 关闭顶部tab页时，左侧菜单定位到当前显示页\r\n41. 对文件上传、修改、编辑操作进行权限控制。演示模式不允许操作\r\n42. 升级shiro到最新版1.5.3 阻止权限绕过漏洞\r\n43. 新增isLinkage支持页签与菜单联动\r\n44. 修复代码生成,导入表结构出现异常时,页面不提醒问题\r\n45. 加载头像时，图片如果不存在，则显示一个默认头像\r\n46. Excel支持dictType读取字符串组内容\r\n47. Excel导出支持字典类型\r\n48. 升级系统版本4.3\r\n49. 代码生成主子表序号调整\r\n50. Excel支持readConverterExp读取字符串组内容\r\n51. 修复jquery表单序列化时复选框未选中不会序列化到对象中去问题\r\n52. 代码生成-显示类型-支持复选框\r\n53. 新增回显数据字典（字符串数组）\r\n54. 用户信息添加输入框组图标&鼠标按下显示密码\r\n55. 主子表生成模板多余逗号问题\r\n56. 输入框组图标元素修改成圆角\r\n57. 修复浏览器手动缩放比例后菜单无法自适应问题\r\n58. 常量接口修改为常量类\r\n59. 前端表单样式修改成圆角\r\n60. ajaxSuccess判断修正\r\n61. HttpUtils.sendPost()方法，参数无需拼接参数到url\r\n62. HTML过滤器不替换&实体\r\n63. 代码生成模板支持主子表\r\n64. 代码生成浮点型改用BigDecimal\r\n65. 主子表示例添加序号&防止insertRow数据被初始化\r\n66. 新增示例（主子表提交）\r\n\r\n## v8.4.0-（2020.05.04-2020.06.15）\r\n1. 修复表单构建单选和多选框渲染问题\r\n2. 添加是否开启swagger配置\r\n3. 代码生成模板调整，字段为String并且必填则加空串条件\r\n4. 字典数据查询列表根据dictSort升序排序\r\n5. 首页菜单显示调整\r\n6. 修复树表对imageView和tooltip方法无效问题\r\n7. 新增多级联动下拉示例\r\n8. 升级fastjson到最新版1.2.70 修复高危安全漏洞\r\n9. demo页面清除html链接，防止点击后跳转出现404\r\n10. 新增demo子系统模块\r\n11. 新增表格列参数（是否列选项可见ignore）\r\n12. 修复部分情况节点不展开问题\r\n13. 在线用户强退方法合并\r\n14. 修复selectColumns方法获取子对象数据无效问题\r\n15. 修改数据源类型优先级，先根据方法，再根据类\r\n16. 类上数据源类型获取不到问题，修改优先级，先根据方法，再根据类\r\n17. 修改上级部门（选择项排除本身和下级）\r\n18. 修复关闭标签页后刷新还是上次地址问题\r\n19. 通用http发送方法增加参数 contentType 编码类型\r\n20. 更换IP地址查询接口\r\n21. 新增表格参数（是否启用显示卡片视图cardView）\r\n22. 修复选择菜单后刷新页面，菜单箭头显示不对问题\r\n23. 添加校验部门包含未停用的子部门\r\n24. 针对性屏蔽Enter\r\n25. 取消回车自动提交表单\r\n26. 新增表格参数（是否显示全屏按钮showFullscreen）\r\n27. \'A\',\'I\',\'BUTTON\' 标签忽略clickToSelect事件，防止点击操作按钮时选中\r\n28. 新增表格参数（是否启用分页条无限循环的功能paginationLoop）\r\n29. String类型比较相等问题调整\r\n30. 表格添加显示/隐藏所有列方法 showAllColumns/hideAllColumns\r\n31. 新增表格参数（是否显示表头showHeader）\r\n32. 邮箱显示截取部分字符串，防止低分辨率错位\r\n33. 优化查询条件label为时间对齐问题\r\n34. fix bug: 字典排序值=0时无效\r\n35. 升级fastjson到最新版1.2.68 修复安全加固\r\n36. list*.vm模板优化\r\n37. 删除无用注解\r\n38. 添加data数据加载属性及示例\r\n39. 代码生成列属性根据sort排序\r\n40. 气泡弹出框特效移至通用js\r\n41. 图片预览事件属性修正\r\n42. @Override注解缺失\r\n43. 修复冻结列排序样式无效问题\r\n44. 修复“更多操作”，部分浏览器不兼容情况\r\n45. 升级Bootstrap版本到v3.3.7\r\n46. 修复context-path的情况下个人中心刷新导致样式问题\r\n47. mysql驱动包移至web模块\r\n48. 去掉多余的依赖\r\n49. 全屏editFull打开适配表树\r\n\r\n## v8.3.0-（2020.02.18-2020.05.03）\r\n1. 用户管理添加分配角色页面\r\n2. 定时任务添加调度日志按钮\r\n3. 新增是否开启用户注册功能\r\n4. 页面滚动显示返回顶部按钮\r\n5. 移动端定时任务&角色管理更多操作可点击\r\n6. 定时任务&角色管理添加更多操作按钮\r\n7. 移动端点击左侧目录不进行菜单切换\r\n8. 代码生成细节优化\r\n9. iframe框架页会话过期弹出超时提示\r\n10. 移动端登录不显示左侧菜单\r\n11. 首页logo固定，不随菜单滚动\r\n12. 任务分组字典翻译（调度日志详细）\r\n13. 字典管理添加缓存读取\r\n14. 字典数据列表标签显示样式\r\n15. 参数管理支持缓存操作\r\n16. 日期控件清空结束时间设置开始默认值为2099-12-31\r\n17. 表格树添加获取数据后响应回调处理\r\n18. 批量替换表前缀调整\r\n19. 调整包顺序\r\n20. !153 支持表格导入模板的弹窗表单加入其它输入控件\r\n21. 登录页面默认模式设置\r\n22. 重置刷新表格树\r\n23. 新增支持导出数据字段排序\r\n\r\n## v8.2.0-（2019.12.01-2020.02.17）\r\n1. 新增-CMS内容管理-子系统\r\n2. 新增-文件管理-子系统\r\n3. 新增-工作流程管理-子系统\r\n4. 修改代码生成部分细节问题\r\n5. 新增表格参数（是否单选checkbox）\r\n6. 防止db字段名为一个字母导致出现生成异常\r\n7. druid未授权不允许访问\r\n8. 表格树父节点兼容0,\'0\',\'\',null\r\n9. 调整表格树兼容父节点判断\r\n10. 必填的项增加星号\r\n11. 修复select2不显示校验错误信息\r\n12. HTML过滤器不替换双引号为&quot;，防止json格式无效\r\n13. 添加HTML过滤器，用于去除XSS漏洞隐患\r\n14. 修复多数据源下enabled=false导致读取不到bean导致异常问题\r\n15. 修复翻页记住选择项数据问题\r\n16. 用户邮箱长度限制20\r\n17. 修改错误页面返回主页出现嵌套问题\r\n18. 表格浮动提示单双引号转义\r\n19. 代码生成防止缓存内的数据没有及时写入到zip文件\r\n20. 支持配置四级菜单\r\n21. 升级shiro到最新版1.4.2 阻止rememberMe漏洞攻击\r\n22. 升级summernote到最新版本v0.8.12\r\n23. 侧边栏添加一套深蓝色主题\r\n24. Excel注解dateFormat属性为字符串时间时格式处理\r\n25. 浏览代码时间字符串处理\r\n26. 支持mode配置history（表示去掉地址栏的#）\r\n27. 修复War部署无法正常shutdown,ehcache内存泄漏\r\n28. 修复代码生成短字段无法识别问题\r\n29. 修复war包部署情况下404、500等页面样式丢失问题\r\n30. 系统会话缓存优化\r\n31. 代码生成模板增加导出功能日志记录\r\n32. serviceImpl模版 update方法判断bug修正\r\n33. 操作日志详情bug修复\r\n34. 系统首页thymeleaf语法优化\r\n35. select2选择数量限制提示语\r\n36. 代码生成查询时忽略大小写、翻页记住选中、表注释未填写也允许导入\r\n37. 代码生成唯一编号调整为tableId\r\n38. 全局配置类修改为注解，防止多环境配置下读取问题\r\n39. 中文URL转义\r\n40. 用户头像加载bug修复\r\n41. 修复多表格情况下，firstLoad只对第一个表格生效\r\n42. 处理打包出现警告问题\r\n43. 默认主题样式，防止网速慢情况下出现空白\r\n44. 修复文件上传多级目录识别问题\r\n45. 解码url，防止中文导致页面不能加载问题\r\n46. 右键Tab页刷新事件重复请求问题\r\n\r\n## v8.1.0-（2019.10.22-2019.11.30）\r\n1. 支持多表格实例操作\r\n2. 浮动提示方法tooltip支持弹窗\r\n3. 代码生成&字典数据支持模糊条件查询\r\n4. 增加页签全屏方法\r\n5. 增加清除表单验证错误信息方法\r\n6. 支持iframe局部刷新页面\r\n7. 支持在线切换主题\r\n8. 修改图片预览设置的高宽参数颠倒问题\r\n9. 操作日志新增解锁账户功能\r\n10. 管理员用户&角色不允许操作\r\n11. 去掉jsoup包调用自定义转义工具\r\n12. 添加时间轴示例\r\n13. 修复翻页记住选择时获取指定列值的问题\r\n14. 代码生成sql脚本添加导出按钮\r\n15. 添加表格父子视图示例\r\n16. 添加表格行内编辑示例\r\n17. 升级fastjson到最新版1.2.60 阻止漏洞攻击\r\n18. 升级echarts到最新版4.2.1\r\n19. 操作日志新增返回参数\r\n20. 支持mybatis通配符扫描任意多个包\r\n21. 权限验证多种情况处理\r\n22. 修复树形类型的代码生成的部分必要属性无法显示\r\n23. 修复非表格插件情况下重置出现异常\r\n24. 修复富文本编辑器有序列表冲突\r\n25. 代码生成表前缀配置支持多个\r\n26. 修复自动去除表前缀配置无效问题\r\n27. 菜单列表按钮数据可见不显示（权限标识控制）\r\n28. 修复设置会话超时时间无效问题\r\n29. 新增本地资源通用下载方法\r\n30. 操作日志记录新增请求方式\r\n31. 代码生成单选按钮属性重名修复\r\n32. 优化select2下拉框宽度不会随浏览器改变\r\n33. 修复代码生成树表异常\r\n\r\n## v8.0.0-（2019.08.08-2019.10.21）\r\n1. 代码生成支持预览、编辑，保存方案\r\n2. 新增防止表单重复提交注解\r\n3. 新增后端校验（和前端保持一致）\r\n4. 新增同一个用户最大会话数控制\r\n5. Excel导出子对象支持多个字段\r\n6. 定时任务支持静态调用和多参数\r\n7. 定时任务增加分组条件查询\r\n8. 字典类型增加任务分组数据\r\n9. 新增表格是否首次加载数据\r\n10. 新增parentTab选项卡可在同一页签打开\r\n11. 多数据源支持类注解（允许继承父类的注解）\r\n12. 部门及以下数据权限（调整为以下及所有子节点）\r\n13. 新增角色数据权限配（仅本人数据权限）\r\n14. 修改菜单权限显示问题\r\n15. 上传文件修改路径及返回名称\r\n16. 添加报表插件及示例\r\n17. 添加首页统计模板\r\n18. 添加表格拖拽示例\r\n19. 添加卡片列表示例\r\n20. 添加富文本编辑器示例\r\n21. 添加表格动态增删改查示例\r\n22. 添加用户页面岗位选择框提示\r\n23. 点击菜单操作添加背景高亮显示\r\n24. 表格树新增showSearch是否显示检索信息\r\n25. 解决表格列设置sortName无效问题\r\n26. 表格图片预览支持自定义设置宽高\r\n27. 添加表格列浮动提示（单击文本复制）\r\n28. PC端收起菜单后支持浮动显示\r\n29. 详细操作样式调整\r\n30. 修改用户更新描述空串不更新问题\r\n31. 导入修改为模板渲染\r\n32. 修改菜单及部门排序规则\r\n33. 角色导出数据范围表达式翻译\r\n34. 添加summernote富文本字体大小\r\n35. 优化表格底部下边框防重叠&汇总像素问题\r\n36. 树表格支持属性多层级访问\r\n37. 修复IE浏览器用户管理界面右侧留白问题\r\n38. 重置按钮刷新表格\r\n39. 重置密码更新用户缓存\r\n40. 优化验证码属性参数\r\n41. 支持数据监控配置用户名和密码\r\n42. 文件上传修改按钮背景及加载动画\r\n43. 支持配置一级菜单href跳转\r\n44. 侧边栏添加一套浅色主题\r\n45. 树表格添加回调函数（校验异常状态）\r\n46. 用户个人中心适配手机端显示\r\n47. Excel支持设置导出类型&更换样式\r\n48. 检查属性改变修改为克隆方式（防止热部署强转异常）', '10', '0', 'system', '2021-06-29 16:06:34', 'system', '2021-07-07 17:04:03', '系统更新日志');
INSERT INTO `cms_help_doc` VALUES ('c7f9f70921954e4e97a28802a904f282', '工作流使用文档', '[TOC]\r\n# 工作流使用教程\r\n## 新增流程模型\r\n工作流程管理-模型-模型管理-添加模型\r\n![](/zhglxt/userfiles/system/images/helpImages/activiti/1.jpg)\r\n\r\n![](/zhglxt/userfiles/system/images/helpImages/activiti/2.jpg)\r\n\r\n![](/zhglxt/userfiles/system/images/helpImages/activiti/3.jpg)\r\n\r\n## 设计好流程图后，进行部署\r\n![](/zhglxt/userfiles/system/images/helpImages/activiti/4.jpg)\r\n\r\n## 查看成功部署的流程\r\n![](/zhglxt/userfiles/system/images/helpImages/activiti/5.jpg)\r\n\r\n## 流程管理\r\n![](/zhglxt/userfiles/system/images/helpImages/activiti/6.jpg)\r\n其中 转为模型 操作：\r\n如果 模型-模型管理 中已经存在需要转换的（流程标识、流程版本）时，会在原有的版本基础上升1级（比如 版本号为1 升级后为 2），再次部署后就会以升级后的版本为基准进行任务流转。\r\n如果 模型-模型管理 中不存在需要转换的（流程标识、流程版本）时，转换模型后，就新增一个模型，且版本号为1，成功部署后就可以进行任务流转了。\r\n\r\n![](/zhglxt/userfiles/system/images/helpImages/activiti/7.jpg)\r\n\r\n![](/zhglxt/userfiles/system/images/helpImages/activiti/8.jpg)\r\n\r\n下面进行部署新版本的模型：\r\n![](/zhglxt/userfiles/system/images/helpImages/activiti/9.jpg)\r\n\r\n![](/zhglxt/userfiles/system/images/helpImages/activiti/10.jpg)\r\n流程列表中 的 转为模型 和 流程管理 中的 转为模型 是一样的，流程标识、流程版本存在就升级版本，不存在就新增一个模型。删除后 流程管理 中的也会进行同步删除。\r\n\r\n## 查看运行中的流程\r\n![](/zhglxt/userfiles/system/images/helpImages/activiti/11.jpg)\r\n\r\n完毕！', '15', '0', 'system', '2021-07-04 16:19:21', 'system', '2021-07-05 17:19:57', '工作流使用文档');

-- ----------------------------
-- Table structure for cms_site
-- ----------------------------
DROP TABLE IF EXISTS `cms_site`;
CREATE TABLE `cms_site` (
  `id` varchar(64) NOT NULL COMMENT '编号',
  `name` varchar(100) NOT NULL COMMENT '站点名称',
  `title` varchar(100) NOT NULL COMMENT '站点标题',
  `site_domain` varchar(255) DEFAULT NULL COMMENT '站点域名',
  `bg_music` varchar(255) DEFAULT NULL COMMENT '背景音乐',
  `description` varchar(500) DEFAULT NULL COMMENT '描述',
  `keywords` varchar(255) DEFAULT NULL COMMENT '关键字',
  `copyright` text COMMENT '版权信息',
  `sort` int(10) DEFAULT '0' COMMENT '排序',
  `status` char(1) NOT NULL DEFAULT '0' COMMENT '0.启用、1.停用',
  `create_by` varchar(64) DEFAULT NULL COMMENT '创建者',
  `create_time` datetime DEFAULT NULL COMMENT '创建时间',
  `update_by` varchar(64) DEFAULT NULL COMMENT '更新者',
  `update_time` datetime DEFAULT NULL COMMENT '更新时间',
  `remark` varchar(255) DEFAULT NULL COMMENT '备注信息',
  PRIMARY KEY (`id`),
  KEY `cms_site_del_flag` (`status`) USING BTREE
) ENGINE=InnoDB DEFAULT CHARSET=utf8mb4 COMMENT='站点表';

-- ----------------------------
-- Records of cms_site
-- ----------------------------
INSERT INTO `cms_site` VALUES ('292cba294f8b4a0eba62452aa21b6ef5', '企业官网', '我们善于整合各个IT厂商的产品与方案优势，为您打造最适合的信息化解决方案。', 'https://www.dlsdys.com', '/zhglxt/userfiles/system/files/music/1617022454093.mp3', '	我企定位为信息化服务商！我们专注于华南地区信息化基础架构产品销售与服务，结合实际经验与案例，与合作伙伴分享成熟可靠的信息化解决方案，作为 Lenovo、 IBM、 Dell、 Oracle、 趋势等多个产品的授权代理商，我们善于整合各个IT厂商的产品与方案优势，为您打造最适合的信息化解决方案。\r\n	分享不但具备强大的技术服务能力、同时建立了一套个性化的服务体系，涉及了前期规划、解决方案、应用测试、系统实施、技术支持、售后服务等各个层面，“全心全意为客户服务，以提高客户满意度为最高目标”是我们坚持不变的服务理念！\r\n	正如我们的企业名称一样，分享是我们的核心理念，合作、成长、始终坚持为客户带来价值，不断创新，与客户分享成功与喜悦。', '企业官网', '<p style=\"text-align: center; \"><font color=\"#333333\" face=\"Helvetica Neue, Helvetica, Arial, sans-serif\"><span style=\"font-size: 14px; white-space: pre-wrap;\"><a href=\"http://www.dlsdys.com\" target=\"_blank\">联系我们</a> | <a href=\"http://www.dlsdys.com\" target=\"_blank\">意见反馈</a> | <a href=\"http://www.dlsdys.com\" target=\"_blank\">友情链接</a></span></font></p><p style=\"text-align: center; \"><span style=\"color: rgb(51, 51, 51); font-family: &quot;Helvetica Neue&quot;, Helvetica, Arial, sans-serif; font-size: 14px; white-space: pre-wrap;\">Copyright © 2019-2021 </span><font color=\"#0088cc\" face=\"Helvetica Neue, Helvetica, Arial, sans-serif\"><span style=\"background-color: rgb(255, 255, 255); white-space: pre-wrap; font-size: 14px;\"><a href=\"http://www.dlsdys.com\" target=\"_blank\"><b>liuwy</b></a></span></font><span style=\"color: rgb(51, 51, 51); font-family: &quot;Helvetica Neue&quot;, Helvetica, Arial, sans-serif; font-size: 14px; white-space: pre-wrap;\"><a href=\"http://www.dlsdys.com\" target=\"_blank\"><b> </b></a> </span><font color=\"#333333\" face=\"Helvetica Neue, Helvetica, Arial, sans-serif\"><span style=\"font-size: 14px; white-space: pre-wrap;\">All Rights Reserved</span></font><br></p>', '10', '0', 'system', '2021-01-05 21:22:13', 'system', '2021-06-24 20:52:46', '背景音乐播放、支持所有主流浏览器哦！');

-- ----------------------------
-- Table structure for gen_table
-- ----------------------------
DROP TABLE IF EXISTS `gen_table`;
CREATE TABLE `gen_table` (
  `table_id` bigint(20) NOT NULL AUTO_INCREMENT COMMENT '编号',
  `table_name` varchar(200) DEFAULT '' COMMENT '表名称',
  `table_comment` varchar(500) DEFAULT '' COMMENT '表描述',
  `sub_table_name` varchar(64) DEFAULT '' COMMENT '关联子表的表名',
  `sub_table_fk_name` varchar(64) DEFAULT '' COMMENT '子表关联的外键名',
  `class_name` varchar(100) DEFAULT '' COMMENT '实体类名称',
  `tpl_category` varchar(200) DEFAULT 'crud' COMMENT '使用的模板（crud单表操作 tree树表操作）',
  `package_name` varchar(100) DEFAULT NULL COMMENT '生成包路径',
  `module_name` varchar(30) DEFAULT NULL COMMENT '生成模块名',
  `business_name` varchar(30) DEFAULT NULL COMMENT '生成业务名',
  `function_name` varchar(50) DEFAULT NULL COMMENT '生成功能名',
  `function_author` varchar(50) DEFAULT NULL COMMENT '生成功能作者',
  `gen_type` char(1) DEFAULT '0' COMMENT '生成代码方式（0zip压缩包 1自定义路径）',
  `gen_path` varchar(200) DEFAULT '/' COMMENT '生成路径（不填默认项目路径）',
  `options` varchar(1000) DEFAULT NULL COMMENT '其它生成选项',
  `create_by` varchar(64) DEFAULT '' COMMENT '创建者',
  `create_time` datetime DEFAULT NULL COMMENT '创建时间',
  `update_by` varchar(64) DEFAULT '' COMMENT '更新者',
  `update_time` datetime DEFAULT NULL COMMENT '更新时间',
  `remark` varchar(500) DEFAULT NULL COMMENT '备注',
  PRIMARY KEY (`table_id`)
) ENGINE=InnoDB AUTO_INCREMENT=2 DEFAULT CHARSET=utf8mb4 COMMENT='代码生成业务表';

-- ----------------------------
-- Records of gen_table
-- ----------------------------
INSERT INTO `gen_table` VALUES ('1', 't_tree', '机构管理', '', '', 'TTree', 'crud', 'com.zhglxt.system', 'system', 'tree', '机构管理', 'liuwy', '0', '/', '{\"treeName\":\"\",\"treeParentCode\":\"\",\"treeCode\":\"\"}', 'system', '2019-10-26 17:41:40', '', '2020-06-22 17:48:12', '');

-- ----------------------------
-- Table structure for gen_table_column
-- ----------------------------
DROP TABLE IF EXISTS `gen_table_column`;
CREATE TABLE `gen_table_column` (
  `column_id` bigint(20) NOT NULL AUTO_INCREMENT COMMENT '编号',
  `table_id` varchar(64) DEFAULT NULL COMMENT '归属表编号',
  `column_name` varchar(200) DEFAULT NULL COMMENT '列名称',
  `column_comment` varchar(500) DEFAULT NULL COMMENT '列描述',
  `column_type` varchar(100) DEFAULT NULL COMMENT '列类型',
  `java_type` varchar(500) DEFAULT NULL COMMENT 'JAVA类型',
  `java_field` varchar(200) DEFAULT NULL COMMENT 'JAVA字段名',
  `is_pk` char(1) DEFAULT NULL COMMENT '是否主键（1是）',
  `is_increment` char(1) DEFAULT NULL COMMENT '是否自增（1是）',
  `is_required` char(1) DEFAULT NULL COMMENT '是否必填（1是）',
  `is_insert` char(1) DEFAULT NULL COMMENT '是否为插入字段（1是）',
  `is_edit` char(1) DEFAULT NULL COMMENT '是否编辑字段（1是）',
  `is_list` char(1) DEFAULT NULL COMMENT '是否列表字段（1是）',
  `is_query` char(1) DEFAULT NULL COMMENT '是否查询字段（1是）',
  `query_type` varchar(200) DEFAULT 'EQ' COMMENT '查询方式（等于、不等于、大于、小于、范围）',
  `html_type` varchar(200) DEFAULT NULL COMMENT '显示类型（文本框、文本域、下拉框、复选框、单选框、日期控件）',
  `dict_type` varchar(200) DEFAULT '' COMMENT '字典类型',
  `sort` int(11) DEFAULT NULL COMMENT '排序',
  `create_by` varchar(64) DEFAULT '' COMMENT '创建者',
  `create_time` datetime DEFAULT NULL COMMENT '创建时间',
  `update_by` varchar(64) DEFAULT '' COMMENT '更新者',
  `update_time` datetime DEFAULT NULL COMMENT '更新时间',
  PRIMARY KEY (`column_id`)
) ENGINE=InnoDB AUTO_INCREMENT=8 DEFAULT CHARSET=utf8mb4 COMMENT='代码生成业务表字段';

-- ----------------------------
-- Records of gen_table_column
-- ----------------------------
INSERT INTO `gen_table_column` VALUES ('1', '1', 'id', '主键id', 'varchar(50)', 'String', 'id', '1', '0', null, '1', null, null, null, 'EQ', 'input', '', '1', 'system', '2019-10-26 17:41:40', null, '2020-06-22 17:48:12');
INSERT INTO `gen_table_column` VALUES ('2', '1', 'pid', '父id', 'varchar(50)', 'String', 'pid', '0', '0', '1', '1', '1', '1', '1', 'EQ', 'input', '', '2', 'system', '2019-10-26 17:41:40', null, '2020-06-22 17:48:12');
INSERT INTO `gen_table_column` VALUES ('3', '1', 'name', '名称', 'varchar(100)', 'String', 'name', '0', '0', '1', '1', '1', '1', '1', 'LIKE', 'input', '', '3', 'system', '2019-10-26 17:41:40', null, '2020-06-22 17:48:12');
INSERT INTO `gen_table_column` VALUES ('4', '1', 'gsqy', '归属区域', 'varchar(10)', 'String', 'gsqy', '0', '0', null, '1', '1', '1', '1', 'EQ', 'input', '', '4', 'system', '2019-10-26 17:41:40', null, '2020-06-22 17:48:12');
INSERT INTO `gen_table_column` VALUES ('5', '1', 'jgdm', '机构代码', 'varchar(20)', 'String', 'jgdm', '0', '0', null, '1', '1', '1', '1', 'EQ', 'input', '', '5', 'system', '2019-10-26 17:41:40', null, '2020-06-22 17:48:12');
INSERT INTO `gen_table_column` VALUES ('6', '1', 'jglx', '机构类型', 'varchar(20)', 'String', 'jglx', '0', '0', null, '1', '1', '1', '1', 'EQ', 'input', '', '6', 'system', '2019-10-26 17:41:40', null, '2020-06-22 17:48:12');
INSERT INTO `gen_table_column` VALUES ('7', '1', 'remarks', '备注', 'varchar(255)', 'String', 'remarks', '0', '0', null, '1', '1', '1', '1', 'EQ', 'input', '', '7', 'system', '2019-10-26 17:41:40', null, '2020-06-22 17:48:12');

-- ----------------------------
-- Table structure for oa_leave
-- ----------------------------
DROP TABLE IF EXISTS `oa_leave`;
CREATE TABLE `oa_leave` (
  `id` varchar(64) NOT NULL COMMENT '主键编号',
  `proc_ins_id` varchar(64) DEFAULT NULL COMMENT '流程实例ID',
  `user_id` varchar(64) DEFAULT NULL COMMENT '用户ID',
  `office_id` varchar(64) DEFAULT NULL COMMENT '归属部门',
  `post` varchar(255) DEFAULT NULL COMMENT '岗位',
  `content` varchar(255) DEFAULT NULL COMMENT '请假原因',
  `start_time` datetime NOT NULL COMMENT '请假开始时间',
  `end_time` datetime NOT NULL COMMENT '请假结束时间',
  `create_by` varchar(64) NOT NULL COMMENT '创建者',
  `create_date` datetime NOT NULL COMMENT '创建时间',
  `update_by` varchar(64) NOT NULL COMMENT '更新者',
  `update_date` datetime NOT NULL COMMENT '更新时间',
  `remarks` varchar(255) DEFAULT NULL COMMENT '备注信息',
  `exe_date` varchar(255) DEFAULT NULL COMMENT '执行时间',
  `dept_text` varchar(255) DEFAULT NULL COMMENT '部门经理意见',
  `hr_text` varchar(255) DEFAULT NULL COMMENT 'HR意见',
  `zjl_text` varchar(255) DEFAULT NULL COMMENT '总经理意见',
  `del_flag` char(1) NOT NULL DEFAULT '0' COMMENT '删除标记',
  PRIMARY KEY (`id`),
  KEY `oa_leave_del_flag` (`del_flag`) USING BTREE
) ENGINE=InnoDB DEFAULT CHARSET=utf8mb4 COMMENT='请假审批流程表';

-- ----------------------------
-- Records of oa_leave
-- ----------------------------
INSERT INTO `oa_leave` VALUES ('44b653708c264242b9149394ee579f94', '182509', '1', '100', 'java开发工程师', '测试请假审批流程', '2021-06-28 09:00:00', '2021-06-29 18:00:00', '1', '2021-06-25 22:46:44', '14', '2021-06-25 22:48:03', '测试请假审批流程', null, '[同意] 同意', '[同意] 同意', null, '0');
INSERT INTO `oa_leave` VALUES ('52b6ba2ffe4e403387e9f7167774b189', '185022', '6', '114', '测试2', '测试2', '2021-07-05 09:00:00', '2021-07-09 18:00:00', '6', '2021-07-04 22:20:33', '14', '2021-07-04 22:21:17', '测试2', null, '[同意] 同意', '[同意] 同意', null, '0');
INSERT INTO `oa_leave` VALUES ('7ac5428a44954768896469866d955dae', '182605', '1', '100', 'java开发工程师', '测试', '2021-06-28 09:00:00', '2021-07-01 18:00:00', '1', '2021-06-25 22:56:32', '1', '2021-06-25 22:56:32', '测试', null, null, null, null, '0');
INSERT INTO `oa_leave` VALUES ('a1da955fd533434581e66c04cc11334b', '182540', '1', '100', 'java开发工程师', '测试请假大于三天的审批流程', '2021-06-28 09:00:00', '2021-07-01 18:00:00', '1', '2021-06-25 22:49:13', '4', '2021-06-25 22:52:01', '测试请假大于三天的审批流程【重新申请】', null, '[同意] 同意', '[同意] 同意', '[同意] 同意', '0');
INSERT INTO `oa_leave` VALUES ('f254988945f34190b52592524192fb5c', '185001', '5', '114', '测试', '测试', '2021-07-05 09:00:00', '2021-07-09 18:00:00', '5', '2021-07-04 22:14:14', '1', '2021-07-04 22:16:16', '测试', null, '[同意] 同意', null, null, '0');

-- ----------------------------
-- Table structure for oa_notify
-- ----------------------------
DROP TABLE IF EXISTS `oa_notify`;
CREATE TABLE `oa_notify` (
  `id` varchar(64) NOT NULL COMMENT '编号',
  `notify_type` char(1) DEFAULT NULL COMMENT '类型',
  `notify_title` varchar(200) DEFAULT NULL COMMENT '标题',
  `notify_content` varchar(5000) DEFAULT NULL COMMENT '内容',
  `files` varchar(2000) DEFAULT NULL COMMENT '附件',
  `status` char(1) DEFAULT NULL COMMENT '状态',
  `create_by` varchar(64) NOT NULL COMMENT '创建者',
  `create_time` datetime NOT NULL COMMENT '创建时间',
  `update_by` varchar(64) NOT NULL COMMENT '更新者',
  `update_time` datetime NOT NULL COMMENT '更新时间',
  `remark` varchar(255) DEFAULT NULL COMMENT '备注信息',
  `del_flag` char(1) NOT NULL DEFAULT '0' COMMENT '删除标记(0：正常；1：删除；2：审核)',
  PRIMARY KEY (`id`),
  KEY `oa_notify_del_flag` (`del_flag`) USING BTREE
) ENGINE=InnoDB DEFAULT CHARSET=utf8mb4 COMMENT='通知通告';

-- ----------------------------
-- Records of oa_notify
-- ----------------------------
INSERT INTO `oa_notify` VALUES ('1f3bf4fcad934e51b86f9ee661457b05', '4', '关于新版本上线通知', '<p><b><span style=\"font-size: 18px;\">&nbsp; &nbsp; &nbsp; &nbsp; &nbsp; &nbsp; &nbsp; &nbsp; &nbsp; &nbsp; &nbsp; &nbsp; &nbsp; &nbsp; &nbsp; &nbsp; &nbsp; &nbsp; &nbsp; &nbsp; &nbsp; &nbsp; &nbsp; &nbsp; &nbsp; &nbsp; &nbsp; &nbsp; &nbsp; &nbsp; &nbsp; &nbsp; &nbsp; &nbsp; &nbsp; &nbsp; &nbsp; &nbsp; &nbsp; &nbsp; &nbsp; &nbsp; &nbsp; &nbsp; &nbsp; &nbsp; &nbsp; &nbsp; &nbsp; &nbsp; &nbsp; &nbsp; &nbsp; &nbsp; &nbsp; &nbsp; &nbsp; &nbsp;关于新版本上线通知</span></b></p><p><span style=\"font-size: 18px;\">&nbsp; &nbsp; &nbsp; &nbsp; &nbsp; &nbsp; &nbsp; &nbsp; &nbsp; &nbsp;系统升级，升级时间于：</span><span style=\"font-size: 18px;\">2020-12-21 18:00:00进行，请各部门注意合理安排好工作！感谢您的配合！</span></p><p><b><span style=\"font-size: 18px;\"><br></span></b></p><p><br></p><p><span style=\"font-size: 18px;\"><span style=\"font-size: 14px;\">&nbsp; &nbsp; &nbsp; &nbsp; &nbsp; &nbsp; &nbsp; &nbsp; &nbsp; &nbsp; &nbsp; &nbsp; &nbsp; &nbsp; &nbsp; &nbsp; &nbsp; &nbsp; &nbsp; &nbsp; &nbsp; &nbsp; &nbsp; &nbsp; &nbsp; &nbsp; &nbsp; &nbsp; &nbsp; &nbsp; &nbsp; &nbsp; &nbsp; &nbsp; &nbsp; &nbsp; &nbsp; &nbsp; &nbsp; &nbsp; &nbsp; &nbsp; &nbsp; &nbsp; &nbsp; &nbsp; &nbsp; &nbsp; &nbsp; &nbsp; &nbsp; &nbsp; &nbsp; &nbsp; &nbsp; &nbsp; &nbsp; &nbsp; &nbsp; &nbsp; &nbsp; &nbsp; &nbsp; &nbsp; &nbsp; &nbsp; &nbsp; &nbsp; &nbsp; &nbsp; &nbsp; &nbsp; &nbsp; &nbsp; &nbsp; &nbsp; &nbsp; &nbsp; &nbsp; &nbsp; &nbsp; &nbsp; &nbsp; &nbsp; &nbsp; &nbsp; &nbsp; &nbsp; &nbsp; &nbsp; &nbsp; &nbsp; &nbsp; &nbsp; &nbsp; &nbsp; &nbsp; &nbsp; &nbsp; &nbsp; &nbsp; &nbsp; &nbsp; &nbsp; &nbsp; &nbsp; &nbsp; &nbsp; &nbsp; &nbsp; &nbsp; &nbsp; &nbsp; &nbsp; &nbsp; &nbsp; &nbsp; &nbsp; &nbsp; &nbsp; &nbsp; &nbsp; &nbsp; &nbsp; &nbsp; &nbsp; &nbsp; &nbsp; &nbsp; &nbsp; &nbsp; &nbsp; &nbsp; &nbsp; &nbsp; &nbsp; &nbsp; &nbsp; &nbsp; &nbsp; &nbsp; &nbsp; &nbsp; &nbsp; &nbsp; &nbsp; &nbsp; &nbsp; &nbsp; &nbsp; 系统管理员</span></span></p><p><span style=\"font-size: 18px;\"><span style=\"font-size: 14px;\">&nbsp; &nbsp; &nbsp; &nbsp; &nbsp; &nbsp; &nbsp; &nbsp; &nbsp; &nbsp; &nbsp; &nbsp; &nbsp; &nbsp; &nbsp; &nbsp; &nbsp; &nbsp; &nbsp; &nbsp; &nbsp; &nbsp; &nbsp; &nbsp; &nbsp; &nbsp; &nbsp; &nbsp; &nbsp; &nbsp; &nbsp; &nbsp; &nbsp; &nbsp; &nbsp; &nbsp; &nbsp; &nbsp; &nbsp; &nbsp; &nbsp; &nbsp; &nbsp; &nbsp; &nbsp; &nbsp; &nbsp; &nbsp; &nbsp; &nbsp; &nbsp; &nbsp; &nbsp; &nbsp; &nbsp; &nbsp; &nbsp; &nbsp; &nbsp; &nbsp; &nbsp; &nbsp; &nbsp; &nbsp; &nbsp; &nbsp; &nbsp; &nbsp; &nbsp; &nbsp; &nbsp; &nbsp; &nbsp; &nbsp; &nbsp; &nbsp; &nbsp; &nbsp; &nbsp; &nbsp; &nbsp; &nbsp; &nbsp; &nbsp; &nbsp; &nbsp; &nbsp; &nbsp; &nbsp; &nbsp; &nbsp; &nbsp; &nbsp; &nbsp; &nbsp; &nbsp; &nbsp; &nbsp; &nbsp; &nbsp; &nbsp; &nbsp; &nbsp; &nbsp; &nbsp; &nbsp; &nbsp; &nbsp; &nbsp; &nbsp; &nbsp; &nbsp; &nbsp; &nbsp; &nbsp; &nbsp; &nbsp; &nbsp; &nbsp; &nbsp; &nbsp; &nbsp; &nbsp; &nbsp; &nbsp; &nbsp; &nbsp; &nbsp; &nbsp; &nbsp; &nbsp; &nbsp; &nbsp; &nbsp; &nbsp; &nbsp; &nbsp; &nbsp; &nbsp; &nbsp; &nbsp; &nbsp; &nbsp; &nbsp; &nbsp; &nbsp; &nbsp; &nbsp; &nbsp; &nbsp; 2020.12.21</span></span></p>', null, '1', 'system', '2020-12-21 12:23:55', 'system', '2020-12-21 12:23:55', null, '0');
INSERT INTO `oa_notify` VALUES ('6130d536bd274753ac7440d0a09e1520', '1', '测试', '<p>通知通告 接收人 逻辑优化</p>', null, '1', 'system', '2021-06-28 16:04:13', 'system', '2021-06-28 16:04:13', null, '0');
INSERT INTO `oa_notify` VALUES ('61d351b9f34d4c70a0e565bf47a35af9', '4', '测试', '<p>测试</p>', null, '1', 'system', '2021-06-28 16:17:37', 'system', '2021-06-28 16:17:37', null, '0');
INSERT INTO `oa_notify` VALUES ('769607caf5e245f3ba3a4291649ed855', '4', '版本更新', '<p style=\"text-align: center; \"><b><span style=\"font-size: 18px;\">&nbsp;关于新版本上线通知</span></b></p><p><span style=\"font-size: 18px;\">系统升级，升级时间于：</span><span style=\"font-size: 18px;\">2021-06-05 18:00:00进行，请各部门注意合理安排好工作！感谢您的配合！</span></p><p><b><span style=\"font-size: 18px;\"><br></span></b></p><p><br></p><p><span style=\"font-size: 18px;\"><span style=\"font-size: 14px;\">&nbsp; &nbsp; &nbsp; &nbsp; &nbsp; &nbsp; &nbsp; &nbsp; &nbsp; &nbsp; &nbsp; &nbsp; &nbsp; &nbsp; &nbsp; &nbsp; &nbsp; &nbsp; &nbsp; &nbsp; &nbsp; &nbsp; &nbsp; &nbsp; &nbsp; &nbsp; &nbsp; &nbsp; &nbsp; &nbsp; &nbsp; &nbsp; &nbsp; &nbsp; &nbsp; &nbsp; &nbsp; &nbsp; &nbsp; &nbsp; &nbsp; &nbsp; &nbsp; &nbsp; &nbsp; &nbsp; &nbsp; &nbsp; &nbsp; &nbsp; &nbsp; &nbsp; &nbsp; &nbsp; &nbsp; &nbsp; &nbsp; &nbsp; &nbsp; &nbsp; &nbsp; &nbsp; &nbsp; &nbsp; &nbsp; &nbsp; &nbsp; &nbsp; &nbsp; &nbsp; &nbsp; &nbsp; &nbsp; &nbsp; &nbsp; &nbsp; &nbsp; &nbsp; &nbsp; &nbsp; &nbsp; &nbsp; &nbsp; &nbsp; &nbsp; &nbsp; &nbsp; &nbsp; &nbsp; &nbsp; &nbsp; &nbsp; &nbsp; &nbsp; &nbsp; &nbsp; &nbsp; &nbsp; &nbsp; &nbsp; &nbsp; &nbsp; &nbsp; &nbsp; &nbsp; &nbsp; &nbsp; &nbsp; &nbsp; &nbsp; &nbsp; &nbsp; &nbsp; &nbsp; &nbsp; &nbsp; &nbsp; &nbsp; &nbsp; &nbsp; &nbsp; &nbsp; &nbsp; &nbsp; &nbsp; &nbsp; &nbsp; &nbsp; &nbsp; &nbsp; &nbsp; &nbsp; &nbsp; &nbsp; &nbsp; &nbsp; &nbsp; &nbsp; &nbsp; &nbsp; &nbsp; &nbsp; &nbsp; &nbsp; &nbsp; &nbsp; &nbsp; &nbsp; &nbsp; &nbsp; 系统管理员</span></span></p><p><span style=\"font-size: 18px;\"><span style=\"font-size: 14px;\">&nbsp; &nbsp; &nbsp; &nbsp; &nbsp; &nbsp; &nbsp; &nbsp; &nbsp; &nbsp; &nbsp; &nbsp; &nbsp; &nbsp; &nbsp; &nbsp; &nbsp; &nbsp; &nbsp; &nbsp; &nbsp; &nbsp; &nbsp; &nbsp; &nbsp; &nbsp; &nbsp; &nbsp; &nbsp; &nbsp; &nbsp; &nbsp; &nbsp; &nbsp; &nbsp; &nbsp; &nbsp; &nbsp; &nbsp; &nbsp; &nbsp; &nbsp; &nbsp; &nbsp; &nbsp; &nbsp; &nbsp; &nbsp; &nbsp; &nbsp; &nbsp; &nbsp; &nbsp; &nbsp; &nbsp; &nbsp; &nbsp; &nbsp; &nbsp; &nbsp; &nbsp; &nbsp; &nbsp; &nbsp; &nbsp; &nbsp; &nbsp; &nbsp; &nbsp; &nbsp; &nbsp; &nbsp; &nbsp; &nbsp; &nbsp; &nbsp; &nbsp; &nbsp; &nbsp; &nbsp; &nbsp; &nbsp; &nbsp; &nbsp; &nbsp; &nbsp; &nbsp; &nbsp; &nbsp; &nbsp; &nbsp; &nbsp; &nbsp; &nbsp; &nbsp; &nbsp; &nbsp; &nbsp; &nbsp; &nbsp; &nbsp; &nbsp; &nbsp; &nbsp; &nbsp; &nbsp; &nbsp; &nbsp; &nbsp; &nbsp; &nbsp; &nbsp; &nbsp; &nbsp; &nbsp; &nbsp; &nbsp; &nbsp; &nbsp; &nbsp; &nbsp; &nbsp; &nbsp; &nbsp; &nbsp; &nbsp; &nbsp; &nbsp; &nbsp; &nbsp; &nbsp; &nbsp; &nbsp; &nbsp; &nbsp; &nbsp; &nbsp; &nbsp; &nbsp; &nbsp; &nbsp; &nbsp; &nbsp; &nbsp; &nbsp; &nbsp; &nbsp; &nbsp; &nbsp; &nbsp; 2021.06.04</span></span></p>', null, '1', 'system', '2021-06-04 22:23:39', 'system', '2021-06-04 22:23:39', null, '0');
INSERT INTO `oa_notify` VALUES ('8627cfb97e3742a289b643241de56f26', '4', '测试', '<p>测试</p>', null, '1', 'system', '2021-06-28 18:12:51', 'system', '2021-06-28 18:12:51', null, '0');
INSERT INTO `oa_notify` VALUES ('ff0ce9b990634f71b40a0d9678242c59', '5', '国务院办公厅关于2021年（部分节假日安排的通知）', '<p>&nbsp; &nbsp; &nbsp; &nbsp; &nbsp; &nbsp; &nbsp; &nbsp; &nbsp; &nbsp; &nbsp; &nbsp; &nbsp; &nbsp; &nbsp; &nbsp; &nbsp; &nbsp; &nbsp; &nbsp; &nbsp; &nbsp; &nbsp; &nbsp; &nbsp; &nbsp; &nbsp; &nbsp; &nbsp; &nbsp; &nbsp; &nbsp; &nbsp; &nbsp; &nbsp; &nbsp; &nbsp; &nbsp; &nbsp; &nbsp; &nbsp; &nbsp; &nbsp; &nbsp; &nbsp; &nbsp; &nbsp; &nbsp; &nbsp; &nbsp; &nbsp; &nbsp; &nbsp; &nbsp; &nbsp; &nbsp; &nbsp; &nbsp; &nbsp; &nbsp; &nbsp; &nbsp; &nbsp; &nbsp; &nbsp; &nbsp; &nbsp; &nbsp; &nbsp; &nbsp; &nbsp; <span style=\"font-size: 18px;\"><b>&nbsp; 关于2021年春节放假通知</b></span></p><p><span style=\"color: rgb(51, 51, 51); font-family: 宋体; font-size: 16px; text-align: justify; text-indent: 32px;\">&nbsp; 经国务院批准，现将2021年元旦、春节、清明节、劳动节、端午节、中秋节和国庆节放假调休日期的具体安排通知如下。</span></p><p align=\"\" style=\"margin-right: auto; margin-bottom: 0px; margin-left: auto; padding: 0px; color: rgb(51, 51, 51); font-family: 宋体; font-size: 16px; text-align: justify; text-indent: 2em;\"><span style=\"margin: 0px; padding: 0px; font-weight: bold;\">一、元旦：</span>2021年1月1日至3日放假，共3天。</p><p align=\"\" style=\"margin-right: auto; margin-bottom: 0px; margin-left: auto; padding: 0px; color: rgb(51, 51, 51); font-family: 宋体; font-size: 16px; text-align: justify; text-indent: 2em;\"><span style=\"margin: 0px; padding: 0px; font-weight: bold;\">二、春节：</span>2月11日至17日放假调休，共7天。2月7日（星期日）、2月20日（星期六）上班。</p><p align=\"\" style=\"margin-right: auto; margin-bottom: 0px; margin-left: auto; padding: 0px; color: rgb(51, 51, 51); font-family: 宋体; font-size: 16px; text-align: justify; text-indent: 2em;\"><span style=\"margin: 0px; padding: 0px; font-weight: bold;\">三、清明节：</span>4月3日至5日放假调休，共3天。</p><p align=\"\" style=\"margin-right: auto; margin-bottom: 0px; margin-left: auto; padding: 0px; color: rgb(51, 51, 51); font-family: 宋体; font-size: 16px; text-align: justify; text-indent: 2em;\"><span style=\"margin: 0px; padding: 0px; font-weight: bold;\">四、劳动节：</span>5月1日至5日放假调休，共5天。4月25日（星期日）、5月8日（星期六）上班。</p><p align=\"\" style=\"margin-right: auto; margin-bottom: 0px; margin-left: auto; padding: 0px; color: rgb(51, 51, 51); font-family: 宋体; font-size: 16px; text-align: justify; text-indent: 2em;\"><span style=\"margin: 0px; padding: 0px; font-weight: bold;\">五、端午节：</span>6月12日至14日放假，共3天。</p><p align=\"\" style=\"margin-right: auto; margin-bottom: 0px; margin-left: auto; padding: 0px; color: rgb(51, 51, 51); font-family: 宋体; font-size: 16px; text-align: justify; text-indent: 2em;\"><span style=\"margin: 0px; padding: 0px; font-weight: bold;\">六、中秋节：</span>9月19日至21日放假调休，共3天。9月18日（星期六）上班。</p><p align=\"\" style=\"margin-right: auto; margin-bottom: 0px; margin-left: auto; padding: 0px; color: rgb(51, 51, 51); font-family: 宋体; font-size: 16px; text-align: justify; text-indent: 2em;\"><span style=\"margin: 0px; padding: 0px; font-weight: bold;\">七、国庆节：</span>10月1日至7日放假调休，共7天。9月26日（星期日）、10月9日（星期六）上班。</p><p align=\"\" style=\"margin-right: auto; margin-bottom: 0px; margin-left: auto; padding: 0px; color: rgb(51, 51, 51); font-family: 宋体; font-size: 16px; text-align: justify; text-indent: 2em;\"><span style=\"margin: 0px; padding: 0px; text-indent: 2em;\">节假日期间，各地区、各部门要妥善安排好值班和安全、保卫等工作，遇有重大突发事件，要按规定及时报告并妥善处置，确保人民群众祥和平安度过节日假期。</span></p><p style=\"margin-right: auto; margin-bottom: 0px; margin-left: auto; padding: 0px 94.8958px 0px 0px; color: rgb(51, 51, 51); font-family: 宋体; font-size: 16px; text-align: right;\">国务院办公厅</p><p style=\"margin-right: auto; margin-bottom: 0px; margin-left: auto; padding: 0px 84.5px 0px 0px; color: rgb(51, 51, 51); font-family: 宋体; font-size: 16px; text-align: right;\">2020年11月25日</p>', null, '1', 'system', '2020-12-20 19:47:50', 'system', '2020-12-20 19:47:50', null, '0');
INSERT INTO `oa_notify` VALUES ('ff68c5da85404b01a39b93f6cfea1ace', '1', '测试', '<p>优化接收人选中子节点的同时父节点也全部选中</p>', null, '1', 'system', '2021-06-27 23:19:24', 'system', '2021-06-27 23:19:24', null, '0');

-- ----------------------------
-- Table structure for oa_notify_record
-- ----------------------------
DROP TABLE IF EXISTS `oa_notify_record`;
CREATE TABLE `oa_notify_record` (
  `id` varchar(64) NOT NULL COMMENT '编号',
  `notify_id` varchar(64) DEFAULT NULL COMMENT '通知通告ID',
  `user_id` varchar(64) DEFAULT NULL COMMENT '接受人',
  `read_flag` char(1) DEFAULT '0' COMMENT '阅读标记',
  `read_date` date DEFAULT NULL COMMENT '阅读时间',
  PRIMARY KEY (`id`),
  KEY `oa_notify_record_notify_id` (`notify_id`) USING BTREE,
  KEY `oa_notify_record_user_id` (`user_id`) USING BTREE,
  KEY `oa_notify_record_read_flag` (`read_flag`) USING BTREE
) ENGINE=InnoDB DEFAULT CHARSET=utf8mb4 COMMENT='通知通告发送记录';

-- ----------------------------
-- Records of oa_notify_record
-- ----------------------------
INSERT INTO `oa_notify_record` VALUES ('0aed096b8aa94b79bf2ac33b42cac1da', 'ff0ce9b990634f71b40a0d9678242c59', '13', '0', null);
INSERT INTO `oa_notify_record` VALUES ('0d24cda4d0e74fe485706140038fc840', 'ff68c5da85404b01a39b93f6cfea1ace', '7', '0', null);
INSERT INTO `oa_notify_record` VALUES ('0fad2feb3edc4cd69db176c1e0c20833', 'ff0ce9b990634f71b40a0d9678242c59', '2', '1', '2020-12-21');
INSERT INTO `oa_notify_record` VALUES ('126a5134dbaf4f14843248574e535381', '61d351b9f34d4c70a0e565bf47a35af9', '6', '0', null);
INSERT INTO `oa_notify_record` VALUES ('1489c075d9de4c308b56a1c79fd1d7e6', '8627cfb97e3742a289b643241de56f26', '1', '0', null);
INSERT INTO `oa_notify_record` VALUES ('17944460e7d94510ab34062f4e673b49', '6130d536bd274753ac7440d0a09e1520', '4', '0', null);
INSERT INTO `oa_notify_record` VALUES ('202e56763bc2454db88c7939f54d366a', 'ff68c5da85404b01a39b93f6cfea1ace', '4', '0', null);
INSERT INTO `oa_notify_record` VALUES ('2723d6bfa3604d3481c77355123fdf78', '1f3bf4fcad934e51b86f9ee661457b05', '7', '0', null);
INSERT INTO `oa_notify_record` VALUES ('2c2b20eb3e8840c6bb21dad87a32324f', '769607caf5e245f3ba3a4291649ed855', '6', '0', null);
INSERT INTO `oa_notify_record` VALUES ('37903026a72045ebb19410570f66186c', 'ff0ce9b990634f71b40a0d9678242c59', '11', '0', null);
INSERT INTO `oa_notify_record` VALUES ('4110db549af84c6694e898a96a2c3d33', 'ff68c5da85404b01a39b93f6cfea1ace', '8', '0', null);
INSERT INTO `oa_notify_record` VALUES ('43354c9bbaea4119a5ebb0b74529ce19', 'ff0ce9b990634f71b40a0d9678242c59', '8', '0', null);
INSERT INTO `oa_notify_record` VALUES ('4bcf94dc9d054785bbda8f997df6231b', 'ff0ce9b990634f71b40a0d9678242c59', '5', '0', null);
INSERT INTO `oa_notify_record` VALUES ('4cd2ae40fad345d1a60889dc7551fc3e', '1f3bf4fcad934e51b86f9ee661457b05', '1', '1', '2021-06-04');
INSERT INTO `oa_notify_record` VALUES ('4d002759255c4d7ea0cac950f5f3125d', '61d351b9f34d4c70a0e565bf47a35af9', '5', '0', null);
INSERT INTO `oa_notify_record` VALUES ('4ed405bbc0b0445a85b128f830c07d49', '1f3bf4fcad934e51b86f9ee661457b05', '4', '0', null);
INSERT INTO `oa_notify_record` VALUES ('564c97f06ba345b1918044ecf1222aa8', '1f3bf4fcad934e51b86f9ee661457b05', '3', '0', null);
INSERT INTO `oa_notify_record` VALUES ('5793c59bf64e437d9277dac188d3fc70', '769607caf5e245f3ba3a4291649ed855', '1', '0', null);
INSERT INTO `oa_notify_record` VALUES ('5a65da51f41f47c2955a4a4416901ace', '769607caf5e245f3ba3a4291649ed855', '10', '0', null);
INSERT INTO `oa_notify_record` VALUES ('5b99ccbd570149428459262d730adffc', '769607caf5e245f3ba3a4291649ed855', '5', '0', null);
INSERT INTO `oa_notify_record` VALUES ('5f368a21faba4b288583f325f18e83dd', 'ff0ce9b990634f71b40a0d9678242c59', '1', '1', '2020-12-20');
INSERT INTO `oa_notify_record` VALUES ('622dfecfce8541df8a1206f256a35677', '8627cfb97e3742a289b643241de56f26', '14', '0', null);
INSERT INTO `oa_notify_record` VALUES ('690a41d2d961496db595decb61b08015', '8627cfb97e3742a289b643241de56f26', '9', '0', null);
INSERT INTO `oa_notify_record` VALUES ('69353add8b9a4ee480e02d2052b4d5af', 'ff0ce9b990634f71b40a0d9678242c59', '10', '0', null);
INSERT INTO `oa_notify_record` VALUES ('6a9e6ef7a35c49b78093df3b48d13f77', '769607caf5e245f3ba3a4291649ed855', '13', '0', null);
INSERT INTO `oa_notify_record` VALUES ('6b2d1d7e57e84d90b8a41810702d61ba', 'ff0ce9b990634f71b40a0d9678242c59', '9', '0', null);
INSERT INTO `oa_notify_record` VALUES ('7255f8e75c9548bf8021af669f2133c6', '6130d536bd274753ac7440d0a09e1520', '8', '0', null);
INSERT INTO `oa_notify_record` VALUES ('737e5ecbdb17485aa796b58dfc239740', 'ff0ce9b990634f71b40a0d9678242c59', '14', '1', '2021-06-12');
INSERT INTO `oa_notify_record` VALUES ('760ca79ad7974ca691e909e20f07294e', '8627cfb97e3742a289b643241de56f26', '4', '0', null);
INSERT INTO `oa_notify_record` VALUES ('798335c59c924c4da832e15d583a857d', '1f3bf4fcad934e51b86f9ee661457b05', '9', '0', null);
INSERT INTO `oa_notify_record` VALUES ('8468c0562b3543a3ae59edef53c8a07e', 'ff0ce9b990634f71b40a0d9678242c59', '7', '0', null);
INSERT INTO `oa_notify_record` VALUES ('888fe020054448558e537451372be9d7', '1f3bf4fcad934e51b86f9ee661457b05', '14', '0', null);
INSERT INTO `oa_notify_record` VALUES ('8a2629f16f3f4b38b79841a0a4b66299', '61d351b9f34d4c70a0e565bf47a35af9', '14', '0', null);
INSERT INTO `oa_notify_record` VALUES ('8cdc6b83a4014a93a0196887f2696c5f', '1f3bf4fcad934e51b86f9ee661457b05', '8', '0', null);
INSERT INTO `oa_notify_record` VALUES ('8e766b0a3efd4d9bacad6b495e6f7db2', '1f3bf4fcad934e51b86f9ee661457b05', '2', '0', null);
INSERT INTO `oa_notify_record` VALUES ('945a2755f4f24a8cb7f92c67cd240da9', '769607caf5e245f3ba3a4291649ed855', '4', '0', null);
INSERT INTO `oa_notify_record` VALUES ('966b0355814949fc9954d52b508e4df6', '1f3bf4fcad934e51b86f9ee661457b05', '10', '0', null);
INSERT INTO `oa_notify_record` VALUES ('96dfe4d8db394837b747addba2209c2f', '1f3bf4fcad934e51b86f9ee661457b05', '6', '0', null);
INSERT INTO `oa_notify_record` VALUES ('9b52eaa6fb894f50b97f256b3484d01f', 'ff68c5da85404b01a39b93f6cfea1ace', '9', '0', null);
INSERT INTO `oa_notify_record` VALUES ('9be3e9111dea4d7cb2caad557f91c806', 'ff0ce9b990634f71b40a0d9678242c59', '12', '0', null);
INSERT INTO `oa_notify_record` VALUES ('a2e83b9e36b944cfbe53f775065d930e', '769607caf5e245f3ba3a4291649ed855', '11', '0', null);
INSERT INTO `oa_notify_record` VALUES ('bb3574617e034e389d4b7e856ddaeffd', '769607caf5e245f3ba3a4291649ed855', '7', '0', null);
INSERT INTO `oa_notify_record` VALUES ('bccdc2b5c4c647829fce8f0180f12bc0', '61d351b9f34d4c70a0e565bf47a35af9', '2', '0', null);
INSERT INTO `oa_notify_record` VALUES ('bd6f8812629f4b65af03d7e3da7dfc91', '769607caf5e245f3ba3a4291649ed855', '14', '0', null);
INSERT INTO `oa_notify_record` VALUES ('bf644286c6be4a189e85cb0e5b5a5cfd', '6130d536bd274753ac7440d0a09e1520', '7', '0', null);
INSERT INTO `oa_notify_record` VALUES ('c3a285403cb34fa3a724215b7047ccb7', '1f3bf4fcad934e51b86f9ee661457b05', '13', '0', null);
INSERT INTO `oa_notify_record` VALUES ('c8837bc1784445ecbc4735301f0a6f04', '769607caf5e245f3ba3a4291649ed855', '9', '0', null);
INSERT INTO `oa_notify_record` VALUES ('d2f0c6acf7034f7eb570be1230446c46', 'ff68c5da85404b01a39b93f6cfea1ace', '1', '0', null);
INSERT INTO `oa_notify_record` VALUES ('d82c7d7e41ea4a0a8ff25ec715808c24', '1f3bf4fcad934e51b86f9ee661457b05', '11', '0', null);
INSERT INTO `oa_notify_record` VALUES ('d87b11cea32d47dc80933e8bc2aa568d', '769607caf5e245f3ba3a4291649ed855', '8', '0', null);
INSERT INTO `oa_notify_record` VALUES ('dd2e787f9bf04501b1d07e46e5ed6177', 'ff0ce9b990634f71b40a0d9678242c59', '6', '0', null);
INSERT INTO `oa_notify_record` VALUES ('dd7b83ab4bc842eea747ee031302db98', '61d351b9f34d4c70a0e565bf47a35af9', '3', '0', null);
INSERT INTO `oa_notify_record` VALUES ('deeda09033f14eb599c16cce1ea7e5a1', '1f3bf4fcad934e51b86f9ee661457b05', '12', '0', null);
INSERT INTO `oa_notify_record` VALUES ('e3d9e2bc284f4a87b2b5cb89dbfaf6ee', 'ff0ce9b990634f71b40a0d9678242c59', '4', '0', null);
INSERT INTO `oa_notify_record` VALUES ('ea29c5fb30f34879800448b274f71ba1', '769607caf5e245f3ba3a4291649ed855', '12', '0', null);
INSERT INTO `oa_notify_record` VALUES ('ee4ee7cf305c41e9838170eb8f54cf23', 'ff0ce9b990634f71b40a0d9678242c59', '3', '1', '2020-12-21');
INSERT INTO `oa_notify_record` VALUES ('efe47c2253bb4ecfaaec58ef92653c68', '769607caf5e245f3ba3a4291649ed855', '2', '0', null);
INSERT INTO `oa_notify_record` VALUES ('f149a2d083bd4122a083bc7413b4656f', '769607caf5e245f3ba3a4291649ed855', '3', '0', null);
INSERT INTO `oa_notify_record` VALUES ('ffd4c9fd25e346fea25c696db231486d', '1f3bf4fcad934e51b86f9ee661457b05', '5', '0', null);

-- ----------------------------
-- Table structure for qrtz_blob_triggers
-- ----------------------------
DROP TABLE IF EXISTS `qrtz_blob_triggers`;
CREATE TABLE `qrtz_blob_triggers` (
  `sched_name` varchar(120) NOT NULL COMMENT '调度名称',
  `trigger_name` varchar(200) NOT NULL COMMENT 'qrtz_triggers表trigger_name的外键',
  `trigger_group` varchar(200) NOT NULL COMMENT 'qrtz_triggers表trigger_group的外键',
  `blob_data` blob COMMENT '存放持久化Trigger对象',
  PRIMARY KEY (`sched_name`,`trigger_name`,`trigger_group`) USING BTREE,
  CONSTRAINT `qrtz_blob_triggers_ibfk_1` FOREIGN KEY (`sched_name`, `trigger_name`, `trigger_group`) REFERENCES `qrtz_triggers` (`sched_name`, `trigger_name`, `trigger_group`)
) ENGINE=InnoDB DEFAULT CHARSET=utf8mb4 COMMENT='Blob类型的触发器表';

-- ----------------------------
-- Records of qrtz_blob_triggers
-- ----------------------------

-- ----------------------------
-- Table structure for qrtz_calendars
-- ----------------------------
DROP TABLE IF EXISTS `qrtz_calendars`;
CREATE TABLE `qrtz_calendars` (
  `sched_name` varchar(120) NOT NULL COMMENT '调度名称',
  `calendar_name` varchar(200) NOT NULL COMMENT '日历名称',
  `calendar` blob NOT NULL COMMENT '存放持久化calendar对象',
  PRIMARY KEY (`sched_name`,`calendar_name`) USING BTREE
) ENGINE=InnoDB DEFAULT CHARSET=utf8mb4 COMMENT='日历信息表';

-- ----------------------------
-- Records of qrtz_calendars
-- ----------------------------

-- ----------------------------
-- Table structure for qrtz_cron_triggers
-- ----------------------------
DROP TABLE IF EXISTS `qrtz_cron_triggers`;
CREATE TABLE `qrtz_cron_triggers` (
  `sched_name` varchar(120) NOT NULL COMMENT '调度名称',
  `trigger_name` varchar(200) NOT NULL COMMENT 'qrtz_triggers表trigger_name的外键',
  `trigger_group` varchar(200) NOT NULL COMMENT 'qrtz_triggers表trigger_group的外键',
  `cron_expression` varchar(200) NOT NULL COMMENT 'cron表达式',
  `time_zone_id` varchar(80) DEFAULT NULL COMMENT '时区',
  PRIMARY KEY (`sched_name`,`trigger_name`,`trigger_group`) USING BTREE,
  CONSTRAINT `qrtz_cron_triggers_ibfk_1` FOREIGN KEY (`sched_name`, `trigger_name`, `trigger_group`) REFERENCES `qrtz_triggers` (`sched_name`, `trigger_name`, `trigger_group`)
) ENGINE=InnoDB DEFAULT CHARSET=utf8mb4 COMMENT='Cron类型的触发器表';

-- ----------------------------
-- Records of qrtz_cron_triggers
-- ----------------------------
INSERT INTO `qrtz_cron_triggers` VALUES ('ZhglxtScheduler', 'TASK_CLASS_NAME1', 'DEFAULT', '0/10 * * * * ?', 'Asia/Shanghai');
INSERT INTO `qrtz_cron_triggers` VALUES ('ZhglxtScheduler', 'TASK_CLASS_NAME2', 'DEFAULT', '0/15 * * * * ?', 'Asia/Shanghai');
INSERT INTO `qrtz_cron_triggers` VALUES ('ZhglxtScheduler', 'TASK_CLASS_NAME3', 'DEFAULT', '0/20 * * * * ?', 'Asia/Shanghai');

-- ----------------------------
-- Table structure for qrtz_fired_triggers
-- ----------------------------
DROP TABLE IF EXISTS `qrtz_fired_triggers`;
CREATE TABLE `qrtz_fired_triggers` (
  `sched_name` varchar(120) NOT NULL COMMENT '调度名称',
  `entry_id` varchar(95) NOT NULL COMMENT '调度器实例id',
  `trigger_name` varchar(200) NOT NULL COMMENT 'qrtz_triggers表trigger_name的外键',
  `trigger_group` varchar(200) NOT NULL COMMENT 'qrtz_triggers表trigger_group的外键',
  `instance_name` varchar(200) NOT NULL COMMENT '调度器实例名',
  `fired_time` bigint(13) NOT NULL COMMENT '触发的时间',
  `sched_time` bigint(13) NOT NULL COMMENT '定时器制定的时间',
  `priority` int(11) NOT NULL COMMENT '优先级',
  `state` varchar(16) NOT NULL COMMENT '状态',
  `job_name` varchar(200) DEFAULT NULL COMMENT '任务名称',
  `job_group` varchar(200) DEFAULT NULL COMMENT '任务组名',
  `is_nonconcurrent` varchar(1) DEFAULT NULL COMMENT '是否并发',
  `requests_recovery` varchar(1) DEFAULT NULL COMMENT '是否接受恢复执行',
  PRIMARY KEY (`sched_name`,`entry_id`) USING BTREE
) ENGINE=InnoDB DEFAULT CHARSET=utf8mb4 COMMENT='已触发的触发器表';

-- ----------------------------
-- Records of qrtz_fired_triggers
-- ----------------------------

-- ----------------------------
-- Table structure for qrtz_job_details
-- ----------------------------
DROP TABLE IF EXISTS `qrtz_job_details`;
CREATE TABLE `qrtz_job_details` (
  `sched_name` varchar(120) NOT NULL COMMENT '调度名称',
  `job_name` varchar(200) NOT NULL COMMENT '任务名称',
  `job_group` varchar(200) NOT NULL COMMENT '任务组名',
  `description` varchar(250) DEFAULT NULL COMMENT '相关介绍',
  `job_class_name` varchar(250) NOT NULL COMMENT '执行任务类名称',
  `is_durable` varchar(1) NOT NULL COMMENT '是否持久化',
  `is_nonconcurrent` varchar(1) NOT NULL COMMENT '是否并发',
  `is_update_data` varchar(1) NOT NULL COMMENT '是否更新数据',
  `requests_recovery` varchar(1) NOT NULL COMMENT '是否接受恢复执行',
  `job_data` blob COMMENT '存放持久化job对象',
  PRIMARY KEY (`sched_name`,`job_name`,`job_group`) USING BTREE
) ENGINE=InnoDB DEFAULT CHARSET=utf8mb4 COMMENT='任务详细信息表';

-- ----------------------------
-- Records of qrtz_job_details
-- ----------------------------
INSERT INTO `qrtz_job_details` VALUES ('ZhglxtScheduler', 'TASK_CLASS_NAME1', 'DEFAULT', null, 'com.zhglxt.quartz.util.QuartzDisallowConcurrentExecution', '0', '1', '0', '0', 0xACED0005737200156F72672E71756172747A2E4A6F62446174614D61709FB083E8BFA9B0CB020000787200266F72672E71756172747A2E7574696C732E537472696E674B65794469727479466C61674D61708208E8C3FBC55D280200015A0013616C6C6F77735472616E7369656E74446174617872001D6F72672E71756172747A2E7574696C732E4469727479466C61674D617013E62EAD28760ACE0200025A000564697274794C00036D617074000F4C6A6176612F7574696C2F4D61703B787001737200116A6176612E7574696C2E486173684D61700507DAC1C31660D103000246000A6C6F6164466163746F724900097468726573686F6C6478703F4000000000000C7708000000100000000174000F5441534B5F50524F504552544945537372001F636F6D2E7A68676C78742E71756172747A2E656E746974792E5379734A6F6200000000000000010200084C000A636F6E63757272656E747400124C6A6176612F6C616E672F537472696E673B4C000E63726F6E45787072657373696F6E71007E00094C000C696E766F6B6554617267657471007E00094C00086A6F6247726F757071007E00094C00056A6F62496471007E00094C00076A6F624E616D6571007E00094C000D6D697366697265506F6C69637971007E00094C000673746174757371007E000978720028636F6D2E7A68676C78742E636F6D6D6F6E2E636F72652E656E746974792E42617365456E7469747900000000000000010200074C0008637265617465427971007E00094C000A63726561746554696D657400104C6A6176612F7574696C2F446174653B4C0006706172616D7371007E00034C000672656D61726B71007E00094C000B73656172636856616C756571007E00094C0008757064617465427971007E00094C000A75706461746554696D6571007E000B787074000561646D696E7372000E6A6176612E7574696C2E44617465686A81014B59741903000078707708000001622CDE29E07870740027302F3130202A202A202A202A203F20E6AF8FE99A94E58D81E7A792E689A7E8A18CE4B880E6ACA17070707400013174000E302F3130202A202A202A202A203F7400137A68676C78745461736B2E6E6F506172616D7374000744454641554C5474000131740018E7B3BBE7BB9FE9BB98E8AEA4EFBC88E697A0E58F82EFBC8974000133740001317800);
INSERT INTO `qrtz_job_details` VALUES ('ZhglxtScheduler', 'TASK_CLASS_NAME2', 'DEFAULT', null, 'com.zhglxt.quartz.util.QuartzDisallowConcurrentExecution', '0', '1', '0', '0', 0xACED0005737200156F72672E71756172747A2E4A6F62446174614D61709FB083E8BFA9B0CB020000787200266F72672E71756172747A2E7574696C732E537472696E674B65794469727479466C61674D61708208E8C3FBC55D280200015A0013616C6C6F77735472616E7369656E74446174617872001D6F72672E71756172747A2E7574696C732E4469727479466C61674D617013E62EAD28760ACE0200025A000564697274794C00036D617074000F4C6A6176612F7574696C2F4D61703B787001737200116A6176612E7574696C2E486173684D61700507DAC1C31660D103000246000A6C6F6164466163746F724900097468726573686F6C6478703F4000000000000C7708000000100000000174000F5441534B5F50524F504552544945537372001F636F6D2E7A68676C78742E71756172747A2E656E746974792E5379734A6F6200000000000000010200084C000A636F6E63757272656E747400124C6A6176612F6C616E672F537472696E673B4C000E63726F6E45787072657373696F6E71007E00094C000C696E766F6B6554617267657471007E00094C00086A6F6247726F757071007E00094C00056A6F62496471007E00094C00076A6F624E616D6571007E00094C000D6D697366697265506F6C69637971007E00094C000673746174757371007E000978720028636F6D2E7A68676C78742E636F6D6D6F6E2E636F72652E656E746974792E42617365456E7469747900000000000000010200074C0008637265617465427971007E00094C000A63726561746554696D657400104C6A6176612F7574696C2F446174653B4C0006706172616D7371007E00034C000672656D61726B71007E00094C000B73656172636856616C756571007E00094C0008757064617465427971007E00094C000A75706461746554696D6571007E000B787074000561646D696E7372000E6A6176612E7574696C2E44617465686A81014B59741903000078707708000001622CDE29E078707400007070707400013174000E302F3135202A202A202A202A203F74001B7A68676C78745461736B2E706172616D7328277A68676C7874272974000744454641554C5474000132740018E7B3BBE7BB9FE9BB98E8AEA4EFBC88E69C89E58F82EFBC8974000133740001317800);
INSERT INTO `qrtz_job_details` VALUES ('ZhglxtScheduler', 'TASK_CLASS_NAME3', 'DEFAULT', null, 'com.zhglxt.quartz.util.QuartzDisallowConcurrentExecution', '0', '1', '0', '0', 0xACED0005737200156F72672E71756172747A2E4A6F62446174614D61709FB083E8BFA9B0CB020000787200266F72672E71756172747A2E7574696C732E537472696E674B65794469727479466C61674D61708208E8C3FBC55D280200015A0013616C6C6F77735472616E7369656E74446174617872001D6F72672E71756172747A2E7574696C732E4469727479466C61674D617013E62EAD28760ACE0200025A000564697274794C00036D617074000F4C6A6176612F7574696C2F4D61703B787001737200116A6176612E7574696C2E486173684D61700507DAC1C31660D103000246000A6C6F6164466163746F724900097468726573686F6C6478703F4000000000000C7708000000100000000174000F5441534B5F50524F504552544945537372001F636F6D2E7A68676C78742E71756172747A2E656E746974792E5379734A6F6200000000000000010200084C000A636F6E63757272656E747400124C6A6176612F6C616E672F537472696E673B4C000E63726F6E45787072657373696F6E71007E00094C000C696E766F6B6554617267657471007E00094C00086A6F6247726F757071007E00094C00056A6F62496471007E00094C00076A6F624E616D6571007E00094C000D6D697366697265506F6C69637971007E00094C000673746174757371007E000978720028636F6D2E7A68676C78742E636F6D6D6F6E2E636F72652E656E746974792E42617365456E7469747900000000000000010200074C0008637265617465427971007E00094C000A63726561746554696D657400104C6A6176612F7574696C2F446174653B4C0006706172616D7371007E00034C000672656D61726B71007E00094C000B73656172636856616C756571007E00094C0008757064617465427971007E00094C000A75706461746554696D6571007E000B787074000561646D696E7372000E6A6176612E7574696C2E44617465686A81014B59741903000078707708000001622CDE29E078707400007070707400013174000E302F3230202A202A202A202A203F74003E7A68676C78745461736B2E6D756C7469706C65506172616D7328277A68676C7874272C20747275652C20323030304C2C203331362E3530442C203130302974000744454641554C5474000133740018E7B3BBE7BB9FE9BB98E8AEA4EFBC88E5A49AE58F82EFBC8974000133740001317800);

-- ----------------------------
-- Table structure for qrtz_locks
-- ----------------------------
DROP TABLE IF EXISTS `qrtz_locks`;
CREATE TABLE `qrtz_locks` (
  `sched_name` varchar(120) NOT NULL COMMENT '调度名称',
  `lock_name` varchar(40) NOT NULL COMMENT '悲观锁名称',
  PRIMARY KEY (`sched_name`,`lock_name`) USING BTREE
) ENGINE=InnoDB DEFAULT CHARSET=utf8mb4 COMMENT='存储的悲观锁信息表';

-- ----------------------------
-- Records of qrtz_locks
-- ----------------------------
INSERT INTO `qrtz_locks` VALUES ('ZhglxtScheduler', 'STATE_ACCESS');
INSERT INTO `qrtz_locks` VALUES ('ZhglxtScheduler', 'TRIGGER_ACCESS');

-- ----------------------------
-- Table structure for qrtz_paused_trigger_grps
-- ----------------------------
DROP TABLE IF EXISTS `qrtz_paused_trigger_grps`;
CREATE TABLE `qrtz_paused_trigger_grps` (
  `sched_name` varchar(120) NOT NULL COMMENT '调度名称',
  `trigger_group` varchar(200) NOT NULL COMMENT 'qrtz_triggers表trigger_group的外键',
  PRIMARY KEY (`sched_name`,`trigger_group`) USING BTREE
) ENGINE=InnoDB DEFAULT CHARSET=utf8mb4 COMMENT='暂停的触发器表';

-- ----------------------------
-- Records of qrtz_paused_trigger_grps
-- ----------------------------

-- ----------------------------
-- Table structure for qrtz_scheduler_state
-- ----------------------------
DROP TABLE IF EXISTS `qrtz_scheduler_state`;
CREATE TABLE `qrtz_scheduler_state` (
  `sched_name` varchar(120) NOT NULL COMMENT '调度名称',
  `instance_name` varchar(200) NOT NULL COMMENT '之前配置文件中org.quartz.scheduler.instanceId配置的名字，就会写入该字段',
  `last_checkin_time` bigint(13) NOT NULL COMMENT '上次检查时间',
  `checkin_interval` bigint(13) NOT NULL COMMENT '检查间隔时间',
  PRIMARY KEY (`sched_name`,`instance_name`) USING BTREE
) ENGINE=InnoDB DEFAULT CHARSET=utf8mb4 COMMENT='调度器状态表';

-- ----------------------------
-- Records of qrtz_scheduler_state
-- ----------------------------
INSERT INTO `qrtz_scheduler_state` VALUES ('ZhglxtScheduler', 'LWY-PC1625648253784', '1625648769018', '15000');

-- ----------------------------
-- Table structure for qrtz_simple_triggers
-- ----------------------------
DROP TABLE IF EXISTS `qrtz_simple_triggers`;
CREATE TABLE `qrtz_simple_triggers` (
  `sched_name` varchar(120) NOT NULL COMMENT '调度名称',
  `trigger_name` varchar(200) NOT NULL COMMENT 'qrtz_triggers表trigger_ name的外键',
  `trigger_group` varchar(200) NOT NULL COMMENT 'qrtz_triggers表trigger_group的外键',
  `repeat_count` bigint(7) NOT NULL COMMENT '重复的次数统计',
  `repeat_interval` bigint(12) NOT NULL COMMENT '重复的间隔时间',
  `times_triggered` bigint(10) NOT NULL COMMENT '已经触发的次数',
  PRIMARY KEY (`sched_name`,`trigger_name`,`trigger_group`) USING BTREE,
  CONSTRAINT `qrtz_simple_triggers_ibfk_1` FOREIGN KEY (`sched_name`, `trigger_name`, `trigger_group`) REFERENCES `qrtz_triggers` (`sched_name`, `trigger_name`, `trigger_group`)
) ENGINE=InnoDB DEFAULT CHARSET=utf8mb4 COMMENT='简单触发器的信息表';

-- ----------------------------
-- Records of qrtz_simple_triggers
-- ----------------------------

-- ----------------------------
-- Table structure for qrtz_simprop_triggers
-- ----------------------------
DROP TABLE IF EXISTS `qrtz_simprop_triggers`;
CREATE TABLE `qrtz_simprop_triggers` (
  `sched_name` varchar(120) NOT NULL COMMENT '调度名称',
  `trigger_name` varchar(200) NOT NULL COMMENT 'qrtz_triggers表trigger_ name的外键',
  `trigger_group` varchar(200) NOT NULL COMMENT 'qrtz_triggers表trigger_group的外键',
  `str_prop_1` varchar(512) DEFAULT NULL COMMENT 'String类型的trigger的第一个参数',
  `str_prop_2` varchar(512) DEFAULT NULL COMMENT 'String类型的trigger的第二个参数',
  `str_prop_3` varchar(512) DEFAULT NULL COMMENT 'String类型的trigger的第三个参数',
  `int_prop_1` int(11) DEFAULT NULL COMMENT 'int类型的trigger的第一个参数',
  `int_prop_2` int(11) DEFAULT NULL COMMENT 'int类型的trigger的第二个参数',
  `long_prop_1` bigint(20) DEFAULT NULL COMMENT 'long类型的trigger的第一个参数',
  `long_prop_2` bigint(20) DEFAULT NULL COMMENT 'long类型的trigger的第二个参数',
  `dec_prop_1` decimal(13,4) DEFAULT NULL COMMENT 'decimal类型的trigger的第一个参数',
  `dec_prop_2` decimal(13,4) DEFAULT NULL COMMENT 'decimal类型的trigger的第二个参数',
  `bool_prop_1` varchar(1) DEFAULT NULL COMMENT 'Boolean类型的trigger的第一个参数',
  `bool_prop_2` varchar(1) DEFAULT NULL COMMENT 'Boolean类型的trigger的第二个参数',
  PRIMARY KEY (`sched_name`,`trigger_name`,`trigger_group`) USING BTREE,
  CONSTRAINT `qrtz_simprop_triggers_ibfk_1` FOREIGN KEY (`sched_name`, `trigger_name`, `trigger_group`) REFERENCES `qrtz_triggers` (`sched_name`, `trigger_name`, `trigger_group`)
) ENGINE=InnoDB DEFAULT CHARSET=utf8mb4 COMMENT='同步机制的行锁表';

-- ----------------------------
-- Records of qrtz_simprop_triggers
-- ----------------------------

-- ----------------------------
-- Table structure for qrtz_triggers
-- ----------------------------
DROP TABLE IF EXISTS `qrtz_triggers`;
CREATE TABLE `qrtz_triggers` (
  `sched_name` varchar(120) NOT NULL COMMENT '调度名称',
  `trigger_name` varchar(200) NOT NULL COMMENT '触发器的名字',
  `trigger_group` varchar(200) NOT NULL COMMENT '触发器所属组的名字',
  `job_name` varchar(200) NOT NULL COMMENT 'qrtz_job_details表job_name的外键',
  `job_group` varchar(200) NOT NULL COMMENT 'qrtz_job_details表job_group的外键',
  `description` varchar(250) DEFAULT NULL COMMENT '相关介绍',
  `next_fire_time` bigint(13) DEFAULT NULL COMMENT '上一次触发时间（毫秒）',
  `prev_fire_time` bigint(13) DEFAULT NULL COMMENT '下一次触发时间（默认为-1表示不触发）',
  `priority` int(11) DEFAULT NULL COMMENT '优先级',
  `trigger_state` varchar(16) NOT NULL COMMENT '触发器状态',
  `trigger_type` varchar(8) NOT NULL COMMENT '触发器的类型',
  `start_time` bigint(13) NOT NULL COMMENT '开始时间',
  `end_time` bigint(13) DEFAULT NULL COMMENT '结束时间',
  `calendar_name` varchar(200) DEFAULT NULL COMMENT '日程表名称',
  `misfire_instr` smallint(2) DEFAULT NULL COMMENT '补偿执行的策略',
  `job_data` blob COMMENT '存放持久化job对象',
  PRIMARY KEY (`sched_name`,`trigger_name`,`trigger_group`) USING BTREE,
  KEY `sched_name` (`sched_name`,`job_name`,`job_group`) USING BTREE,
  CONSTRAINT `qrtz_triggers_ibfk_1` FOREIGN KEY (`sched_name`, `job_name`, `job_group`) REFERENCES `qrtz_job_details` (`sched_name`, `job_name`, `job_group`)
) ENGINE=InnoDB DEFAULT CHARSET=utf8mb4 COMMENT='触发器详细信息表';

-- ----------------------------
-- Records of qrtz_triggers
-- ----------------------------
INSERT INTO `qrtz_triggers` VALUES ('ZhglxtScheduler', 'TASK_CLASS_NAME1', 'DEFAULT', 'TASK_CLASS_NAME1', 'DEFAULT', null, '1625648260000', '-1', '5', 'PAUSED', 'CRON', '1625648253000', '0', null, '2', '');
INSERT INTO `qrtz_triggers` VALUES ('ZhglxtScheduler', 'TASK_CLASS_NAME2', 'DEFAULT', 'TASK_CLASS_NAME2', 'DEFAULT', null, '1625648265000', '-1', '5', 'PAUSED', 'CRON', '1625648253000', '0', null, '2', '');
INSERT INTO `qrtz_triggers` VALUES ('ZhglxtScheduler', 'TASK_CLASS_NAME3', 'DEFAULT', 'TASK_CLASS_NAME3', 'DEFAULT', null, '1625648260000', '-1', '5', 'PAUSED', 'CRON', '1625648254000', '0', null, '2', '');

-- ----------------------------
-- Table structure for sys_config
-- ----------------------------
DROP TABLE IF EXISTS `sys_config`;
CREATE TABLE `sys_config` (
  `config_id` int(5) NOT NULL AUTO_INCREMENT COMMENT '参数主键',
  `config_name` varchar(100) DEFAULT '' COMMENT '参数名称',
  `config_key` varchar(100) DEFAULT '' COMMENT '参数键名',
  `config_value` varchar(500) DEFAULT '' COMMENT '参数键值',
  `config_type` char(1) DEFAULT 'N' COMMENT '系统内置（Y是 N否）',
  `create_by` varchar(64) DEFAULT '' COMMENT '创建者',
  `create_time` datetime DEFAULT NULL COMMENT '创建时间',
  `update_by` varchar(64) DEFAULT '' COMMENT '更新者',
  `update_time` datetime DEFAULT NULL COMMENT '更新时间',
  `remark` varchar(500) DEFAULT NULL COMMENT '备注',
  PRIMARY KEY (`config_id`)
) ENGINE=InnoDB AUTO_INCREMENT=10 DEFAULT CHARSET=utf8mb4 COMMENT='参数配置表';

-- ----------------------------
-- Records of sys_config
-- ----------------------------
INSERT INTO `sys_config` VALUES ('1', '主框架页-默认皮肤样式名称', 'sys.index.skinName', 'skin-blue', 'Y', 'system', '2018-03-16 11:33:00', 'system', '2019-08-31 18:52:25', '蓝色 skin-blue、绿色 skin-green、紫色 skin-purple、红色 skin-red、黄色 skin-yellow');
INSERT INTO `sys_config` VALUES ('2', '用户管理-账号初始密码', 'sys.user.initPassword', '123456', 'Y', 'system', '2018-03-16 11:33:00', 'system', '2018-03-16 11:33:00', '初始化密码 123456');
INSERT INTO `sys_config` VALUES ('3', '主框架页-侧边栏主题', 'sys.index.sideTheme', 'theme-blue', 'Y', 'system', '2018-03-16 11:33:00', 'system', '2020-12-12 19:01:23', '深黑主题theme-dark，浅色主题theme-light，深蓝主题theme-blue');
INSERT INTO `sys_config` VALUES ('4', '账号自助-是否开启用户注册功能', 'sys.account.registerUser', 'false', 'Y', 'system', '2020-05-01 17:24:28', 'system', '2021-07-06 11:19:36', '是否开启注册用户功能（true开启，false关闭）');
INSERT INTO `sys_config` VALUES ('5', '用户管理-密码字符范围', 'sys.account.chrtype', '0', 'Y', 'system', '2020-08-03 15:49:09', 'system', '2020-08-03 15:54:49', '默认任意字符范围，0任意（密码可以输入任意字符），1数字（密码只能为0-9数字），2英文字母（密码只能为a-z和A-Z字母），3字母和数字（密码必须包含字母，数字）,4字母数字和特殊字符（目前支持的特殊字符包括：~!@#$%^&*()-=_+）');
INSERT INTO `sys_config` VALUES ('6', '用户管理-初始密码修改策略', 'sys.account.initPasswordModify', '0', 'Y', 'system', '2020-10-16 15:35:20', '', null, '0：初始密码修改策略关闭，没有任何提示，1：提醒用户，如果未修改初始密码，则在登录时就会提醒修改密码对话框');
INSERT INTO `sys_config` VALUES ('7', '用户管理-账号密码更新周期', 'sys.account.passwordValidateDays', '0', 'Y', 'system', '2020-10-16 15:35:20', '', null, '密码更新周期（填写数字，数据初始化值为0不限制，若修改必须为大于0小于365的正整数），如果超过这个周期登录系统时，则在登录时就会提醒修改密码对话框');
INSERT INTO `sys_config` VALUES ('8', '主框架页-菜单导航显示风格', 'sys.index.menuStyle', 'topnav', 'Y', 'system', '2020-10-16 15:35:20', 'system', '2021-05-31 22:23:00', '菜单导航显示风格（default为左侧导航菜单，topnav为顶部导航菜单）');
INSERT INTO `sys_config` VALUES ('9', '主框架页-是否开启页脚', 'sys.index.ignoreFooter', 'true', 'Y', 'system', '2020-10-16 15:35:20', 'system', '2020-12-12 19:02:45', '是否开启底部页脚显示（true显示，false隐藏）');

-- ----------------------------
-- Table structure for sys_dept
-- ----------------------------
DROP TABLE IF EXISTS `sys_dept`;
CREATE TABLE `sys_dept` (
  `dept_id` bigint(20) NOT NULL AUTO_INCREMENT COMMENT '部门id',
  `parent_id` bigint(20) DEFAULT '0' COMMENT '父部门id',
  `ancestors` varchar(50) DEFAULT '' COMMENT '祖级列表',
  `dept_name` varchar(30) DEFAULT '' COMMENT '部门名称',
  `order_num` int(4) DEFAULT '0' COMMENT '显示顺序',
  `leader` varchar(20) DEFAULT NULL COMMENT '负责人',
  `phone` varchar(11) DEFAULT NULL COMMENT '联系电话',
  `email` varchar(50) DEFAULT NULL COMMENT '邮箱',
  `status` char(1) DEFAULT '0' COMMENT '部门状态（0正常 1停用）',
  `del_flag` char(1) DEFAULT '0' COMMENT '删除标志（0代表存在 2代表删除）',
  `create_by` varchar(64) DEFAULT '' COMMENT '创建者',
  `create_time` datetime DEFAULT NULL COMMENT '创建时间',
  `update_by` varchar(64) DEFAULT '' COMMENT '更新者',
  `update_time` datetime DEFAULT NULL COMMENT '更新时间',
  PRIMARY KEY (`dept_id`)
) ENGINE=InnoDB AUTO_INCREMENT=116 DEFAULT CHARSET=utf8mb4 COMMENT='部门表';

-- ----------------------------
-- Records of sys_dept
-- ----------------------------
INSERT INTO `sys_dept` VALUES ('100', '0', '0', '中国', '0', '系统管理员', '15888888888', '1111111111@qq.com', '0', '0', 'system', '2018-03-16 11:33:00', 'system', '2021-05-13 22:51:18');
INSERT INTO `sys_dept` VALUES ('101', '100', '0,100', '广东省', '40', 'test', '18888888888', '1111111111@qq.com', '0', '0', 'system', '2018-03-16 11:33:00', 'system', '2021-05-13 22:51:18');
INSERT INTO `sys_dept` VALUES ('102', '100', '0,100', '上海直辖市', '2', 'test', '18888888888', '1111111111@qq.com', '0', '0', 'system', '2018-03-16 11:33:00', 'system', '2021-05-13 19:00:32');
INSERT INTO `sys_dept` VALUES ('103', '101', '0,100,101', '广州市', '1', 'test', '18888888888', '1111111111@qq.com', '0', '0', 'system', '2018-03-16 11:33:00', 'system', '2021-05-13 22:51:12');
INSERT INTO `sys_dept` VALUES ('104', '101', '0,100,101', '深圳市', '2', '部门经理', '15888888888', '1111111111@qq.com', '0', '0', 'system', '2018-03-16 11:33:00', 'system', '2021-05-13 22:51:18');
INSERT INTO `sys_dept` VALUES ('105', '101', '0,100,101', '广州测试部门', '3', '部门经理', '15888888888', '1111111111@qq.com', '0', '2', 'system', '2018-03-16 11:33:00', 'system', '2021-05-13 19:01:07');
INSERT INTO `sys_dept` VALUES ('106', '101', '0,100,101', '广州财务部门', '4', '部门经理', '15888888888', '1111111111@qq.com', '0', '2', 'system', '2018-03-16 11:33:00', 'system', '2021-05-13 19:01:23');
INSERT INTO `sys_dept` VALUES ('107', '101', '0,100,101', '广州运维部门', '5', '部门经理', '15888888888', '1111111111@qq.com', '0', '2', 'system', '2018-03-16 11:33:00', 'system', '2021-05-13 19:01:17');
INSERT INTO `sys_dept` VALUES ('108', '102', '0,100,102', '上海市场部门', '1', '部门经理', '15888888888', '1111111111@qq.com', '0', '0', 'system', '2018-03-16 11:33:00', 'system', '2021-05-13 19:00:21');
INSERT INTO `sys_dept` VALUES ('109', '102', '0,100,102', '上海财务部门', '2', '部门经理', '15888888888', '1111111111@qq.com', '0', '0', 'system', '2018-03-16 11:33:00', 'system', '2021-05-13 19:00:32');
INSERT INTO `sys_dept` VALUES ('110', '101', '0,100,101', '广州行政部门', '10', '', '', '', '0', '2', 'system', '2019-10-17 19:01:18', 'system', '2021-05-13 19:01:30');
INSERT INTO `sys_dept` VALUES ('111', '103', '0,100,101,103', 'TEST', '10', null, null, null, '0', '2', 'system', '2021-05-13 18:40:28', '', null);
INSERT INTO `sys_dept` VALUES ('112', '100', '0,100', '北京直辖市', '1', '', '', '', '0', '0', 'system', '2021-05-13 18:48:50', 'system', '2021-05-13 19:00:02');
INSERT INTO `sys_dept` VALUES ('113', '112', '0,100,112', '北京研发部', '10', '', '', '', '0', '0', 'system', '2021-05-13 18:49:08', 'system', '2021-06-10 17:16:09');
INSERT INTO `sys_dept` VALUES ('114', '103', '0,100,101,103', '广州研发部', '10', '', '', '', '0', '0', 'system', '2021-05-13 19:04:46', 'system', '2021-05-13 22:51:12');
INSERT INTO `sys_dept` VALUES ('115', '104', '0,100,101,104', '深圳研发部', '10', '', '', '', '0', '0', 'system', '2021-05-13 19:05:14', 'system', '2021-05-13 22:51:18');

-- ----------------------------
-- Table structure for sys_dict_data
-- ----------------------------
DROP TABLE IF EXISTS `sys_dict_data`;
CREATE TABLE `sys_dict_data` (
  `dict_code` bigint(20) NOT NULL AUTO_INCREMENT COMMENT '字典编码',
  `dict_sort` int(4) DEFAULT '0' COMMENT '字典排序',
  `dict_label` varchar(100) DEFAULT '' COMMENT '字典标签',
  `dict_value` varchar(100) DEFAULT '' COMMENT '字典键值',
  `dict_type` varchar(100) DEFAULT '' COMMENT '字典类型',
  `css_class` varchar(100) DEFAULT NULL COMMENT '样式属性（其他样式扩展）',
  `list_class` varchar(100) DEFAULT NULL COMMENT '表格回显样式',
  `is_default` char(1) DEFAULT 'N' COMMENT '是否默认（Y是 N否）',
  `status` char(1) DEFAULT '0' COMMENT '状态（0正常 1停用）',
  `create_by` varchar(64) DEFAULT '' COMMENT '创建者',
  `create_time` datetime DEFAULT NULL COMMENT '创建时间',
  `update_by` varchar(64) DEFAULT '' COMMENT '更新者',
  `update_time` datetime DEFAULT NULL COMMENT '更新时间',
  `remark` varchar(500) DEFAULT NULL COMMENT '备注',
  PRIMARY KEY (`dict_code`)
) ENGINE=InnoDB AUTO_INCREMENT=47 DEFAULT CHARSET=utf8mb4 COMMENT='字典数据表';

-- ----------------------------
-- Records of sys_dict_data
-- ----------------------------
INSERT INTO `sys_dict_data` VALUES ('1', '1', '男', '0', 'sys_user_sex', '', '', 'Y', '0', 'admin', '2018-03-16 11:33:00', 'ry', '2018-03-16 11:33:00', '性别男');
INSERT INTO `sys_dict_data` VALUES ('2', '2', '女', '1', 'sys_user_sex', '', '', 'N', '0', 'admin', '2018-03-16 11:33:00', 'ry', '2018-03-16 11:33:00', '性别女');
INSERT INTO `sys_dict_data` VALUES ('3', '3', '未知', '2', 'sys_user_sex', '', '', 'N', '0', 'admin', '2018-03-16 11:33:00', 'ry', '2018-03-16 11:33:00', '性别未知');
INSERT INTO `sys_dict_data` VALUES ('4', '1', '显示', '0', 'sys_show_hide', '', 'primary', 'Y', '0', 'admin', '2018-03-16 11:33:00', 'ry', '2018-03-16 11:33:00', '显示菜单');
INSERT INTO `sys_dict_data` VALUES ('5', '2', '隐藏', '1', 'sys_show_hide', '', 'danger', 'N', '0', 'admin', '2018-03-16 11:33:00', 'ry', '2018-03-16 11:33:00', '隐藏菜单');
INSERT INTO `sys_dict_data` VALUES ('6', '1', '正常', '0', 'sys_normal_disable', '', 'primary', 'Y', '0', 'admin', '2018-03-16 11:33:00', 'ry', '2018-03-16 11:33:00', '正常状态');
INSERT INTO `sys_dict_data` VALUES ('7', '2', '停用', '1', 'sys_normal_disable', '', 'danger', 'N', '0', 'admin', '2018-03-16 11:33:00', 'ry', '2018-03-16 11:33:00', '停用状态');
INSERT INTO `sys_dict_data` VALUES ('8', '1', '正常', '0', 'sys_job_status', '', 'primary', 'Y', '0', 'admin', '2018-03-16 11:33:00', 'ry', '2018-03-16 11:33:00', '正常状态');
INSERT INTO `sys_dict_data` VALUES ('9', '2', '暂停', '1', 'sys_job_status', '', 'danger', 'N', '0', 'admin', '2018-03-16 11:33:00', 'ry', '2018-03-16 11:33:00', '停用状态');
INSERT INTO `sys_dict_data` VALUES ('10', '1', '默认', 'DEFAULT', 'sys_job_group', '', '', 'Y', '0', 'admin', '2018-03-16 11:33:00', 'ry', '2018-03-16 11:33:00', '默认分组');
INSERT INTO `sys_dict_data` VALUES ('11', '2', '系统', 'SYSTEM', 'sys_job_group', '', '', 'N', '0', 'admin', '2018-03-16 11:33:00', 'ry', '2018-03-16 11:33:00', '系统分组');
INSERT INTO `sys_dict_data` VALUES ('12', '1', '是', 'Y', 'sys_yes_no', '', 'primary', 'Y', '0', 'admin', '2018-03-16 11:33:00', 'ry', '2018-03-16 11:33:00', '系统默认是');
INSERT INTO `sys_dict_data` VALUES ('13', '2', '否', 'N', 'sys_yes_no', '', 'danger', 'N', '0', 'admin', '2018-03-16 11:33:00', 'ry', '2018-03-16 11:33:00', '系统默认否');
INSERT INTO `sys_dict_data` VALUES ('14', '1', '通知', '1', 'sys_notice_type', '', 'warning', 'Y', '0', 'admin', '2018-03-16 11:33:00', 'ry', '2018-03-16 11:33:00', '通知');
INSERT INTO `sys_dict_data` VALUES ('15', '2', '公告', '2', 'sys_notice_type', '', 'success', 'N', '0', 'admin', '2018-03-16 11:33:00', 'ry', '2018-03-16 11:33:00', '公告');
INSERT INTO `sys_dict_data` VALUES ('16', '1', '正常', '0', 'sys_notice_status', '', 'primary', 'Y', '0', 'admin', '2018-03-16 11:33:00', 'ry', '2018-03-16 11:33:00', '正常状态');
INSERT INTO `sys_dict_data` VALUES ('17', '2', '关闭', '1', 'sys_notice_status', '', 'danger', 'N', '0', 'admin', '2018-03-16 11:33:00', 'ry', '2018-03-16 11:33:00', '关闭状态');
INSERT INTO `sys_dict_data` VALUES ('18', '1', '新增', '1', 'sys_oper_type', '', 'info', 'N', '0', 'admin', '2018-03-16 11:33:00', 'ry', '2018-03-16 11:33:00', '新增操作');
INSERT INTO `sys_dict_data` VALUES ('19', '2', '修改', '2', 'sys_oper_type', '', 'info', 'N', '0', 'admin', '2018-03-16 11:33:00', 'ry', '2018-03-16 11:33:00', '修改操作');
INSERT INTO `sys_dict_data` VALUES ('20', '3', '删除', '3', 'sys_oper_type', '', 'danger', 'N', '0', 'admin', '2018-03-16 11:33:00', 'ry', '2018-03-16 11:33:00', '删除操作');
INSERT INTO `sys_dict_data` VALUES ('21', '4', '授权', '4', 'sys_oper_type', '', 'primary', 'N', '0', 'admin', '2018-03-16 11:33:00', 'ry', '2018-03-16 11:33:00', '授权操作');
INSERT INTO `sys_dict_data` VALUES ('22', '5', '导出', '5', 'sys_oper_type', '', 'warning', 'N', '0', 'admin', '2018-03-16 11:33:00', 'ry', '2018-03-16 11:33:00', '导出操作');
INSERT INTO `sys_dict_data` VALUES ('23', '6', '导入', '6', 'sys_oper_type', '', 'warning', 'N', '0', 'admin', '2018-03-16 11:33:00', 'ry', '2018-03-16 11:33:00', '导入操作');
INSERT INTO `sys_dict_data` VALUES ('24', '7', '强退', '7', 'sys_oper_type', '', 'danger', 'N', '0', 'admin', '2018-03-16 11:33:00', 'ry', '2018-03-16 11:33:00', '强退操作');
INSERT INTO `sys_dict_data` VALUES ('25', '8', '生成代码', '8', 'sys_oper_type', '', 'warning', 'N', '0', 'admin', '2018-03-16 11:33:00', 'ry', '2018-03-16 11:33:00', '生成操作');
INSERT INTO `sys_dict_data` VALUES ('26', '9', '清空数据', '9', 'sys_oper_type', '', 'danger', 'N', '0', 'admin', '2018-03-16 11:33:00', 'ry', '2018-03-16 11:33:00', '清空操作');
INSERT INTO `sys_dict_data` VALUES ('27', '1', '成功', '0', 'sys_common_status', '', 'primary', 'N', '0', 'admin', '2018-03-16 11:33:00', 'ry', '2018-03-16 11:33:00', '正常状态');
INSERT INTO `sys_dict_data` VALUES ('28', '2', '失败', '1', 'sys_common_status', '', 'danger', 'N', '0', 'admin', '2018-03-16 11:33:00', 'ry', '2018-03-16 11:33:00', '停用状态');
INSERT INTO `sys_dict_data` VALUES ('29', '1', '分类1', '1', 'act_category', null, null, 'Y', '0', 'system', '2019-10-06 15:58:04', '', null, '工作流程-分类1');
INSERT INTO `sys_dict_data` VALUES ('30', '2', '分类2', '2', 'act_category', null, null, 'Y', '0', 'system', '2019-10-06 15:58:35', '', null, '工作流程-分类2');
INSERT INTO `sys_dict_data` VALUES ('31', '1', '是', '0', 'cms_yes_no', '', 'info', 'N', '0', 'system', '2019-12-14 01:15:52', 'system', '2019-12-14 22:22:56', '默认是');
INSERT INTO `sys_dict_data` VALUES ('32', '2', '否', '1', 'cms_yes_no', '', 'primary', 'Y', '0', 'system', '2019-12-14 01:16:15', 'system', '2019-12-14 22:22:46', '默认否');
INSERT INTO `sys_dict_data` VALUES ('33', '1', '显示', '0', 'cms_show_hide', '', 'primary', 'Y', '0', 'system', '2019-12-14 01:30:46', 'system', '2019-12-14 22:15:57', '栏目菜单-显示');
INSERT INTO `sys_dict_data` VALUES ('34', '2', '隐藏', '1', 'cms_show_hide', '', 'danger', 'N', '0', 'system', '2019-12-14 01:31:18', 'system', '2020-05-04 00:29:15', '栏目菜单-隐藏');
INSERT INTO `sys_dict_data` VALUES ('35', '100', '其他', '0', 'sys_oper_type', '', 'info', 'N', '0', 'system', '2020-05-01 17:31:49', 'system', '2020-05-04 00:31:15', '其他操作');
INSERT INTO `sys_dict_data` VALUES ('36', '10', '会议通告', '1', 'oa_notify_type', null, 'default', 'Y', '0', 'system', '2020-12-19 14:07:13', '', null, '会议通告');
INSERT INTO `sys_dict_data` VALUES ('37', '20', '奖惩通告', '2', 'oa_notify_type', '', 'default', 'N', '0', 'system', '2020-12-19 14:07:40', 'system', '2020-12-19 15:29:16', '奖惩通告');
INSERT INTO `sys_dict_data` VALUES ('38', '30', '活动通告', '3', 'oa_notify_type', '', 'default', 'N', '0', 'system', '2020-12-19 14:08:05', 'system', '2020-12-19 15:29:19', '活动通告');
INSERT INTO `sys_dict_data` VALUES ('39', '10', '草稿', '0', 'oa_notify_status', null, 'success', 'Y', '0', 'system', '2020-12-19 14:12:33', '', null, '草稿');
INSERT INTO `sys_dict_data` VALUES ('40', '20', '发布', '1', 'oa_notify_status', '', 'info', 'N', '0', 'system', '2020-12-19 14:12:48', 'system', '2020-12-19 15:28:43', '发布');
INSERT INTO `sys_dict_data` VALUES ('41', '10', '未读', '0', 'oa_notify_read', null, 'danger', 'Y', '0', 'system', '2020-12-19 22:06:12', '', null, '未读');
INSERT INTO `sys_dict_data` VALUES ('42', '20', '已读', '1', 'oa_notify_read', null, 'primary', 'N', '0', 'system', '2020-12-19 22:06:32', '', null, '已读');
INSERT INTO `sys_dict_data` VALUES ('43', '40', '系统通告', '4', 'oa_notify_type', null, 'default', 'N', '0', 'system', '2020-12-19 23:59:07', '', null, '系统通告');
INSERT INTO `sys_dict_data` VALUES ('44', '50', '放假通告', '5', 'oa_notify_type', '', 'default', 'N', '0', 'system', '2020-12-20 19:43:30', 'system', '2020-12-20 19:55:00', '放假通知');
INSERT INTO `sys_dict_data` VALUES ('45', '10', '请假审批流程', 'leave', 'act_type', '', 'info', 'N', '0', 'system', '2021-06-14 17:22:46', 'system', '2021-06-14 17:26:53', '请假流程');
INSERT INTO `sys_dict_data` VALUES ('46', '20', '出差审批流程', 'business_trip', 'act_type', null, 'info', 'N', '0', 'system', '2021-06-14 17:29:51', '', null, '出差审批流程');

-- ----------------------------
-- Table structure for sys_dict_type
-- ----------------------------
DROP TABLE IF EXISTS `sys_dict_type`;
CREATE TABLE `sys_dict_type` (
  `dict_id` bigint(20) NOT NULL AUTO_INCREMENT COMMENT '字典主键',
  `dict_name` varchar(100) DEFAULT '' COMMENT '字典名称',
  `dict_type` varchar(100) DEFAULT '' COMMENT '字典类型',
  `status` char(1) DEFAULT '0' COMMENT '状态（0正常 1停用）',
  `create_by` varchar(64) DEFAULT '' COMMENT '创建者',
  `create_time` datetime DEFAULT NULL COMMENT '创建时间',
  `update_by` varchar(64) DEFAULT '' COMMENT '更新者',
  `update_time` datetime DEFAULT NULL COMMENT '更新时间',
  `remark` varchar(500) DEFAULT NULL COMMENT '备注',
  PRIMARY KEY (`dict_id`),
  UNIQUE KEY `dict_type` (`dict_type`) USING BTREE
) ENGINE=InnoDB AUTO_INCREMENT=18 DEFAULT CHARSET=utf8mb4 COMMENT='字典类型表';

-- ----------------------------
-- Records of sys_dict_type
-- ----------------------------
INSERT INTO `sys_dict_type` VALUES ('1', '用户性别', 'sys_user_sex', '0', 'admin', '2018-03-16 11:33:00', 'ry', '2018-03-16 11:33:00', '用户性别列表');
INSERT INTO `sys_dict_type` VALUES ('2', '菜单状态', 'sys_show_hide', '0', 'admin', '2018-03-16 11:33:00', 'ry', '2018-03-16 11:33:00', '菜单状态列表');
INSERT INTO `sys_dict_type` VALUES ('3', '系统开关', 'sys_normal_disable', '0', 'admin', '2018-03-16 11:33:00', 'ry', '2018-03-16 11:33:00', '系统开关列表');
INSERT INTO `sys_dict_type` VALUES ('4', '任务状态', 'sys_job_status', '0', 'admin', '2018-03-16 11:33:00', 'ry', '2018-03-16 11:33:00', '任务状态列表');
INSERT INTO `sys_dict_type` VALUES ('5', '任务分组', 'sys_job_group', '0', 'admin', '2018-03-16 11:33:00', 'ry', '2018-03-16 11:33:00', '任务分组列表');
INSERT INTO `sys_dict_type` VALUES ('6', '系统是否', 'sys_yes_no', '0', 'admin', '2018-03-16 11:33:00', 'ry', '2018-03-16 11:33:00', '系统是否列表');
INSERT INTO `sys_dict_type` VALUES ('7', '通知类型', 'sys_notice_type', '0', 'admin', '2018-03-16 11:33:00', 'ry', '2018-03-16 11:33:00', '通知类型列表');
INSERT INTO `sys_dict_type` VALUES ('8', '通知状态', 'sys_notice_status', '0', 'admin', '2018-03-16 11:33:00', 'ry', '2018-03-16 11:33:00', '通知状态列表');
INSERT INTO `sys_dict_type` VALUES ('9', '操作类型', 'sys_oper_type', '0', 'admin', '2018-03-16 11:33:00', 'ry', '2018-03-16 11:33:00', '操作类型列表');
INSERT INTO `sys_dict_type` VALUES ('10', '系统状态', 'sys_common_status', '0', 'admin', '2018-03-16 11:33:00', 'ry', '2018-03-16 11:33:00', '登录状态列表');
INSERT INTO `sys_dict_type` VALUES ('11', '流程分类', 'act_category', '0', 'system', '2019-10-06 15:52:10', 'system', '2019-10-06 15:55:59', '工作流程分类');
INSERT INTO `sys_dict_type` VALUES ('12', '是否外部链接', 'cms_yes_no', '0', 'system', '2019-12-14 01:13:44', 'system', '2019-12-14 01:26:35', '内容管理-栏目管理-是否外部链接');
INSERT INTO `sys_dict_type` VALUES ('13', '内容管理-状态', 'cms_show_hide', '0', 'system', '2019-12-14 01:29:26', 'system', '2019-12-15 22:41:34', '内容管理-显示、隐藏状态');
INSERT INTO `sys_dict_type` VALUES ('14', '通知通告-类型', 'oa_notify_type', '0', 'system', '2020-12-19 14:05:43', 'system', '2020-12-20 19:33:44', '通知通告-类型');
INSERT INTO `sys_dict_type` VALUES ('15', '通知通告-发布状态', 'oa_notify_status', '0', 'system', '2020-12-19 14:11:48', 'system', '2020-12-20 19:33:35', '通知通告-发布状态');
INSERT INTO `sys_dict_type` VALUES ('16', '通知通告-查阅状态', 'oa_notify_read', '0', 'system', '2020-12-19 22:05:33', 'system', '2020-12-20 19:32:55', '通知通告-查阅状态');
INSERT INTO `sys_dict_type` VALUES ('17', '流程类型', 'act_type', '0', 'system', '2021-06-14 17:21:55', '', null, '流程类型');

-- ----------------------------
-- Table structure for sys_job
-- ----------------------------
DROP TABLE IF EXISTS `sys_job`;
CREATE TABLE `sys_job` (
  `job_id` bigint(20) NOT NULL AUTO_INCREMENT COMMENT '任务ID',
  `job_name` varchar(64) NOT NULL DEFAULT '' COMMENT '任务名称',
  `job_group` varchar(64) NOT NULL DEFAULT 'DEFAULT' COMMENT '任务组名',
  `method_name` varchar(255) DEFAULT NULL COMMENT '任务方法',
  `method_params` varchar(50) DEFAULT NULL COMMENT '方法参数',
  `invoke_target` varchar(500) NOT NULL COMMENT '调用目标字符串',
  `cron_expression` varchar(255) DEFAULT '' COMMENT 'cron执行表达式',
  `misfire_policy` varchar(20) DEFAULT '3' COMMENT '计划执行错误策略（1立即执行 2执行一次 3放弃执行）',
  `concurrent` char(1) DEFAULT '1' COMMENT '是否并发执行（0允许 1禁止）',
  `status` char(1) DEFAULT '0' COMMENT '状态（0正常 1暂停）',
  `create_by` varchar(64) DEFAULT '' COMMENT '创建者',
  `create_time` datetime DEFAULT NULL COMMENT '创建时间',
  `update_by` varchar(64) DEFAULT '' COMMENT '更新者',
  `update_time` datetime DEFAULT NULL COMMENT '更新时间',
  `remark` varchar(500) DEFAULT '' COMMENT '备注信息',
  PRIMARY KEY (`job_id`,`job_name`,`job_group`)
) ENGINE=InnoDB AUTO_INCREMENT=4 DEFAULT CHARSET=utf8mb4 COMMENT='定时任务调度表';

-- ----------------------------
-- Records of sys_job
-- ----------------------------
INSERT INTO `sys_job` VALUES ('1', '系统默认（无参）', 'DEFAULT', null, null, 'zhglxtTask.noParams', '0/10 * * * * ?', '3', '1', '1', 'admin', '2018-03-16 11:33:00', 'system', '2019-10-13 19:11:08', '0/10 * * * * ? 每隔十秒执行一次');
INSERT INTO `sys_job` VALUES ('2', '系统默认（有参）', 'DEFAULT', null, null, 'zhglxtTask.params(\'zhglxt\')', '0/15 * * * * ?', '3', '1', '1', 'admin', '2018-03-16 11:33:00', 'system', '2019-09-07 02:47:45', '');
INSERT INTO `sys_job` VALUES ('3', '系统默认（多参）', 'DEFAULT', null, null, 'zhglxtTask.multipleParams(\'zhglxt\', true, 2000L, 316.50D, 100)', '0/20 * * * * ?', '3', '1', '1', 'admin', '2018-03-16 11:33:00', 'system', '2019-09-07 02:48:14', '');

-- ----------------------------
-- Table structure for sys_job_log
-- ----------------------------
DROP TABLE IF EXISTS `sys_job_log`;
CREATE TABLE `sys_job_log` (
  `job_log_id` bigint(20) NOT NULL AUTO_INCREMENT COMMENT '任务日志ID',
  `job_name` varchar(64) NOT NULL COMMENT '任务名称',
  `job_group` varchar(64) NOT NULL COMMENT '任务组名',
  `method_name` varchar(255) DEFAULT NULL COMMENT '任务方法',
  `method_params` varchar(50) DEFAULT NULL COMMENT '方法参数',
  `invoke_target` varchar(500) NOT NULL COMMENT '调用目标字符串',
  `job_message` varchar(500) DEFAULT NULL COMMENT '日志信息',
  `status` char(1) DEFAULT '0' COMMENT '执行状态（0正常 1失败）',
  `exception_info` varchar(2000) DEFAULT '' COMMENT '异常信息',
  `create_time` datetime DEFAULT NULL COMMENT '创建时间',
  PRIMARY KEY (`job_log_id`)
) ENGINE=InnoDB AUTO_INCREMENT=31 DEFAULT CHARSET=utf8mb4 COMMENT='定时任务调度日志表';

-- ----------------------------
-- Records of sys_job_log
-- ----------------------------
INSERT INTO `sys_job_log` VALUES ('1', '系统默认（无参）', 'DEFAULT', null, null, 'zhglxtTask.noParams', '系统默认（无参） 总共耗时：0毫秒', '0', '', '2019-09-07 02:58:10');
INSERT INTO `sys_job_log` VALUES ('2', '系统默认（无参）', 'DEFAULT', null, null, 'zhglxtTask.noParams', '系统默认（无参） 总共耗时：0毫秒', '0', '', '2019-09-07 02:58:20');
INSERT INTO `sys_job_log` VALUES ('3', '系统默认（无参）', 'DEFAULT', null, null, 'zhglxtTask.noParams', '系统默认（无参） 总共耗时：0毫秒', '0', '', '2019-09-07 02:58:30');
INSERT INTO `sys_job_log` VALUES ('4', '系统默认（无参）', 'DEFAULT', null, null, 'zhglxtTask.noParams', '系统默认（无参） 总共耗时：1毫秒', '0', '', '2019-09-07 02:59:20');
INSERT INTO `sys_job_log` VALUES ('5', '系统默认（无参）', 'DEFAULT', null, null, 'zhglxtTask.noParams', '系统默认（无参） 总共耗时：1毫秒', '0', '', '2019-09-07 02:59:30');
INSERT INTO `sys_job_log` VALUES ('6', '系统默认（无参）', 'DEFAULT', null, null, 'zhglxtTask.noParams', '系统默认（无参） 总共耗时：0毫秒', '0', '', '2019-09-07 02:59:40');
INSERT INTO `sys_job_log` VALUES ('7', '系统默认（无参）', 'DEFAULT', null, null, 'zhglxtTask.noParams', '系统默认（无参） 总共耗时：0毫秒', '0', '', '2019-09-07 02:59:50');
INSERT INTO `sys_job_log` VALUES ('8', '系统默认（无参）', 'DEFAULT', null, null, 'zhglxtTask.noParams', '系统默认（无参） 总共耗时：1毫秒', '0', '', '2019-09-07 03:00:00');
INSERT INTO `sys_job_log` VALUES ('9', '系统默认（无参）', 'DEFAULT', null, null, 'zhglxtTask.noParams', '系统默认（无参） 总共耗时：0毫秒', '0', '', '2019-09-07 03:00:44');
INSERT INTO `sys_job_log` VALUES ('10', '系统默认（无参）', 'DEFAULT', null, null, 'zhglxtTask.noParams', '系统默认（无参） 总共耗时：0毫秒', '0', '', '2019-09-07 03:00:44');
INSERT INTO `sys_job_log` VALUES ('11', '系统默认（无参）', 'DEFAULT', null, null, 'zhglxtTask.noParams', '系统默认（无参） 总共耗时：0毫秒', '0', '', '2019-09-07 03:00:44');
INSERT INTO `sys_job_log` VALUES ('12', '系统默认（无参）', 'DEFAULT', null, null, 'zhglxtTask.noParams', '系统默认（无参） 总共耗时：0毫秒', '0', '', '2019-09-07 03:00:50');
INSERT INTO `sys_job_log` VALUES ('13', '系统默认（无参）', 'DEFAULT', null, null, 'zhglxtTask.noParams', '系统默认（无参） 总共耗时：0毫秒', '0', '', '2019-09-07 03:01:00');
INSERT INTO `sys_job_log` VALUES ('14', '系统默认（无参）', 'DEFAULT', null, null, 'zhglxtTask.noParams', '系统默认（无参） 总共耗时：0毫秒', '0', '', '2019-09-07 03:01:10');
INSERT INTO `sys_job_log` VALUES ('15', '系统默认（无参）', 'DEFAULT', null, null, 'zhglxtTask.noParams', '系统默认（无参） 总共耗时：0毫秒', '0', '', '2019-09-07 03:01:20');
INSERT INTO `sys_job_log` VALUES ('16', '系统默认（无参）', 'DEFAULT', null, null, 'zhglxtTask.noParams', '系统默认（无参） 总共耗时：17毫秒', '0', '', '2019-10-13 19:10:50');
INSERT INTO `sys_job_log` VALUES ('17', '系统默认（无参）', 'DEFAULT', null, null, 'zhglxtTask.noParams', '系统默认（无参） 总共耗时：0毫秒', '0', '', '2019-10-13 19:11:00');
INSERT INTO `sys_job_log` VALUES ('18', '系统默认（无参）', 'DEFAULT', null, null, 'zhglxtTask.noParams', '系统默认（无参） 总共耗时：43毫秒', '0', '', '2019-11-07 19:47:23');
INSERT INTO `sys_job_log` VALUES ('19', '系统默认（无参）', 'DEFAULT', null, null, 'zhglxtTask.noParams', '系统默认（无参） 总共耗时：79毫秒', '0', '', '2019-11-10 17:07:24');
INSERT INTO `sys_job_log` VALUES ('20', '系统默认（无参）', 'DEFAULT', null, null, 'zhglxtTask.noParams', '系统默认（无参） 总共耗时：2毫秒', '0', '', '2019-11-11 16:06:04');
INSERT INTO `sys_job_log` VALUES ('21', '系统默认（无参）', 'DEFAULT', null, null, 'zhglxtTask.noParams', '系统默认（无参） 总共耗时：57毫秒', '0', '', '2019-11-18 20:19:05');
INSERT INTO `sys_job_log` VALUES ('22', '系统默认（无参）', 'DEFAULT', null, null, 'zhglxtTask.noParams', '系统默认（无参） 总共耗时：3毫秒', '0', '', '2019-12-02 22:08:41');
INSERT INTO `sys_job_log` VALUES ('23', '系统默认（无参）', 'DEFAULT', null, null, 'zhglxtTask.noParams', '系统默认（无参） 总共耗时：1毫秒', '0', '', '2020-04-18 15:21:33');
INSERT INTO `sys_job_log` VALUES ('24', '系统默认（有参）', 'DEFAULT', null, null, 'zhglxtTask.params(\'zhglxt\')', '系统默认（有参） 总共耗时：1毫秒', '0', '', '2020-04-24 20:44:56');
INSERT INTO `sys_job_log` VALUES ('25', '系统默认（无参）', 'DEFAULT', null, null, 'zhglxtTask.noParams', '系统默认（无参） 总共耗时：0毫秒', '0', '', '2020-04-24 20:51:22');
INSERT INTO `sys_job_log` VALUES ('26', '系统默认（多参）', 'DEFAULT', null, null, 'zhglxtTask.multipleParams(\'zhglxt\', true, 2000L, 316.50D, 100)', '系统默认（多参） 总共耗时：3毫秒', '0', '', '2020-05-04 00:22:02');
INSERT INTO `sys_job_log` VALUES ('27', '系统默认（无参）', 'DEFAULT', null, null, 'zhglxtTask.noParams', '系统默认（无参） 总共耗时：2毫秒', '0', '', '2020-09-05 11:43:05');
INSERT INTO `sys_job_log` VALUES ('28', '系统默认（无参）', 'DEFAULT', null, null, 'zhglxtTask.noParams', '系统默认（无参） 总共耗时：1毫秒', '0', '', '2020-10-29 16:00:46');
INSERT INTO `sys_job_log` VALUES ('29', '系统默认（有参）', 'DEFAULT', null, null, 'zhglxtTask.params(\'zhglxt\')', '系统默认（有参） 总共耗时：0毫秒', '0', '', '2020-10-29 16:00:50');
INSERT INTO `sys_job_log` VALUES ('30', '系统默认（多参）', 'DEFAULT', null, null, 'zhglxtTask.multipleParams(\'zhglxt\', true, 2000L, 316.50D, 100)', '系统默认（多参） 总共耗时：1毫秒', '0', '', '2020-10-29 16:00:53');

-- ----------------------------
-- Table structure for sys_logininfor
-- ----------------------------
DROP TABLE IF EXISTS `sys_logininfor`;
CREATE TABLE `sys_logininfor` (
  `info_id` bigint(20) NOT NULL AUTO_INCREMENT COMMENT '访问ID',
  `login_name` varchar(50) DEFAULT '' COMMENT '登录账号',
  `ipaddr` varchar(128) DEFAULT '' COMMENT '登录IP地址',
  `login_location` varchar(255) DEFAULT '' COMMENT '登录地点',
  `browser` varchar(50) DEFAULT '' COMMENT '浏览器类型',
  `os` varchar(50) DEFAULT '' COMMENT '操作系统',
  `status` char(1) DEFAULT '0' COMMENT '登录状态（0成功 1失败）',
  `msg` varchar(255) DEFAULT '' COMMENT '提示消息',
  `login_time` datetime DEFAULT NULL COMMENT '访问时间',
  PRIMARY KEY (`info_id`)
) ENGINE=InnoDB AUTO_INCREMENT=2 DEFAULT CHARSET=utf8mb4 COMMENT='系统访问记录';

-- ----------------------------
-- Table structure for sys_menu
-- ----------------------------
DROP TABLE IF EXISTS `sys_menu`;
CREATE TABLE `sys_menu` (
  `menu_id` bigint(20) NOT NULL AUTO_INCREMENT COMMENT '菜单ID',
  `menu_name` varchar(50) NOT NULL COMMENT '菜单名称',
  `parent_id` bigint(20) DEFAULT '0' COMMENT '父菜单ID',
  `order_num` int(4) DEFAULT '0' COMMENT '显示顺序',
  `url` varchar(200) DEFAULT '#' COMMENT '请求地址',
  `target` varchar(20) DEFAULT '' COMMENT '打开方式（menuItem页签 menuBlank新窗口）',
  `menu_type` char(1) DEFAULT '' COMMENT '菜单类型（M目录 C菜单 F按钮）',
  `visible` char(1) DEFAULT '0' COMMENT '菜单状态（0显示 1隐藏）',
  `is_refresh` char(1) DEFAULT '1' COMMENT '是否刷新（0刷新 1不刷新）',
  `perms` varchar(100) DEFAULT NULL COMMENT '权限标识',
  `icon` varchar(100) DEFAULT '#' COMMENT '菜单图标',
  `create_by` varchar(64) DEFAULT '' COMMENT '创建者',
  `create_time` datetime DEFAULT NULL COMMENT '创建时间',
  `update_by` varchar(64) DEFAULT '' COMMENT '更新者',
  `update_time` datetime DEFAULT NULL COMMENT '更新时间',
  `remark` varchar(500) DEFAULT '' COMMENT '备注',
  PRIMARY KEY (`menu_id`)
) ENGINE=InnoDB AUTO_INCREMENT=1178 DEFAULT CHARSET=utf8mb4 COMMENT='菜单权限表';

-- ----------------------------
-- Records of sys_menu
-- ----------------------------
INSERT INTO `sys_menu` VALUES ('1', '系统管理', '0', '50', '#', 'menuItem', 'M', '0', '1', '', 'fa fa-gear', 'admin', '2018-03-16 11:33:00', 'system', '2021-05-13 20:54:11', '系统管理目录');
INSERT INTO `sys_menu` VALUES ('2', '系统监控', '0', '60', '#', 'menuItem', 'M', '0', '1', '', 'fa fa-video-camera', 'admin', '2018-03-16 11:33:00', 'system', '2020-07-15 19:40:28', '系统监控目录');
INSERT INTO `sys_menu` VALUES ('3', '系统工具', '0', '65', '#', 'menuItem', 'M', '0', '1', '', 'fa fa-bars', 'admin', '2018-03-16 11:33:00', 'system', '2021-06-16 13:12:07', '系统工具目录');
INSERT INTO `sys_menu` VALUES ('100', '用户管理', '1', '1', '/system/user', '', 'C', '0', '1', 'system:user:view', 'fa fa-user-o', 'admin', '2018-03-16 11:33:00', 'ry', '2018-03-16 11:33:00', '用户管理菜单');
INSERT INTO `sys_menu` VALUES ('101', '角色管理', '1', '2', '/system/role', '', 'C', '0', '1', 'system:role:view', 'fa fa-user-secret', 'admin', '2018-03-16 11:33:00', 'ry', '2018-03-16 11:33:00', '角色管理菜单');
INSERT INTO `sys_menu` VALUES ('102', '菜单管理', '1', '3', '/system/menu', '', 'C', '0', '1', 'system:menu:view', 'fa fa-th-list', 'admin', '2018-03-16 11:33:00', 'ry', '2018-03-16 11:33:00', '菜单管理菜单');
INSERT INTO `sys_menu` VALUES ('103', '部门管理', '1', '4', '/system/dept', '', 'C', '0', '1', 'system:dept:view', 'fa fa-outdent', 'admin', '2018-03-16 11:33:00', 'ry', '2018-03-16 11:33:00', '部门管理菜单');
INSERT INTO `sys_menu` VALUES ('104', '岗位管理', '1', '5', '/system/post', '', 'C', '0', '1', 'system:post:view', 'fa fa-address-card-o', 'admin', '2018-03-16 11:33:00', 'ry', '2018-03-16 11:33:00', '岗位管理菜单');
INSERT INTO `sys_menu` VALUES ('105', '字典管理', '1', '6', '/system/dict', '', 'C', '0', '1', 'system:dict:view', 'fa fa-bookmark-o', 'admin', '2018-03-16 11:33:00', 'ry', '2018-03-16 11:33:00', '字典管理菜单');
INSERT INTO `sys_menu` VALUES ('106', '参数设置', '1', '7', '/system/config', '', 'C', '0', '1', 'system:config:view', 'fa fa-sun-o', 'admin', '2018-03-16 11:33:00', 'ry', '2018-03-16 11:33:00', '参数设置菜单');
INSERT INTO `sys_menu` VALUES ('108', '日志管理', '1', '9', '#', '', 'M', '0', '1', '', 'fa fa-pencil-square-o', 'admin', '2018-03-16 11:33:00', 'ry', '2018-03-16 11:33:00', '日志管理菜单');
INSERT INTO `sys_menu` VALUES ('109', '在线用户', '2', '1', '/monitor/online', '', 'C', '0', '1', 'monitor:online:view', 'fa fa-user-circle', 'admin', '2018-03-16 11:33:00', 'ry', '2018-03-16 11:33:00', '在线用户菜单');
INSERT INTO `sys_menu` VALUES ('110', '定时任务', '2', '2', '/monitor/job', '', 'C', '0', '1', 'monitor:job:view', 'fa fa-tasks', 'admin', '2018-03-16 11:33:00', 'ry', '2018-03-16 11:33:00', '定时任务菜单');
INSERT INTO `sys_menu` VALUES ('111', '数据监控', '2', '3', '/monitor/data', '', 'C', '0', '1', 'monitor:data:view', 'fa fa-bug', 'admin', '2018-03-16 11:33:00', 'ry', '2018-03-16 11:33:00', '数据监控菜单');
INSERT INTO `sys_menu` VALUES ('112', '服务监控', '2', '3', '/monitor/server', '', 'C', '0', '1', 'monitor:server:view', 'fa fa-server', 'admin', '2018-03-16 11:33:00', 'system', '2018-03-16 11:33:00', '服务监控菜单');
INSERT INTO `sys_menu` VALUES ('113', '表单构建', '3', '1', '/tool/build', '', 'C', '0', '1', 'tool:build:view', 'fa fa-wpforms', 'admin', '2018-03-16 11:33:00', 'system', '2018-03-16 11:33:00', '表单构建菜单');
INSERT INTO `sys_menu` VALUES ('114', '代码生成', '3', '2', '/tool/gen', '', 'C', '0', '1', 'tool:gen:view', 'fa fa-code', 'admin', '2018-03-16 11:33:00', 'system', '2018-03-16 11:33:00', '代码生成菜单');
INSERT INTO `sys_menu` VALUES ('115', '系统接口', '3', '3', '/tool/swagger', 'menuItem', 'C', '0', '1', 'tool:swagger:view', 'fa fa-gg', 'admin', '2018-03-16 11:33:00', 'system', '2020-06-08 15:49:58', '系统接口菜单');
INSERT INTO `sys_menu` VALUES ('500', '操作日志', '108', '1', '/monitor/operlog', '', 'C', '0', '1', 'monitor:operlog:view', 'fa fa-address-book', 'admin', '2018-03-16 11:33:00', 'ry', '2018-03-16 11:33:00', '操作日志菜单');
INSERT INTO `sys_menu` VALUES ('501', '登录日志', '108', '2', '/monitor/logininfor', '', 'C', '0', '1', 'monitor:logininfor:view', 'fa fa-file-image-o', 'admin', '2018-03-16 11:33:00', 'ry', '2018-03-16 11:33:00', '登录日志菜单');
INSERT INTO `sys_menu` VALUES ('1000', '用户查询', '100', '1', '#', '', 'F', '0', '1', 'system:user:list', '#', 'admin', '2018-03-16 11:33:00', 'ry', '2018-03-16 11:33:00', '');
INSERT INTO `sys_menu` VALUES ('1001', '用户新增', '100', '2', '#', '', 'F', '0', '1', 'system:user:add', '#', 'admin', '2018-03-16 11:33:00', 'ry', '2018-03-16 11:33:00', '');
INSERT INTO `sys_menu` VALUES ('1002', '用户修改', '100', '3', '#', '', 'F', '0', '1', 'system:user:edit', '#', 'admin', '2018-03-16 11:33:00', 'ry', '2018-03-16 11:33:00', '');
INSERT INTO `sys_menu` VALUES ('1003', '用户删除', '100', '4', '#', '', 'F', '0', '1', 'system:user:remove', '#', 'admin', '2018-03-16 11:33:00', 'ry', '2018-03-16 11:33:00', '');
INSERT INTO `sys_menu` VALUES ('1004', '用户导出', '100', '5', '#', '', 'F', '0', '1', 'system:user:export', '#', 'admin', '2018-03-16 11:33:00', 'ry', '2018-03-16 11:33:00', '');
INSERT INTO `sys_menu` VALUES ('1005', '用户导入', '100', '6', '#', '', 'F', '0', '1', 'system:user:import', '#', 'admin', '2018-03-16 11:33:00', 'ry', '2018-03-16 11:33:00', '');
INSERT INTO `sys_menu` VALUES ('1006', '重置密码', '100', '7', '#', '', 'F', '0', '1', 'system:user:resetPwd', '#', 'admin', '2018-03-16 11:33:00', 'ry', '2018-03-16 11:33:00', '');
INSERT INTO `sys_menu` VALUES ('1007', '角色查询', '101', '1', '#', '', 'F', '0', '1', 'system:role:list', '#', 'admin', '2018-03-16 11:33:00', 'ry', '2018-03-16 11:33:00', '');
INSERT INTO `sys_menu` VALUES ('1008', '角色新增', '101', '2', '#', '', 'F', '0', '1', 'system:role:add', '#', 'admin', '2018-03-16 11:33:00', 'ry', '2018-03-16 11:33:00', '');
INSERT INTO `sys_menu` VALUES ('1009', '角色修改', '101', '3', '#', '', 'F', '0', '1', 'system:role:edit', '#', 'admin', '2018-03-16 11:33:00', 'ry', '2018-03-16 11:33:00', '');
INSERT INTO `sys_menu` VALUES ('1010', '角色删除', '101', '4', '#', '', 'F', '0', '1', 'system:role:remove', '#', 'admin', '2018-03-16 11:33:00', 'ry', '2018-03-16 11:33:00', '');
INSERT INTO `sys_menu` VALUES ('1011', '角色导出', '101', '5', '#', '', 'F', '0', '1', 'system:role:export', '#', 'admin', '2018-03-16 11:33:00', 'ry', '2018-03-16 11:33:00', '');
INSERT INTO `sys_menu` VALUES ('1012', '菜单查询', '102', '1', '#', '', 'F', '0', '1', 'system:menu:list', '#', 'admin', '2018-03-16 11:33:00', 'ry', '2018-03-16 11:33:00', '');
INSERT INTO `sys_menu` VALUES ('1013', '菜单新增', '102', '2', '#', '', 'F', '0', '1', 'system:menu:add', '#', 'admin', '2018-03-16 11:33:00', 'ry', '2018-03-16 11:33:00', '');
INSERT INTO `sys_menu` VALUES ('1014', '菜单修改', '102', '3', '#', '', 'F', '0', '1', 'system:menu:edit', '#', 'admin', '2018-03-16 11:33:00', 'ry', '2018-03-16 11:33:00', '');
INSERT INTO `sys_menu` VALUES ('1015', '菜单删除', '102', '4', '#', '', 'F', '0', '1', 'system:menu:remove', '#', 'admin', '2018-03-16 11:33:00', 'ry', '2018-03-16 11:33:00', '');
INSERT INTO `sys_menu` VALUES ('1016', '部门查询', '103', '1', '#', '', 'F', '0', '1', 'system:dept:list', '#', 'admin', '2018-03-16 11:33:00', 'ry', '2018-03-16 11:33:00', '');
INSERT INTO `sys_menu` VALUES ('1017', '部门新增', '103', '2', '#', '', 'F', '0', '1', 'system:dept:add', '#', 'admin', '2018-03-16 11:33:00', 'ry', '2018-03-16 11:33:00', '');
INSERT INTO `sys_menu` VALUES ('1018', '部门修改', '103', '3', '#', '', 'F', '0', '1', 'system:dept:edit', '#', 'admin', '2018-03-16 11:33:00', 'ry', '2018-03-16 11:33:00', '');
INSERT INTO `sys_menu` VALUES ('1019', '部门删除', '103', '4', '#', '', 'F', '0', '1', 'system:dept:remove', '#', 'admin', '2018-03-16 11:33:00', 'ry', '2018-03-16 11:33:00', '');
INSERT INTO `sys_menu` VALUES ('1020', '岗位查询', '104', '1', '#', '', 'F', '0', '1', 'system:post:list', '#', 'admin', '2018-03-16 11:33:00', 'ry', '2018-03-16 11:33:00', '');
INSERT INTO `sys_menu` VALUES ('1021', '岗位新增', '104', '2', '#', '', 'F', '0', '1', 'system:post:add', '#', 'admin', '2018-03-16 11:33:00', 'ry', '2018-03-16 11:33:00', '');
INSERT INTO `sys_menu` VALUES ('1022', '岗位修改', '104', '3', '#', '', 'F', '0', '1', 'system:post:edit', '#', 'admin', '2018-03-16 11:33:00', 'ry', '2018-03-16 11:33:00', '');
INSERT INTO `sys_menu` VALUES ('1023', '岗位删除', '104', '4', '#', '', 'F', '0', '1', 'system:post:remove', '#', 'admin', '2018-03-16 11:33:00', 'ry', '2018-03-16 11:33:00', '');
INSERT INTO `sys_menu` VALUES ('1024', '岗位导出', '104', '5', '#', '', 'F', '0', '1', 'system:post:export', '#', 'admin', '2018-03-16 11:33:00', 'ry', '2018-03-16 11:33:00', '');
INSERT INTO `sys_menu` VALUES ('1025', '字典查询', '105', '1', '#', '', 'F', '0', '1', 'system:dict:list', '#', 'admin', '2018-03-16 11:33:00', 'ry', '2018-03-16 11:33:00', '');
INSERT INTO `sys_menu` VALUES ('1026', '字典新增', '105', '2', '#', '', 'F', '0', '1', 'system:dict:add', '#', 'admin', '2018-03-16 11:33:00', 'ry', '2018-03-16 11:33:00', '');
INSERT INTO `sys_menu` VALUES ('1027', '字典修改', '105', '3', '#', '', 'F', '0', '1', 'system:dict:edit', '#', 'admin', '2018-03-16 11:33:00', 'ry', '2018-03-16 11:33:00', '');
INSERT INTO `sys_menu` VALUES ('1028', '字典删除', '105', '4', '#', '', 'F', '0', '1', 'system:dict:remove', '#', 'admin', '2018-03-16 11:33:00', 'ry', '2018-03-16 11:33:00', '');
INSERT INTO `sys_menu` VALUES ('1029', '字典导出', '105', '5', '#', '', 'F', '0', '1', 'system:dict:export', '#', 'admin', '2018-03-16 11:33:00', 'ry', '2018-03-16 11:33:00', '');
INSERT INTO `sys_menu` VALUES ('1030', '参数查询', '106', '1', '#', '', 'F', '0', '1', 'system:config:list', '#', 'admin', '2018-03-16 11:33:00', 'ry', '2018-03-16 11:33:00', '');
INSERT INTO `sys_menu` VALUES ('1031', '参数新增', '106', '2', '#', '', 'F', '0', '1', 'system:config:add', '#', 'admin', '2018-03-16 11:33:00', 'ry', '2018-03-16 11:33:00', '');
INSERT INTO `sys_menu` VALUES ('1032', '参数修改', '106', '3', '#', '', 'F', '0', '1', 'system:config:edit', '#', 'admin', '2018-03-16 11:33:00', 'ry', '2018-03-16 11:33:00', '');
INSERT INTO `sys_menu` VALUES ('1033', '参数删除', '106', '4', '#', '', 'F', '0', '1', 'system:config:remove', '#', 'admin', '2018-03-16 11:33:00', 'ry', '2018-03-16 11:33:00', '');
INSERT INTO `sys_menu` VALUES ('1034', '参数导出', '106', '5', '#', '', 'F', '0', '1', 'system:config:export', '#', 'admin', '2018-03-16 11:33:00', 'ry', '2018-03-16 11:33:00', '');
INSERT INTO `sys_menu` VALUES ('1039', '操作查询', '500', '1', '#', '', 'F', '0', '1', 'monitor:operlog:list', '#', 'admin', '2018-03-16 11:33:00', 'ry', '2018-03-16 11:33:00', '');
INSERT INTO `sys_menu` VALUES ('1040', '操作删除', '500', '2', '#', '', 'F', '0', '1', 'monitor:operlog:remove', '#', 'admin', '2018-03-16 11:33:00', 'ry', '2018-03-16 11:33:00', '');
INSERT INTO `sys_menu` VALUES ('1041', '详细信息', '500', '3', '#', '', 'F', '0', '1', 'monitor:operlog:detail', '#', 'admin', '2018-03-16 11:33:00', 'ry', '2018-03-16 11:33:00', '');
INSERT INTO `sys_menu` VALUES ('1042', '日志导出', '500', '4', '#', '', 'F', '0', '1', 'monitor:operlog:export', '#', 'admin', '2018-03-16 11:33:00', 'ry', '2018-03-16 11:33:00', '');
INSERT INTO `sys_menu` VALUES ('1043', '登录查询', '501', '1', '#', '', 'F', '0', '1', 'monitor:logininfor:list', '#', 'admin', '2018-03-16 11:33:00', 'ry', '2018-03-16 11:33:00', '');
INSERT INTO `sys_menu` VALUES ('1044', '登录删除', '501', '2', '#', '', 'F', '0', '1', 'monitor:logininfor:remove', '#', 'admin', '2018-03-16 11:33:00', 'ry', '2018-03-16 11:33:00', '');
INSERT INTO `sys_menu` VALUES ('1045', '日志导出', '501', '3', '#', '', 'F', '0', '1', 'monitor:logininfor:export', '#', 'admin', '2018-03-16 11:33:00', 'ry', '2018-03-16 11:33:00', '');
INSERT INTO `sys_menu` VALUES ('1046', '在线查询', '109', '1', '#', '', 'F', '0', '1', 'monitor:online:list', '#', 'admin', '2018-03-16 11:33:00', 'ry', '2018-03-16 11:33:00', '');
INSERT INTO `sys_menu` VALUES ('1047', '批量强退', '109', '2', '#', '', 'F', '0', '1', 'monitor:online:batchForceLogout', '#', 'admin', '2018-03-16 11:33:00', 'ry', '2018-03-16 11:33:00', '');
INSERT INTO `sys_menu` VALUES ('1048', '单条强退', '109', '3', '#', '', 'F', '0', '1', 'monitor:online:forceLogout', '#', 'admin', '2018-03-16 11:33:00', 'ry', '2018-03-16 11:33:00', '');
INSERT INTO `sys_menu` VALUES ('1049', '任务查询', '110', '1', '#', '', 'F', '0', '1', 'monitor:job:list', '#', 'admin', '2018-03-16 11:33:00', 'ry', '2018-03-16 11:33:00', '');
INSERT INTO `sys_menu` VALUES ('1050', '任务新增', '110', '2', '#', '', 'F', '0', '1', 'monitor:job:add', '#', 'admin', '2018-03-16 11:33:00', 'ry', '2018-03-16 11:33:00', '');
INSERT INTO `sys_menu` VALUES ('1051', '任务修改', '110', '3', '#', '', 'F', '0', '1', 'monitor:job:edit', '#', 'admin', '2018-03-16 11:33:00', 'ry', '2018-03-16 11:33:00', '');
INSERT INTO `sys_menu` VALUES ('1052', '任务删除', '110', '4', '#', '', 'F', '0', '1', 'monitor:job:remove', '#', 'admin', '2018-03-16 11:33:00', 'ry', '2018-03-16 11:33:00', '');
INSERT INTO `sys_menu` VALUES ('1053', '状态修改', '110', '5', '#', '', 'F', '0', '1', 'monitor:job:changeStatus', '#', 'admin', '2018-03-16 11:33:00', 'ry', '2018-03-16 11:33:00', '');
INSERT INTO `sys_menu` VALUES ('1054', '任务详细', '110', '6', '#', '', 'F', '0', '1', 'monitor:job:detail', '#', 'admin', '2018-03-16 11:33:00', 'ry', '2018-03-16 11:33:00', '');
INSERT INTO `sys_menu` VALUES ('1055', '任务导出', '110', '7', '#', '', 'F', '0', '1', 'monitor:job:export', '#', 'admin', '2018-03-16 11:33:00', 'ry', '2018-03-16 11:33:00', '');
INSERT INTO `sys_menu` VALUES ('1056', '生成查询', '114', '1', '#', '', 'F', '0', '1', 'tool:gen:list', '#', 'admin', '2018-03-16 11:33:00', 'admin', '2018-03-16 11:33:00', '');
INSERT INTO `sys_menu` VALUES ('1057', '生成修改', '114', '2', '#', '', 'F', '0', '1', 'tool:gen:edit', '#', 'admin', '2018-03-16 11:33:00', 'admin', '2018-03-16 11:33:00', '');
INSERT INTO `sys_menu` VALUES ('1058', '生成删除', '114', '3', '#', '', 'F', '0', '1', 'tool:gen:remove', '#', 'admin', '2018-03-16 11:33:00', 'admin', '2018-03-16 11:33:00', '');
INSERT INTO `sys_menu` VALUES ('1059', '预览代码', '114', '4', '#', '', 'F', '0', '1', 'tool:gen:preview', '#', 'admin', '2018-03-16 11:33:00', 'admin', '2018-03-16 11:33:00', '');
INSERT INTO `sys_menu` VALUES ('1060', '生成代码', '114', '5', '#', '', 'F', '0', '1', 'tool:gen:code', '#', 'admin', '2018-03-16 11:33:00', 'admin', '2018-03-16 11:33:00', '');
INSERT INTO `sys_menu` VALUES ('1061', 'Demo管理', '0', '100', '#', 'menuItem', 'M', '0', '1', '', 'fa fa-edit', 'system', '2019-08-26 21:10:00', 'system', '2021-06-28 21:43:06', '');
INSERT INTO `sys_menu` VALUES ('1074', '在线办公', '0', '6', '#', 'menuItem', 'M', '0', '1', '', 'fa fa-newspaper-o', 'system', '2019-09-25 19:02:42', 'system', '2020-12-21 14:11:49', '');
INSERT INTO `sys_menu` VALUES ('1077', '通知通告', '1074', '10', '#', 'menuItem', 'M', '0', '1', null, 'fa fa-bullhorn', 'system', '2019-09-25 19:07:34', '', null, '');
INSERT INTO `sys_menu` VALUES ('1078', '我的通知通告', '1077', '10', '/system/notice/self', 'menuItem', 'C', '1', '1', 'system:notice:view', '#', 'system', '2019-09-25 19:08:12', 'system', '2020-12-20 21:01:03', '');
INSERT INTO `sys_menu` VALUES ('1079', '通告通知管理', '1077', '10', '/system/notice', 'menuItem', 'C', '1', '1', '', '#', 'system', '2019-09-25 19:09:24', 'system', '2020-12-20 21:01:17', '');
INSERT INTO `sys_menu` VALUES ('1080', '个人办公', '1074', '10', '#', 'menuItem', 'M', '0', '1', '', 'fa fa-address-card-o', 'system', '2019-09-25 19:11:04', 'system', '2020-09-04 21:25:51', '');
INSERT INTO `sys_menu` VALUES ('1081', '我的任务', '1080', '5', '/activiti/task/todo', 'menuItem', 'C', '0', '1', 'activiti:task:view', '#', 'system', '2019-09-25 19:11:24', 'system', '2019-11-05 00:52:42', '');
INSERT INTO `sys_menu` VALUES ('1083', '请假申请', '1080', '10', '/oa/leave/list', 'menuItem', 'C', '0', '1', 'activiti:leave:list', '#', 'system', '2019-09-25 19:12:25', 'system', '2021-07-04 22:03:19', '');
INSERT INTO `sys_menu` VALUES ('1091', '账户解锁', '501', '30', '#', 'menuItem', 'F', '0', '1', 'monitor:logininfor:unlock', '#', 'system', '2019-10-08 19:42:12', '', null, '');
INSERT INTO `sys_menu` VALUES ('1092', '新增请假申请', '1083', '10', '#', 'menuItem', 'F', '0', '1', 'activiti:leave:add', '#', 'system', '2019-10-13 14:34:58', '', null, '');
INSERT INTO `sys_menu` VALUES ('1093', '删除请假信息', '1083', '30', '#', 'menuItem', 'F', '0', '1', 'activiti:leave:remove', '#', 'system', '2019-10-13 14:57:14', '', null, '');
INSERT INTO `sys_menu` VALUES ('1097', '审批', '1083', '10', '#', 'menuItem', 'F', '0', '1', 'activiti:leaveAudit:edit', '#', 'system', '2019-11-05 00:53:23', '', null, '');
INSERT INTO `sys_menu` VALUES ('1101', '公告新增', '1079', '1', '#', 'menuItem', 'F', '0', '1', 'system:notice:add', '#', 'system', '2019-12-02 20:57:14', 'system', '2019-12-02 21:16:23', '');
INSERT INTO `sys_menu` VALUES ('1102', '公告修改', '1079', '2', '#', 'menuItem', 'F', '0', '1', 'system:notice:edit', '#', 'system', '2019-12-02 20:57:43', 'system', '2019-12-02 21:16:29', '');
INSERT INTO `sys_menu` VALUES ('1103', '公告删除', '1079', '3', '#', 'menuItem', 'F', '0', '1', 'system:notice:remove', '#', 'system', '2019-12-02 20:58:09', 'system', '2019-12-02 21:16:37', '');
INSERT INTO `sys_menu` VALUES ('1104', '通知通告查看', '1078', '1', '#', 'menuItem', 'F', '0', '1', 'system:notice:list', '#', 'system', '2019-12-02 21:12:51', 'system', '2019-12-02 21:14:49', '');
INSERT INTO `sys_menu` VALUES ('1105', '企业官网管理', '0', '5', '#', 'menuItem', 'M', '0', '1', '', 'fa fa-clone', 'system', '2019-12-03 23:39:29', 'system', '2021-01-20 14:57:04', '');
INSERT INTO `sys_menu` VALUES ('1113', '站点栏目管理', '1105', '10', '#', 'menuItem', 'M', '0', '1', '', 'fa fa-calendar', 'system', '2019-12-18 21:32:18', 'system', '2021-07-05 17:59:56', '');
INSERT INTO `sys_menu` VALUES ('1114', '栏目列表', '1113', '10', '/cms/column/index', 'menuItem', 'C', '0', '1', '', 'fa fa-home', 'system', '2019-12-18 21:33:21', 'system', '2020-12-24 21:49:59', '');
INSERT INTO `sys_menu` VALUES ('1115', '站点列表', '1113', '20', '/cms/site/index', 'menuItem', 'C', '0', '1', '', 'fa fa-briefcase', 'system', '2019-12-18 21:34:13', 'system', '2021-07-05 18:00:13', '');
INSERT INTO `sys_menu` VALUES ('1117', '内容管理', '1105', '50', '#', 'menuItem', 'M', '0', '1', null, 'fa fa-edit', 'system', '2019-12-18 21:35:58', '', null, '');
INSERT INTO `sys_menu` VALUES ('1118', '广告列表', '1117', '5', '/cms/advertising', 'menuItem', 'C', '0', '1', 'cms:advertising:view', 'fa fa-bullhorn', 'system', '2019-12-18 21:36:58', 'system', '2020-12-25 01:22:03', '');
INSERT INTO `sys_menu` VALUES ('1119', '文章列表', '1117', '10', '/cms/article', 'menuItem', 'C', '0', '1', 'cms:article:view', 'fa fa-clone', 'system', '2019-12-18 21:38:13', 'system', '2020-12-25 01:23:01', '');
INSERT INTO `sys_menu` VALUES ('1123', '文件管理', '0', '20', '#', 'menuItem', 'M', '0', '1', '', 'fa fa-folder', 'system', '2020-05-13 22:21:10', 'system', '2021-06-28 23:00:01', '');
INSERT INTO `sys_menu` VALUES ('1124', '我的文件', '1123', '10', '/ckfinder/ckfinder.html', 'menuItem', 'C', '0', '1', null, 'fa fa-folder-open', 'system', '2020-05-13 22:22:22', '', null, '');
INSERT INTO `sys_menu` VALUES ('1126', '工作流程管理', '0', '15', '#', 'menuItem', 'M', '0', '1', null, 'fa fa-qrcode', 'system', '2020-07-15 19:42:47', '', null, '');
INSERT INTO `sys_menu` VALUES ('1127', '模型', '1126', '10', '#', 'menuItem', 'M', '0', '1', '', 'fa fa-map', 'system', '2020-07-15 19:46:20', 'system', '2020-09-04 21:24:18', '');
INSERT INTO `sys_menu` VALUES ('1128', '流程', '1126', '20', '#', 'menuItem', 'M', '0', '1', '', 'fa fa-database', 'system', '2020-07-15 19:46:40', 'system', '2020-09-04 21:24:32', '');
INSERT INTO `sys_menu` VALUES ('1130', '流程列表', '1128', '10', '/activiti/process', 'menuItem', 'C', '0', '1', 'activiti:process:view', '#', 'system', '2020-07-15 19:51:10', '', null, '');
INSERT INTO `sys_menu` VALUES ('1131', '运行中的流程', '1128', '20', '/activiti/process/toRunningList', 'menuItem', 'C', '0', '1', 'activiti:process:list', '#', 'system', '2020-07-15 19:53:42', '', null, '');
INSERT INTO `sys_menu` VALUES ('1132', '流程管理', '1128', '30', '/activiti/process/myProcess', 'menuItem', 'C', '0', '1', 'activiti:process:view,activiti:model:add', '#', 'system', '2020-07-15 20:05:03', '', null, '');
INSERT INTO `sys_menu` VALUES ('1133', '模型管理', '1127', '20', '/activiti/model/myModel', 'menuItem', 'C', '0', '1', 'activiti:model:view', '#', 'system', '2020-07-15 20:05:51', '', null, '');
INSERT INTO `sys_menu` VALUES ('1134', '删除运行流程实例', '1131', '10', '#', 'menuItem', 'F', '0', '1', 'activiti:process:edit', '#', 'system', '2020-07-15 20:07:01', '', null, '');
INSERT INTO `sys_menu` VALUES ('1139', '系统接口（knife4j）', '3', '10', '/doc.html', 'menuBlank', 'C', '0', '1', '', 'fa fa-exchange', 'system', '2020-10-01 13:20:58', 'system', '2020-10-01 13:22:19', '');
INSERT INTO `sys_menu` VALUES ('1141', '缓存监控', '2', '10', '/monitor/cache', 'menuItem', 'C', '0', '1', 'monitor:cache:view', 'fa fa-cube', 'system', '2020-11-23 16:08:00', 'system', '2020-11-23 16:09:11', '缓存监控菜单');
INSERT INTO `sys_menu` VALUES ('1142', '通告管理', '1077', '5', '/oa/notify', 'menuItem', 'C', '0', '1', 'oa:notify:view', 'fa fa-commenting-o', 'system', '2020-12-19 13:47:02', 'system', '2020-12-19 19:04:38', '');
INSERT INTO `sys_menu` VALUES ('1143', '新增', '1142', '10', '#', 'menuItem', 'F', '0', '1', 'oa:notify:add', '#', 'system', '2020-12-19 13:48:01', 'system', '2020-12-19 13:50:01', '');
INSERT INTO `sys_menu` VALUES ('1144', '修改', '1142', '20', '#', 'menuItem', 'F', '0', '1', 'oa:notify:edit', '#', 'system', '2020-12-19 13:48:27', '', null, '');
INSERT INTO `sys_menu` VALUES ('1145', '删除', '1142', '30', '#', 'menuItem', 'F', '0', '1', 'oa:notify:remove', '#', 'system', '2020-12-19 13:48:55', '', null, '');
INSERT INTO `sys_menu` VALUES ('1146', '我的通知', '1077', '4', '/oa/notify/myNotify', 'menuItem', 'C', '0', '0', 'oa:notify:myNotify', 'fa fa-commenting-o', 'system', '2020-12-19 18:42:08', 'system', '2021-07-07 14:16:10', '');
INSERT INTO `sys_menu` VALUES ('1148', '新增', '1118', '20', '#', 'menuItem', 'F', '0', '1', 'cms:advertising:add', '#', 'system', '2020-12-25 00:49:13', '', null, '');
INSERT INTO `sys_menu` VALUES ('1149', '修改', '1118', '30', '#', 'menuItem', 'F', '0', '1', 'cms:advertising:edit', '#', 'system', '2020-12-25 00:49:33', '', null, '');
INSERT INTO `sys_menu` VALUES ('1150', '删除', '1118', '40', '#', 'menuItem', 'F', '0', '1', 'cms:advertising:remove', '#', 'system', '2020-12-25 00:49:52', '', null, '');
INSERT INTO `sys_menu` VALUES ('1151', '新增', '1119', '10', '#', 'menuItem', 'F', '0', '1', 'cms:article:add', '#', 'system', '2020-12-25 01:23:52', 'system', '2020-12-25 01:24:21', '');
INSERT INTO `sys_menu` VALUES ('1152', '修改', '1119', '20', '#', 'menuItem', 'F', '0', '1', 'cms:article:edit', '#', 'system', '2020-12-25 01:24:07', 'system', '2020-12-25 01:24:35', '');
INSERT INTO `sys_menu` VALUES ('1153', '删除', '1119', '30', '#', 'menuItem', 'F', '0', '1', 'cms:article:remove', '#', 'system', '2020-12-25 01:24:50', '', null, '');
INSERT INTO `sys_menu` VALUES ('1154', '新增', '1115', '10', '#', 'menuItem', 'F', '0', '1', 'cms:site:add', '#', 'system', '2021-01-05 19:50:54', '', null, '');
INSERT INTO `sys_menu` VALUES ('1155', '修改', '1115', '20', '#', 'menuItem', 'F', '0', '1', 'cms:site:edit', '#', 'system', '2021-01-05 19:51:22', '', null, '');
INSERT INTO `sys_menu` VALUES ('1156', '删除', '1115', '30', '#', 'menuItem', 'F', '0', '1', 'cms:site:remove', '#', 'system', '2021-01-05 19:51:46', '', null, '');
INSERT INTO `sys_menu` VALUES ('1174', '大数据导入', '1061', '110', '/demo/import/index', 'menuItem', 'C', '0', '1', '', '#', 'system', '2021-06-17 10:21:09', 'system', '2021-06-17 10:22:15', '');
INSERT INTO `sys_menu` VALUES ('1175', 'MD在线编辑器', '1061', '50', '/demo/markdown/markdownEdit', 'menuBlank', 'C', '0', '1', '', '#', 'system', '2021-06-21 16:22:37', 'system', '2021-06-24 20:33:33', '');
INSERT INTO `sys_menu` VALUES ('1176', '文档管理', '1105', '60', '#', 'menuItem', 'M', '0', '1', '', 'fa fa-file-word-o', 'system', '2021-06-24 17:47:05', 'system', '2021-06-24 20:04:11', '');
INSERT INTO `sys_menu` VALUES ('1177', '文档列表', '1176', '10', '/cms/helpDoc', 'menuItem', 'C', '0', '1', '', '#', 'system', '2021-06-24 17:48:46', 'system', '2021-06-24 17:55:33', '');

-- ----------------------------
-- Table structure for sys_notice
-- ----------------------------
DROP TABLE IF EXISTS `sys_notice`;
CREATE TABLE `sys_notice` (
  `notice_id` int(4) NOT NULL AUTO_INCREMENT COMMENT '公告ID',
  `notice_title` varchar(50) NOT NULL COMMENT '公告标题',
  `notice_type` char(1) NOT NULL COMMENT '公告类型（1通知 2公告）',
  `notice_content` varchar(2000) DEFAULT NULL COMMENT '公告内容',
  `status` char(1) DEFAULT '0' COMMENT '公告状态（0正常 1关闭）',
  `create_by` varchar(64) DEFAULT '' COMMENT '创建者',
  `create_time` datetime DEFAULT NULL COMMENT '创建时间',
  `update_by` varchar(64) DEFAULT '' COMMENT '更新者',
  `update_time` datetime DEFAULT NULL COMMENT '更新时间',
  `remark` varchar(255) DEFAULT NULL COMMENT '备注',
  PRIMARY KEY (`notice_id`)
) ENGINE=InnoDB AUTO_INCREMENT=5 DEFAULT CHARSET=utf8mb4 COMMENT='通知公告表';

-- ----------------------------
-- Records of sys_notice
-- ----------------------------
INSERT INTO `sys_notice` VALUES ('3', '温馨提醒： 后台管理系统新版本发布', '2', '<p>系统新版本发布<br></p>', '0', 'system', '2019-09-07 03:22:43', 'dlsdys', '2019-12-02 21:09:52', null);
INSERT INTO `sys_notice` VALUES ('4', '维护通知：后台管理系统更新', '1', '<p>系统维护更新<br></p>', '0', 'system', '2019-09-07 03:23:11', 'system', '2019-12-02 20:39:51', null);

-- ----------------------------
-- Table structure for sys_oper_log
-- ----------------------------
DROP TABLE IF EXISTS `sys_oper_log`;
CREATE TABLE `sys_oper_log` (
  `oper_id` bigint(20) NOT NULL AUTO_INCREMENT COMMENT '日志主键',
  `title` varchar(50) DEFAULT '' COMMENT '模块标题',
  `business_type` int(2) DEFAULT '0' COMMENT '业务类型（0其它 1新增 2修改 3删除）',
  `method` varchar(100) DEFAULT '' COMMENT '方法名称',
  `request_method` varchar(10) DEFAULT '' COMMENT '请求方式',
  `operator_type` int(1) DEFAULT '0' COMMENT '操作类别（0其它 1后台用户 2手机端用户）',
  `oper_name` varchar(50) DEFAULT '' COMMENT '操作人员',
  `dept_name` varchar(50) DEFAULT '' COMMENT '部门名称',
  `oper_url` varchar(255) DEFAULT '' COMMENT '请求URL',
  `oper_ip` varchar(128) DEFAULT '' COMMENT '主机地址',
  `oper_location` varchar(255) DEFAULT '' COMMENT '操作地点',
  `oper_param` varchar(2000) DEFAULT '' COMMENT '请求参数',
  `json_result` varchar(2000) DEFAULT '' COMMENT '返回参数',
  `status` int(1) DEFAULT '0' COMMENT '操作状态（0正常 1异常）',
  `error_msg` varchar(2000) DEFAULT '' COMMENT '错误消息',
  `oper_time` datetime DEFAULT NULL COMMENT '操作时间',
  PRIMARY KEY (`oper_id`)
) ENGINE=InnoDB AUTO_INCREMENT=3 DEFAULT CHARSET=utf8mb4 COMMENT='操作日志记录';

-- ----------------------------
-- Table structure for sys_post
-- ----------------------------
DROP TABLE IF EXISTS `sys_post`;
CREATE TABLE `sys_post` (
  `post_id` bigint(20) NOT NULL AUTO_INCREMENT COMMENT '岗位ID',
  `post_code` varchar(64) NOT NULL COMMENT '岗位编码',
  `post_name` varchar(50) NOT NULL COMMENT '岗位名称',
  `post_sort` int(4) NOT NULL COMMENT '显示顺序',
  `status` char(1) NOT NULL COMMENT '状态（0正常 1停用）',
  `create_by` varchar(64) DEFAULT '' COMMENT '创建者',
  `create_time` datetime DEFAULT NULL COMMENT '创建时间',
  `update_by` varchar(64) DEFAULT '' COMMENT '更新者',
  `update_time` datetime DEFAULT NULL COMMENT '更新时间',
  `remark` varchar(500) DEFAULT NULL COMMENT '备注',
  PRIMARY KEY (`post_id`)
) ENGINE=InnoDB AUTO_INCREMENT=7 DEFAULT CHARSET=utf8mb4 COMMENT='岗位信息表';

-- ----------------------------
-- Records of sys_post
-- ----------------------------
INSERT INTO `sys_post` VALUES ('1', 'gm', '董事长', '1', '0', 'admin', '2018-03-16 11:33:00', 'system', '2021-06-30 00:01:20', '');
INSERT INTO `sys_post` VALUES ('2', 'pm', '项目经理', '2', '0', 'admin', '2018-03-16 11:33:00', 'system', '2021-06-30 00:01:48', '');
INSERT INTO `sys_post` VALUES ('3', 'hr', '人力资源', '3', '0', 'admin', '2018-03-16 11:33:00', 'ry', '2018-03-16 11:33:00', '');
INSERT INTO `sys_post` VALUES ('4', 'common', '普通员工', '4', '0', 'admin', '2018-03-16 11:33:00', 'system', '2021-06-30 00:02:11', '');
INSERT INTO `sys_post` VALUES ('5', 'sys', '超级系统管理员', '5', '0', 'system', '2019-12-02 00:29:17', 'system', '2021-06-28 21:44:04', '超级系统管理员');
INSERT INTO `sys_post` VALUES ('6', 'ceo', '总经理', '6', '0', 'system', '2021-06-12 18:33:48', 'system', '2021-06-30 00:01:26', '总经理');

-- ----------------------------
-- Table structure for sys_role
-- ----------------------------
DROP TABLE IF EXISTS `sys_role`;
CREATE TABLE `sys_role` (
  `role_id` bigint(20) NOT NULL AUTO_INCREMENT COMMENT '角色ID',
  `role_name` varchar(30) NOT NULL COMMENT '角色名称',
  `role_key` varchar(100) NOT NULL COMMENT '角色权限字符串',
  `role_sort` int(4) NOT NULL COMMENT '显示顺序',
  `data_scope` char(1) DEFAULT '1' COMMENT '数据范围（1：全部数据权限 2：自定数据权限 3：本部门数据权限 4：本部门及以下数据权限）',
  `status` char(1) NOT NULL COMMENT '角色状态（0正常 1停用）',
  `del_flag` char(1) DEFAULT '0' COMMENT '删除标志（0代表存在 2代表删除）',
  `create_by` varchar(64) DEFAULT '' COMMENT '创建者',
  `create_time` datetime DEFAULT NULL COMMENT '创建时间',
  `update_by` varchar(64) DEFAULT '' COMMENT '更新者',
  `update_time` datetime DEFAULT NULL COMMENT '更新时间',
  `remark` varchar(500) DEFAULT NULL COMMENT '备注',
  PRIMARY KEY (`role_id`)
) ENGINE=InnoDB AUTO_INCREMENT=7 DEFAULT CHARSET=utf8mb4 COMMENT='角色信息表';

-- ----------------------------
-- Records of sys_role
-- ----------------------------
INSERT INTO `sys_role` VALUES ('1', '超级系统管理员', 'sys', '1', '1', '0', '0', 'admin', '2018-03-16 11:33:00', 'system', '2021-06-28 20:49:14', '超级系统管理员');
INSERT INTO `sys_role` VALUES ('2', '管理员', 'admin', '2', '4', '0', '0', 'admin', '2018-03-16 11:33:00', 'system', '2021-07-04 22:04:23', '管理员');
INSERT INTO `sys_role` VALUES ('3', '普通用户', 'common', '3', '5', '0', '0', 'admin', '2019-08-12 19:41:19', 'system', '2021-07-04 22:04:02', '普通用户');
INSERT INTO `sys_role` VALUES ('4', '部门经理', 'deptAdmin', '4', '3', '0', '0', 'system', '2019-10-15 22:26:03', 'system', '2021-07-04 22:04:41', '部门经理');
INSERT INTO `sys_role` VALUES ('5', 'HR', 'hr', '20', '1', '0', '0', 'system', '2019-10-17 18:58:59', 'system', '2021-07-04 22:04:48', '人事主管');
INSERT INTO `sys_role` VALUES ('6', '总经理', 'ceo', '21', '1', '0', '0', 'system', '2019-11-05 16:27:48', 'system', '2021-07-04 22:05:02', '');

-- ----------------------------
-- Table structure for sys_role_dept
-- ----------------------------
DROP TABLE IF EXISTS `sys_role_dept`;
CREATE TABLE `sys_role_dept` (
  `role_id` bigint(20) NOT NULL COMMENT '角色ID',
  `dept_id` bigint(20) NOT NULL COMMENT '部门ID',
  PRIMARY KEY (`role_id`,`dept_id`)
) ENGINE=InnoDB DEFAULT CHARSET=utf8mb4 COMMENT='角色和部门关联表';

-- ----------------------------
-- Records of sys_role_dept
-- ----------------------------

-- ----------------------------
-- Table structure for sys_role_menu
-- ----------------------------
DROP TABLE IF EXISTS `sys_role_menu`;
CREATE TABLE `sys_role_menu` (
  `role_id` bigint(20) NOT NULL COMMENT '角色ID',
  `menu_id` bigint(20) NOT NULL COMMENT '菜单ID',
  PRIMARY KEY (`role_id`,`menu_id`)
) ENGINE=InnoDB DEFAULT CHARSET=utf8mb4 COMMENT='角色和菜单关联表';

-- ----------------------------
-- Records of sys_role_menu
-- ----------------------------
INSERT INTO `sys_role_menu` VALUES ('2', '1074');
INSERT INTO `sys_role_menu` VALUES ('2', '1077');
INSERT INTO `sys_role_menu` VALUES ('2', '1080');
INSERT INTO `sys_role_menu` VALUES ('2', '1083');
INSERT INTO `sys_role_menu` VALUES ('2', '1092');
INSERT INTO `sys_role_menu` VALUES ('2', '1105');
INSERT INTO `sys_role_menu` VALUES ('2', '1113');
INSERT INTO `sys_role_menu` VALUES ('2', '1114');
INSERT INTO `sys_role_menu` VALUES ('2', '1115');
INSERT INTO `sys_role_menu` VALUES ('2', '1117');
INSERT INTO `sys_role_menu` VALUES ('2', '1118');
INSERT INTO `sys_role_menu` VALUES ('2', '1119');
INSERT INTO `sys_role_menu` VALUES ('2', '1146');
INSERT INTO `sys_role_menu` VALUES ('2', '1148');
INSERT INTO `sys_role_menu` VALUES ('2', '1149');
INSERT INTO `sys_role_menu` VALUES ('2', '1150');
INSERT INTO `sys_role_menu` VALUES ('2', '1151');
INSERT INTO `sys_role_menu` VALUES ('2', '1152');
INSERT INTO `sys_role_menu` VALUES ('2', '1153');
INSERT INTO `sys_role_menu` VALUES ('2', '1154');
INSERT INTO `sys_role_menu` VALUES ('2', '1155');
INSERT INTO `sys_role_menu` VALUES ('2', '1156');
INSERT INTO `sys_role_menu` VALUES ('3', '1074');
INSERT INTO `sys_role_menu` VALUES ('3', '1077');
INSERT INTO `sys_role_menu` VALUES ('3', '1080');
INSERT INTO `sys_role_menu` VALUES ('3', '1083');
INSERT INTO `sys_role_menu` VALUES ('3', '1092');
INSERT INTO `sys_role_menu` VALUES ('3', '1123');
INSERT INTO `sys_role_menu` VALUES ('3', '1124');
INSERT INTO `sys_role_menu` VALUES ('3', '1146');
INSERT INTO `sys_role_menu` VALUES ('4', '1');
INSERT INTO `sys_role_menu` VALUES ('4', '100');
INSERT INTO `sys_role_menu` VALUES ('4', '1000');
INSERT INTO `sys_role_menu` VALUES ('4', '1074');
INSERT INTO `sys_role_menu` VALUES ('4', '1077');
INSERT INTO `sys_role_menu` VALUES ('4', '1080');
INSERT INTO `sys_role_menu` VALUES ('4', '1081');
INSERT INTO `sys_role_menu` VALUES ('4', '1083');
INSERT INTO `sys_role_menu` VALUES ('4', '1092');
INSERT INTO `sys_role_menu` VALUES ('4', '1097');
INSERT INTO `sys_role_menu` VALUES ('4', '1146');
INSERT INTO `sys_role_menu` VALUES ('5', '1');
INSERT INTO `sys_role_menu` VALUES ('5', '100');
INSERT INTO `sys_role_menu` VALUES ('5', '101');
INSERT INTO `sys_role_menu` VALUES ('5', '103');
INSERT INTO `sys_role_menu` VALUES ('5', '104');
INSERT INTO `sys_role_menu` VALUES ('5', '1000');
INSERT INTO `sys_role_menu` VALUES ('5', '1001');
INSERT INTO `sys_role_menu` VALUES ('5', '1002');
INSERT INTO `sys_role_menu` VALUES ('5', '1003');
INSERT INTO `sys_role_menu` VALUES ('5', '1004');
INSERT INTO `sys_role_menu` VALUES ('5', '1005');
INSERT INTO `sys_role_menu` VALUES ('5', '1006');
INSERT INTO `sys_role_menu` VALUES ('5', '1007');
INSERT INTO `sys_role_menu` VALUES ('5', '1008');
INSERT INTO `sys_role_menu` VALUES ('5', '1009');
INSERT INTO `sys_role_menu` VALUES ('5', '1011');
INSERT INTO `sys_role_menu` VALUES ('5', '1016');
INSERT INTO `sys_role_menu` VALUES ('5', '1017');
INSERT INTO `sys_role_menu` VALUES ('5', '1018');
INSERT INTO `sys_role_menu` VALUES ('5', '1019');
INSERT INTO `sys_role_menu` VALUES ('5', '1020');
INSERT INTO `sys_role_menu` VALUES ('5', '1021');
INSERT INTO `sys_role_menu` VALUES ('5', '1022');
INSERT INTO `sys_role_menu` VALUES ('5', '1023');
INSERT INTO `sys_role_menu` VALUES ('5', '1024');
INSERT INTO `sys_role_menu` VALUES ('5', '1074');
INSERT INTO `sys_role_menu` VALUES ('5', '1077');
INSERT INTO `sys_role_menu` VALUES ('5', '1080');
INSERT INTO `sys_role_menu` VALUES ('5', '1081');
INSERT INTO `sys_role_menu` VALUES ('5', '1083');
INSERT INTO `sys_role_menu` VALUES ('5', '1092');
INSERT INTO `sys_role_menu` VALUES ('5', '1097');
INSERT INTO `sys_role_menu` VALUES ('5', '1123');
INSERT INTO `sys_role_menu` VALUES ('5', '1124');
INSERT INTO `sys_role_menu` VALUES ('5', '1142');
INSERT INTO `sys_role_menu` VALUES ('5', '1143');
INSERT INTO `sys_role_menu` VALUES ('5', '1144');
INSERT INTO `sys_role_menu` VALUES ('5', '1145');
INSERT INTO `sys_role_menu` VALUES ('5', '1146');
INSERT INTO `sys_role_menu` VALUES ('6', '1');
INSERT INTO `sys_role_menu` VALUES ('6', '100');
INSERT INTO `sys_role_menu` VALUES ('6', '101');
INSERT INTO `sys_role_menu` VALUES ('6', '103');
INSERT INTO `sys_role_menu` VALUES ('6', '104');
INSERT INTO `sys_role_menu` VALUES ('6', '1000');
INSERT INTO `sys_role_menu` VALUES ('6', '1004');
INSERT INTO `sys_role_menu` VALUES ('6', '1007');
INSERT INTO `sys_role_menu` VALUES ('6', '1011');
INSERT INTO `sys_role_menu` VALUES ('6', '1016');
INSERT INTO `sys_role_menu` VALUES ('6', '1020');
INSERT INTO `sys_role_menu` VALUES ('6', '1074');
INSERT INTO `sys_role_menu` VALUES ('6', '1077');
INSERT INTO `sys_role_menu` VALUES ('6', '1080');
INSERT INTO `sys_role_menu` VALUES ('6', '1081');
INSERT INTO `sys_role_menu` VALUES ('6', '1083');
INSERT INTO `sys_role_menu` VALUES ('6', '1092');
INSERT INTO `sys_role_menu` VALUES ('6', '1097');
INSERT INTO `sys_role_menu` VALUES ('6', '1123');
INSERT INTO `sys_role_menu` VALUES ('6', '1124');
INSERT INTO `sys_role_menu` VALUES ('6', '1146');

-- ----------------------------
-- Table structure for sys_user
-- ----------------------------
DROP TABLE IF EXISTS `sys_user`;
CREATE TABLE `sys_user` (
  `user_id` bigint(20) NOT NULL AUTO_INCREMENT COMMENT '用户ID',
  `dept_id` bigint(20) DEFAULT NULL COMMENT '部门ID',
  `login_name` varchar(30) NOT NULL DEFAULT '' COMMENT '登录账号',
  `user_name` varchar(30) NOT NULL DEFAULT '' COMMENT '用户昵称',
  `id_card` varchar(18) NOT NULL COMMENT '身份证号码',
  `user_type` varchar(2) DEFAULT '00' COMMENT '用户类型（00系统用户 01注册用户）',
  `email` varchar(50) DEFAULT '' COMMENT '用户邮箱',
  `phonenumber` varchar(11) DEFAULT '' COMMENT '手机号码',
  `sex` char(1) DEFAULT '0' COMMENT '用户性别（0男 1女 2未知）',
  `avatar` varchar(100) DEFAULT '' COMMENT '头像路径',
  `password` varchar(50) DEFAULT '' COMMENT '密码',
  `salt` varchar(20) DEFAULT '' COMMENT '盐加密',
  `status` char(1) DEFAULT '0' COMMENT '帐号状态（0正常 1停用）',
  `del_flag` char(1) DEFAULT '0' COMMENT '删除标志（0代表存在 2代表删除）',
  `login_ip` varchar(128) DEFAULT '' COMMENT '最后登陆IP',
  `login_date` datetime DEFAULT NULL COMMENT '最后登陆时间',
  `pwd_update_date` datetime DEFAULT NULL COMMENT '密码最后更新时间',
  `create_by` varchar(64) DEFAULT '' COMMENT '创建者',
  `create_time` datetime DEFAULT NULL COMMENT '创建时间',
  `update_by` varchar(64) DEFAULT '' COMMENT '更新者',
  `update_time` datetime DEFAULT NULL COMMENT '更新时间',
  `remark` varchar(500) DEFAULT '' COMMENT '备注',
  PRIMARY KEY (`user_id`)
) ENGINE=InnoDB AUTO_INCREMENT=19 DEFAULT CHARSET=utf8mb4 COMMENT='用户信息表';

-- ----------------------------
-- Records of sys_user
-- ----------------------------
INSERT INTO `sys_user` VALUES ('1', '100', 'system', '超级系统管理员', '', '00', '1111111111@qq.com', '18888888888', '0', '/profile/avatar/2020/07/17/27f3974b62ea4ff386ae992b18d19380.png', '90e40a84a011a86d0b7e44db9a4dced4', '7fe6d2', '0', '0', '127.0.0.1', '2021-07-07 16:58:11', null, 'admin', '2019-08-11 11:33:00', 'system', '2021-07-07 16:58:10', '超级系统管理员');
INSERT INTO `sys_user` VALUES ('2', '114', 'administrator', '管理员', '', '00', '1111111111@qq.com', '18888888888', '1', '', '3a882584598e16bdec13ea2c7995e839', '19e38e', '0', '0', '127.0.0.1', '2021-01-28 03:02:53', null, 'admin', '2019-08-11 11:33:00', 'system', '2021-05-13 20:48:25', '管理员');
INSERT INTO `sys_user` VALUES ('3', '114', 'admin', '系统管理员', '', '00', '1111111111@qq.com', '18888888888', '0', '', 'b46c0e8cf32e811f82b527c4be6b9a2e', 'e2d39e', '0', '0', '127.0.0.1', '2021-06-14 23:16:06', null, 'admin', '2019-08-12 19:47:25', 'system', '2021-06-14 23:16:05', '系统管理员');
INSERT INTO `sys_user` VALUES ('4', '115', 'ylsnq', '雨落思念起', '', '00', '1111111111@qq.com', '18888888888', '1', '', '3108d23f42f384dd771f1a4fb578932c', '6538bd', '0', '0', '127.0.0.1', '2021-07-04 22:21:29', null, 'system', '2019-08-15 20:24:58', 'system', '2021-07-04 22:21:29', '');
INSERT INTO `sys_user` VALUES ('5', '114', 'test1', 'test1', '', '00', '1111111111@qq.com', '18888888888', '0', '', 'ae41c95f7d808167009258e080c022a1', 'a63a3b', '0', '0', '127.0.0.1', '2021-07-04 22:13:49', null, 'system', '2019-08-15 20:35:34', 'system', '2021-07-04 22:13:49', '');
INSERT INTO `sys_user` VALUES ('6', '114', 'test2', 'test2', '', '00', '1111111111@qq.com', '18888888888', '0', '', 'fd8c6a52fd8b0d6784ac69c74e238bd6', '2d3ad1', '0', '0', '127.0.0.1', '2021-07-04 22:19:59', null, 'system', '2019-08-15 20:36:37', 'system', '2021-07-04 22:19:58', '');
INSERT INTO `sys_user` VALUES ('7', '113', 'test3', 'test3', '', '00', '1111111111@qq.com', '18888888888', '0', '', '1c0a087f5935f868eddc72912d78c991', 'ab88e8', '0', '0', '127.0.0.1', '2021-07-04 21:54:13', null, 'system', '2019-08-15 21:54:56', 'system', '2021-07-04 21:54:13', '');
INSERT INTO `sys_user` VALUES ('8', '109', 'test4', 'test4', '', '00', '1111111111@qq.com', '18888888888', '1', '', '396fdd90d8dbc1fe1aed1a3b3385be4c', '38e343', '0', '0', '127.0.0.1', '2021-07-04 21:15:24', null, 'system', '2019-08-15 21:56:36', 'system', '2021-07-04 21:15:24', '');
INSERT INTO `sys_user` VALUES ('9', '108', 'test5', 'test5', '', '00', '1111111111@qq.com', '18888888888', '0', '', '9ae5442aca166c99c735f70e715f66e6', '723b27', '0', '0', '127.0.0.1', '2021-07-04 21:15:38', null, 'system', '2019-08-15 21:57:17', '', '2021-07-04 21:15:37', null);
INSERT INTO `sys_user` VALUES ('14', '114', 'dlsdys', '淡蓝色的忧伤', '', '00', '1111111111@qq.com', '18888888888', '0', '', 'aaf811dccbe790d8af9a7c9177ed346d', 'ee0c10', '0', '0', '127.0.0.1', '2021-07-04 22:17:14', null, 'system', '2019-10-13 16:00:45', 'system', '2021-07-04 22:17:14', '');
INSERT INTO `sys_user` VALUES ('18', null, 'test', '', '', '01', '', '', '0', '', '7ea9465c9f534ab0ffbb71148db00315', 'a285a5', '0', '0', '127.0.0.1', '2020-06-25 00:31:03', null, '', '2020-06-25 00:23:41', '', '2020-06-25 00:31:02', '');

-- ----------------------------
-- Table structure for sys_user_online
-- ----------------------------
DROP TABLE IF EXISTS `sys_user_online`;
CREATE TABLE `sys_user_online` (
  `sessionId` varchar(50) NOT NULL DEFAULT '' COMMENT '用户会话id',
  `login_name` varchar(50) DEFAULT '' COMMENT '登录账号',
  `dept_name` varchar(50) DEFAULT '' COMMENT '部门名称',
  `ipaddr` varchar(128) DEFAULT '' COMMENT '登录IP地址',
  `login_location` varchar(255) DEFAULT '' COMMENT '登录地点',
  `browser` varchar(50) DEFAULT '' COMMENT '浏览器类型',
  `os` varchar(50) DEFAULT '' COMMENT '操作系统',
  `status` varchar(10) DEFAULT '' COMMENT '在线状态on_line在线off_line离线',
  `start_timestamp` datetime DEFAULT NULL COMMENT 'session创建时间',
  `last_access_time` datetime DEFAULT NULL COMMENT 'session最后访问时间',
  `expire_time` int(5) DEFAULT '0' COMMENT '超时时间，单位为分钟',
  PRIMARY KEY (`sessionId`)
) ENGINE=InnoDB DEFAULT CHARSET=utf8mb4 COMMENT='在线用户记录';

-- ----------------------------
-- Table structure for sys_user_post
-- ----------------------------
DROP TABLE IF EXISTS `sys_user_post`;
CREATE TABLE `sys_user_post` (
  `user_id` bigint(20) NOT NULL COMMENT '用户ID',
  `post_id` bigint(20) NOT NULL COMMENT '岗位ID',
  PRIMARY KEY (`user_id`,`post_id`)
) ENGINE=InnoDB DEFAULT CHARSET=utf8mb4 COMMENT='用户与岗位关联表';

-- ----------------------------
-- Records of sys_user_post
-- ----------------------------
INSERT INTO `sys_user_post` VALUES ('1', '5');
INSERT INTO `sys_user_post` VALUES ('3', '5');
INSERT INTO `sys_user_post` VALUES ('4', '6');
INSERT INTO `sys_user_post` VALUES ('6', '4');
INSERT INTO `sys_user_post` VALUES ('7', '4');
INSERT INTO `sys_user_post` VALUES ('8', '4');
INSERT INTO `sys_user_post` VALUES ('9', '4');
INSERT INTO `sys_user_post` VALUES ('14', '4');

-- ----------------------------
-- Table structure for sys_user_role
-- ----------------------------
DROP TABLE IF EXISTS `sys_user_role`;
CREATE TABLE `sys_user_role` (
  `user_id` bigint(20) NOT NULL COMMENT '用户ID',
  `role_id` bigint(20) NOT NULL COMMENT '角色ID',
  PRIMARY KEY (`user_id`,`role_id`)
) ENGINE=InnoDB DEFAULT CHARSET=utf8mb4 COMMENT='用户和角色关联表';

-- ----------------------------
-- Records of sys_user_role
-- ----------------------------
INSERT INTO `sys_user_role` VALUES ('1', '1');
INSERT INTO `sys_user_role` VALUES ('2', '2');
INSERT INTO `sys_user_role` VALUES ('3', '2');
INSERT INTO `sys_user_role` VALUES ('4', '3');
INSERT INTO `sys_user_role` VALUES ('4', '6');
INSERT INTO `sys_user_role` VALUES ('5', '3');
INSERT INTO `sys_user_role` VALUES ('6', '3');
INSERT INTO `sys_user_role` VALUES ('7', '3');
INSERT INTO `sys_user_role` VALUES ('7', '4');
INSERT INTO `sys_user_role` VALUES ('8', '3');
INSERT INTO `sys_user_role` VALUES ('9', '3');
INSERT INTO `sys_user_role` VALUES ('14', '5');

-- ----------------------------
-- Table structure for t_user
-- ----------------------------
DROP TABLE IF EXISTS `t_user`;
CREATE TABLE `t_user` (
  `user_id` bigint(20) NOT NULL AUTO_INCREMENT COMMENT '用户ID',
  `dept_id` bigint(20) DEFAULT NULL COMMENT '部门ID',
  `login_name` varchar(30) DEFAULT '' COMMENT '登录账号',
  `user_name` varchar(30) DEFAULT '' COMMENT '用户昵称',
  `id_card` varchar(18) DEFAULT NULL COMMENT '身份证号码',
  `user_type` varchar(2) DEFAULT '00' COMMENT '用户类型（00系统用户 01注册用户）',
  `email` varchar(50) DEFAULT '' COMMENT '用户邮箱',
  `phonenumber` varchar(11) DEFAULT '' COMMENT '手机号码',
  `sex` char(1) DEFAULT '0' COMMENT '用户性别（0男 1女 2未知）',
  `avatar` varchar(100) DEFAULT '' COMMENT '头像路径',
  `password` varchar(50) DEFAULT '' COMMENT '密码',
  `salt` varchar(20) DEFAULT '' COMMENT '盐加密',
  `status` char(1) DEFAULT '0' COMMENT '帐号状态（0正常 1停用）',
  `del_flag` char(1) DEFAULT '0' COMMENT '删除标志（0代表存在 2代表删除）',
  `login_ip` varchar(128) DEFAULT '' COMMENT '最后登陆IP',
  `login_date` datetime DEFAULT NULL COMMENT '最后登陆时间',
  `pwd_update_date` datetime DEFAULT NULL COMMENT '密码最后更新时间',
  `create_by` varchar(64) DEFAULT '' COMMENT '创建者',
  `create_time` datetime DEFAULT NULL COMMENT '创建时间',
  `update_by` varchar(64) DEFAULT '' COMMENT '更新者',
  `update_time` datetime DEFAULT NULL COMMENT '更新时间',
  `remark` varchar(500) DEFAULT '' COMMENT '备注',
  PRIMARY KEY (`user_id`)
) ENGINE=InnoDB DEFAULT CHARSET=utf8mb4 COMMENT='用户信息表';

-- ----------------------------
-- Records of t_user
-- ----------------------------
